"pitches","player_id","player_name","total_pitches","pitch_percent","ba","iso","babip","slg","woba","xwoba","xba","hits","abs","launch_speed","launch_angle","spin_rate","velocity","effective_speed","whiffs","swings","takes","eff_min_vel","release_extension","pos3_int_start_distance","pos4_int_start_distance","pos5_int_start_distance","pos6_int_start_distance","pos7_int_start_distance","pos8_int_start_distance","pos9_int_start_distance","pitcher_run_exp","run_exp","bat_speed","swing_length","miss_distance","pa","bip","singles","doubles","triples","hrs","so","k_percent","bb","bb_percent","api_break_z_with_gravity","api_break_z_induced","api_break_x_arm","api_break_x_batter_in","hyper_speed","bbdist","hardhit_percent","barrels_per_bbe_percent","barrels_per_pa_percent","release_pos_z","release_pos_x","plate_x","plate_z","obp","barrels_total","batter_run_value_per_100","xobp","xslg","pitcher_run_value_per_100","xbadiff","xobpdiff","xslgdiff","wobadiff","swing_miss_percent","arm_angle","attack_angle","attack_direction","swing_path_tilt","rate_ideal_attack_angle","intercept_ball_minus_batter_pos_x_inches","intercept_ball_minus_batter_pos_y_inches"
2257,645261,"Alcantara, Sandy",2257,100,0.249,0.134,0.283,0.383,0.302,0.301,0.253,143,575,87.6,11.2,2253,92.4,91.87,253,1157,1100,-0.5,6.04,112,149,112,148,300,326,299,"11.539","-11.539","69.9","7.2","2.275381746",625,464,102,22,2,17,115,18.4,39,6.2,2.17205,0.53311,0.72993,-0.23043,"91.6",152,35.791757049891544,5.639913232104121,4.16,5.92,-1.91,-0.14,2.24,0.303,26,"-0.511253877",0.307,0.375,"0.511253877",-0.004,-0.0040000000000000036,0.008,0.001,21.9,"33.5",8.278750129933787,0.09759765321061684,33.04959332382159,0.4911816578483245,37.20296100113241,28.911934903499212
2103,650911,"Sánchez, Cristopher",2103,100,0.256,0.112,0.338,0.368,0.293,0.285,0.239,139,544,89.2,2.5,2082,90.3,91.27,352,1081,1022,1,6.92,108,151,117,146,294,322,291,"14.469","-14.469","70.6","7.5","3.835348096",578,389,102,25,0,12,157,27.2,28,4.8,2.75002,0.07007,1.15772,-0.69761,"92.4",119,42.9305912596401,7.969151670951156,5.3633217993079585,6.04,1.95,0.05,1.9,0.296,31,"-0.688017118",0.281,0.369,"0.688017118",0.017,0.014999999999999958,-0.001,0.008,32.6,"31.0",12.063713872803254,-5.717283904350682,34.77446054840488,0.4825636192271442,37.8490333193305,32.13902379418097
2093,642547,"Peralta, Freddy",2094,100,0.264,0.185,0.315,0.448,0.344,0.303,0.235,120,455,87.1,15.5,2304,89.2,89.32,262,977,1116,0.09999999999999432,6.46,111,148,117,150,298,322,298,"-10.468","10.468","70.1","7.2","2.808567005",512,346,71,31,1,17,113,22.1,48,9.4,2.13626,0.78714,0.49311,-0.22254,"91.3",159,38.15028901734104,5.202312138728324,3.515625,5.21,-3.37,-0.22,2.27,0.339,18,"0.500143335",0.315,0.363,"-0.500143335",0.029,0.02400000000000002,0.085,0.041,26.8,"33.0",9.233425863806609,-1.5579083133120002,32.29993626686704,0.4871001031991744,37.77476693997849,30.989289160066832
2079,668909,"Williams, Gavin",2079,100,0.215,0.176,0.28,0.391,0.292,0.309,0.234,105,489,90.2,10.1,2273,91,91.84,318,1029,1050,0.7999999999999972,6.93,113,149,120,149,304,327,300,"4.918","-4.918","68.9","7.2","3.685413671",532,323,62,21,1,21,168,31.6,38,7.1,2.58267,0.22399,0.04564,0.02365,"92.1",156,48.297213622291025,11.455108359133128,6.954887218045112,5.88,-2.8,0.23,2.35,0.275,37,"-0.236556037",0.293,0.416,"0.236556037",-0.019,-0.01799999999999996,-0.025,-0.017,30.9,"32.0",8.643904996364526,0.3154679892589486,31.686641144689123,0.4563008130081301,37.109238013836574,29.07564171939827
2050,671737,"Bradley, Taj",2051,100,0.216,0.16,0.27,0.376,0.297,0.303,0.223,97,450,90.7,15.8,2172,92.8,93.09,257,967,1083,0.29999999999999716,6.46,112,148,117,149,295,325,294,"3.541","-3.541","70.1","7.2","2.977960232",504,314,59,21,0,17,139,27.6,49,9.7,1.86202,0.80777,0.26707,-0.16594,"91.8",167,45.54140127388535,9.872611464968154,6.15079365079365,6.15,-1.17,0,2.27,0.294,31,"-0.172731707",0.303,0.377,"0.172731707",-0.007,-0.009000000000000008,-0.001,-0.006,26.6,"56.3",8.882996648957045,-0.5444244512585312,31.75101956273715,0.5,37.199256664969575,29.240461783092876
2049,672282,"Detmers, Reid",2051,99.9,0.214,0.149,0.272,0.364,0.281,0.286,0.22,99,462,89.6,17.9,2236,88.1,87.92,292,1007,1042,-0.19999999999998863,6.34,110,151,117,149,306,328,299,"11.439","-11.439","69.7","7.3","3.236893961",513,325,62,20,2,15,145,28.3,38,7.4,2.51022,0.51221,0.2683,-0.1733,"91.6",163,38.15384615384615,8,5.0682261208577,6.02,1.84,-0.08,2.31,0.276,26,"-0.558272328",0.283,0.364,"0.558272328",-0.006,-0.006999999999999951,0,-0.005,29,"41.3",9.326102537785992,-2.0674386728915253,31.59439972840384,0.4887295081967213,36.66838127616542,30.17152165506682
2046,592332,"Gausman, Kevin",2048,99.9,0.253,0.149,0.31,0.402,0.308,0.307,0.247,119,470,87.1,14.9,2008,89.2,89.75,278,1028,1018,0.5999999999999943,6.71,111,148,117,150,290,321,294,"5.469","-5.469","69.9","7.3","3.718270395",515,356,82,19,3,15,123,23.9,35,6.8,1.99812,0.9072,0.90061,-0.22483,"91.7",165,38.87323943661972,7.887323943661972,5.436893203883495,5.77,-2.44,-0.15,1.95,0.305,28,"-0.267302053",0.3,0.402,"0.267302053",0.006,0.0050000000000000044,0,0.001,27,"37.3",9.458469779307151,-3.1450619176128582,33.92938644534464,0.36773547094188375,36.582534308387054,30.495196677534267
2042,667755,"Soriano, José",2047,99.8,0.217,0.103,0.276,0.321,0.287,0.321,0.242,97,446,88.2,6.6,2060,92.6,93.33,296,942,1100,0.7000000000000028,6.78,111,149,115,150,303,329,301,"15.187","-15.187","70.1","7.4","4.309016768",511,323,75,10,0,12,127,24.9,57,11.2,2.46505,0.2238,0.47592,-0.18791,"91.8",133,37.69470404984423,8.09968847352025,5.088062622309197,5.75,-2.34,-0.03,1.93,0.311,26,"-0.743731636",0.334,0.384,"0.743731636",-0.025,-0.02300000000000002,-0.063,-0.034,31.4,"34.2",10.536550234828411,-2.296656932715207,33.959230308055666,0.5482123510292525,37.7565956966552,31.18011441063822
2037,671096,"Abbott, Andrew",2037,100,0.243,0.153,0.269,0.396,0.317,0.334,0.258,108,444,88.6,15.5,2448,87.4,87.68,217,947,1090,0.29999999999999716,6.51,108,150,114,148,296,321,288,"-1.392","1.392","70.0","7.2","4.345217614",505,355,75,15,1,17,94,18.6,54,10.7,2.33023,0.69361,0.13356,-0.29931,"91.7",171,39.884393063583815,7.514450867052023,5.148514851485149,6.03,2.47,0.16,2.16,0.322,26,"0.068335788",0.337,0.423,"-0.068335788",-0.015,-0.015000000000000013,-0.027,-0.017,22.9,"51.2",9.324789810053382,0.9627490531729602,32.47217630803158,0.47413793103448276,38.44592468672662,29.978682653198735
2031,666200,"Luzardo, Jesús",2031,100,0.229,0.115,0.314,0.344,0.287,0.263,0.204,105,459,86.1,6.6,2199,90.7,89.43,298,938,1093,-1.2999999999999972,5.67,108,149,117,146,292,322,292,"16.771","-16.771","69.2","7.3","4.494866537",509,311,75,18,1,11,152,29.9,38,7.5,2.43151,0.38686,0.49306,-0.32807,"91.1",135,31.3915857605178,5.501618122977346,3.3398821218074657,5.71,2.54,-0.18,2.07,0.297,17,"-0.825750862",0.277,0.3,"0.825750862",0.025,0.019999999999999962,0.044,0.024,31.8,"30.3",10.199473028995035,-4.152996568870709,33.10712810498419,0.43681917211328974,36.55507960411299,31.48961272569392
2030,650633,"King, Michael",2030,100,0.215,0.122,0.254,0.336,0.29,0.329,0.245,97,452,86.4,13.9,2278,88.7,88,242,936,1094,-0.7000000000000028,5.93,116,148,118,151,299,325,301,"14.052","-14.052","70.5","7.4","2.796507533",515,346,69,14,1,13,109,21.2,50,9.7,2.42882,0.50988,0.68889,-0.34006,"91.3",157,33.14121037463977,8.645533141210375,5.825242718446602,5.4,-3.19,-0.13,2.32,0.305,30,"-0.692216749",0.332,0.411,"0.692216749",-0.03,-0.027000000000000024,-0.075,-0.039,25.9,"24.6",11.10554522403709,-2.5312201428750156,32.807369256047465,0.4848837209302326,38.638063569506095,31.786944184121072
2017,693645,"Schlittler, Cam",2020,99.9,0.2,0.125,0.268,0.326,0.252,0.267,0.215,96,479,87.3,12.7,2488,95.9,96.83,299,1076,941,0.8999999999999915,6.79,114,148,119,151,288,325,292,"21.723","-21.723","69.4","6.7","1.403288254",515,327,62,20,2,12,157,30.5,25,4.9,1.51339,0.9751,0.25327,0.01694,"91.1",168,39.329268292682926,7.926829268292683,5.048543689320388,6.15,-1.62,-0.03,2.75,0.246,26,"-1.076995538",0.261,0.347,"1.076995538",-0.015,-0.015000000000000013,-0.021,-0.015,27.8,"43.8",4.703739152803257,7.060121913362629,29.221900544452968,0.467984934086629,35.9684719935133,24.291262625739652
2015,669358,"Baz, Shane",2024,99.6,0.267,0.147,0.32,0.415,0.322,0.32,0.259,125,468,90.3,13,2415,90.6,91.06,216,979,1036,0.5,6.54,111,149,115,148,295,323,300,"-2.821","2.821","69.9","7.1","3.03848059",526,372,76,38,2,9,107,20.3,44,8.4,2.3849,0.41237,0.25401,-0.11099,"91.7",160,41.77897574123989,7.008086253369273,4.942965779467681,5.77,-1.25,0.19,2.3,0.327,26,"0.14",0.325,0.405,"-0.14",0.008,0.0020000000000000018,0.01,0.002,22.1,"37.4",7.465829405508025,0.3977909197001511,31.296925409001695,0.4869927159209157,36.15646222534786,29.446075921044205
2015,694973,"Skenes, Paul",2015,100,0.223,0.134,0.305,0.357,0.28,0.262,0.207,100,448,87.2,15.3,2106,92.5,93.33,296,1038,977,0.7999999999999972,6.75,113,147,114,149,302,324,297,"15.278","-15.278","68.9","7.1","2.205624416",490,304,63,25,1,11,149,30.4,28,5.7,2.00977,0.68076,0.72726,-0.3247,"91.1",160,37.704918032786885,6.557377049180328,4.081632653061225,5.59,-2.39,-0.08,2.36,0.279,20,"-0.7582134",0.265,0.322,"0.7582134",0.016,0.014000000000000012,0.035,0.018,28.5,"25.6",8.79982849936586,-0.41329785155105725,31.960726173415395,0.4823529411764706,36.59645145749958,29.489257408674895
2008,694738,"Roupp, Landen",2009,100,0.227,0.124,0.291,0.351,0.297,0.29,0.228,95,419,84.8,7.6,2327,87.2,87.09,216,873,1135,-0.10000000000000853,6.25,113,149,115,148,295,323,298,"9.683","-9.683","68.9","7.2","3.102598144",475,309,61,24,2,8,114,24,48,10.1,3.08747,-0.02353,0.36397,-0.23331,"90.9",132,29.545454545454547,4.220779220779221,2.736842105263158,5.31,-1.45,0.01,2.1,0.311,13,"-0.482221116",0.312,0.329,"0.482221116",-0.001,-0.0010000000000000009,0.022,0.007,24.7,"23.6",10.028608831727029,-4.760868392268926,33.89964919938933,0.4752941176470588,36.809823367028606,32.72157781300755
1978,690997,"McLean, Nolan",1979,99.9,0.206,0.126,0.277,0.333,0.284,0.291,0.218,90,436,87.1,8.3,2493,91,90.81,223,866,1112,-0.20000000000000284,6.37,111,149,120,150,300,323,297,"10.011","-10.011","69.3","7.0","2.219442139",496,298,57,22,0,11,142,28.6,43,8.7,2.56496,0.24491,0.29631,0.01628,"91.3",146,35.47297297297297,6.756756756756757,4.032258064516129,5.3,-3.84,-0.08,2.4,0.296,20,"-0.50611729",0.307,0.337,"0.50611729",-0.012,-0.01100000000000001,-0.004,-0.007,25.8,"31.1",6.653669095376072,2.83316985341526,33.02579198049575,0.4501758499413834,36.37645151332248,27.46775935445864
1976,656492,"Griffin, Foster",1978,99.9,0.217,0.148,0.251,0.365,0.282,0.306,0.246,100,460,87,11.9,2161,85.8,85.72,238,963,1013,-0.09999999999999432,6.22,108,150,119,149,306,327,299,"12.78","-12.78","70.3","7.2","3.132364669",499,350,66,17,0,17,113,22.6,28,5.6,2.68679,0.44543,-0.10395,-0.04988,"91.7",156,36.96275071633238,9.169054441260744,6.4128256513026045,5.84,2.73,0.13,2.2,0.274,32,"-0.646761134",0.3,0.401,"0.646761134",-0.029,-0.025999999999999968,-0.036,-0.024,24.7,"45.1",8.004311761743196,0.9866262791137527,32.82965840254632,0.47157894736842104,36.38163967296107,30.304190777059627
1975,592662,"Ray, Robbie",1976,99.9,0.228,0.148,0.259,0.376,0.306,0.327,0.238,97,426,88.1,18.5,2153,88.6,88.55,235,945,1030,0,6.19,109,151,120,148,297,322,297,"9.364","-9.364","70.2","7.3","3.369389185",490,333,65,16,1,15,101,20.6,56,11.4,2.07097,0.85193,0.50595,-0.37584,"91.4",172,37.46223564954683,8.761329305135952,5.918367346938775,6.11,2.72,-0.05,2.29,0.314,29,"-0.474126582",0.326,0.415,"0.474126582",-0.01,-0.01200000000000001,-0.039,-0.021,24.9,"44.3",9.369091316861747,-1.6974357211462152,31.76711884284902,0.4703344120819849,37.591688348542675,30.51846537209167
1975,605400,"Nola, Aaron",1984,99.5,0.279,0.237,0.318,0.515,0.363,0.321,0.249,126,452,87.9,13.8,2296,85.8,86.76,247,908,1067,1,6.89,112,148,116,148,292,323,296,"-21.143","21.143","70.6","7.4","3.382624122",498,342,74,23,3,26,116,23.3,39,7.8,2.93853,0.20781,0.30226,-0.10463,"92.2",151,41.228070175438596,10.23391812865497,7.028112449799197,4.98,-1.87,0.08,2.02,0.335,35,"1.070531646",0.31,0.432,"-1.070531646",0.03,0.025000000000000022,0.083,0.042,27.2,"19.8",13.518480020725281,-8.353439835515973,33.499872146452994,0.4972067039106145,37.555709867794455,35.441527783591596
1973,669022,"Gore, MacKenzie",1974,99.9,0.241,0.16,0.304,0.401,0.315,0.308,0.239,107,444,89.1,15.5,2171,90.3,91.09,250,976,997,0.7999999999999972,6.85,109,150,115,148,302,327,300,"6.118","-6.118","70.4","7.1","2.799078035",498,322,67,23,3,14,127,25.5,44,8.8,2.1915,0.64845,0.32695,-0.21092,"91.8",166,43.47826086956522,8.695652173913043,5.622489959839357,5.64,1.76,-0.03,2.34,0.315,28,"-0.310086163",0.313,0.382,"0.310086163",0.002,0.0020000000000000018,0.019,0.007,25.6,"47.7",7.547828681333623,1.4467450903984722,31.979240608729537,0.48089171974522293,36.32013120012373,28.578861801848053
1971,669302,"Gilbert, Logan",1975,99.8,0.213,0.163,0.263,0.376,0.278,0.296,0.236,98,460,89.6,17.6,1936,89.4,91.38,302,1010,961,2,7.49,114,147,113,147,292,320,297,"19.37","-19.37","69.8","7.3","3.309292083",496,331,53,30,0,15,133,26.8,27,5.4,2.3448,0.55167,0.20003,-0.16208,"91.7",164,41.99395770392749,9.969788519637463,6.653225806451612,6.01,-1.05,-0.04,2.04,0.263,33,"-0.982749873",0.285,0.394,"0.982749873",-0.023,-0.021999999999999964,-0.018,-0.018,29.9,"43.3",10.331137278109104,-5.651490478920054,32.02100718965456,0.5202839756592292,36.66020294352428,33.24672819058728
1970,608379,"Wacha, Michael",1972,99.9,0.238,0.169,0.271,0.407,0.308,0.318,0.253,117,491,87.2,15.1,1996,87.1,87.74,200,950,1020,0.6000000000000085,6.72,114,149,120,150,292,323,292,"5.751","-5.751","69.6","7.1","2.598565427",538,391,70,27,4,16,104,19.3,38,7.1,2.23919,0.82245,0.3862,-0.12908,"91.5",167,36.31713554987212,6.649616368286446,4.83271375464684,6.58,-2,-0.04,2.36,0.299,26,"-0.291928934",0.312,0.418,"0.291928934",-0.015,-0.013000000000000012,-0.011,-0.01,21.1,"53.2",9.429291513672435,-0.025641270883129452,31.769377426644038,0.48636859323882226,36.345343922530674,30.23134655901322
1967,607625,"Lugo, Seth",1968,99.9,0.274,0.179,0.314,0.453,0.343,0.353,0.277,129,470,89.6,13.7,2515,85.6,84.88,169,909,1058,-0.6999999999999886,5.82,114,148,119,150,291,323,291,"-13.232","13.232","70.4","7.2","2.292748953",523,381,80,29,5,15,96,18.4,40,7.6,2.82197,0.35367,0.06126,-0.09642,"92.1",158,45.11873350923483,9.234828496042216,6.692160611854685,5.51,-1.98,-0.03,2.3,0.337,35,"0.672699542",0.34,0.474,"-0.672699542",-0.003,-0.0030000000000000027,-0.021,-0.01,18.6,"29.3",9.597782932067709,-0.9515817831877945,32.39778401448963,0.5331833520809899,37.22825703600006,30.744807046823908
1965,676917,"Cavalli, Cade",1967,99.9,0.256,0.107,0.334,0.362,0.307,0.31,0.247,115,450,89,7.4,2226,91.7,91.82,234,939,1026,0.09999999999999432,6.35,112,147,117,151,302,328,303,"1.591","-1.591","69.5","7.1","3.303485753",503,325,87,18,0,10,130,25.8,36,7.2,2.4826,0.25702,0.14055,-0.11181,"91.6",149,41.17647058823529,6.811145510835913,4.3737574552683895,5.99,-1.99,0.13,2.18,0.325,22,"-0.080966921",0.32,0.376,"0.080966921",0.009,0.0050000000000000044,-0.014,-0.003,24.9,"36.2",7.773445034532705,1.082779426845475,32.465256403375804,0.49405405405405406,36.68246716006078,29.048144998939925
1958,680694,"Bradish, Kyle",1959,99.9,0.247,0.143,0.302,0.389,0.315,0.309,0.234,109,442,87.8,9.2,2439,90.4,90.39,216,876,1082,0,6.34,112,150,115,149,295,324,299,"5.624","-5.624","69.2","7.3","4.949478034",501,333,73,21,3,12,114,22.8,52,10.4,2.50615,0.31237,-0.12767,0.01791,"91.9",147,38.53211009174312,8.256880733944955,5.389221556886228,6.26,-1.29,0.13,2.07,0.325,27,"-0.287231869",0.318,0.375,"0.287231869",0.013,0.007000000000000006,0.014,0.006,24.7,"53.0",8.741859252713237,-0.9199556782176559,32.41329177430244,0.5181286549707602,37.313548546786855,29.77344694097031
1953,676440,"Bibee, Tanner",1953,100,0.239,0.168,0.258,0.406,0.306,0.326,0.261,111,465,89,16,2299,87.8,88.25,219,913,1040,0.5,6.63,112,150,122,149,300,327,295,"7.354","-7.354","69.9","7.3","3.312398007",510,374,74,16,1,20,97,19,37,7.3,2.35532,0.65466,0.19965,-0.02532,"92.2",159,40.32258064516129,8.60215053763441,6.2745098039215685,6.29,-2.29,0.1,2.36,0.295,32,"-0.376548899",0.317,0.432,"0.376548899",-0.022,-0.02200000000000002,-0.026,-0.02,24,"55.2",11.273185013292451,-3.740255334173228,31.102018201625988,0.509009009009009,37.19085547520529,32.70132868855398
1953,593958,"Rodriguez, Eduardo",1954,99.9,0.236,0.151,0.265,0.386,0.304,0.341,0.265,108,458,87.4,12.9,2174,88.3,88.54,179,903,1050,0.20000000000000284,6.4,109,149,116,149,303,325,293,"12.108","-12.108","70.2","7.1","1.882047706",505,375,68,24,3,13,86,17,44,8.7,2.179,0.76424,0.57828,-0.34478,"91.6",165,36.266666666666666,9.333333333333334,6.9306930693069315,5.98,1.27,0.06,2.28,0.303,35,"-0.619969278",0.329,0.457,"0.619969278",-0.029,-0.026000000000000023,-0.071,-0.037,19.8,"43.4",7.028761632228718,2.8963791830022143,32.79591784649685,0.4948921679909194,37.097205493460265,27.859054928041378
1939,656302,"Cease, Dylan",1940,99.9,0.186,0.084,0.294,0.27,0.253,0.26,0.191,75,404,85.5,12.7,2491,91.2,91.43,318,903,1036,0.20000000000000284,6.43,112,148,117,150,288,319,290,"25.048","-25.048","68.4","7.2","3.448986213",457,239,55,13,0,7,167,36.5,48,10.5,2.02494,0.75554,0.17945,-0.11457,"90.9",155,32.48945147679325,5.063291139240507,2.62582056892779,6.15,-1.62,0.2,2.27,0.276,12,"-1.291799897",0.282,0.285,"1.291799897",-0.005,-0.00599999999999995,-0.015,-0.007,35.2,"53.0",8.776681797647372,-0.7034948432042297,31.968462825380744,0.4429223744292237,37.0507330669045,28.955165229982136
1934,547179,"Lorenzen, Michael",1934,100,0.331,0.196,0.369,0.527,0.393,0.36,0.294,149,450,90.5,11.2,2350,88.7,88.23,162,859,1075,-0.5,5.85,110,148,118,148,302,331,299,"-32.447","32.447","70.6","7.3","3.576749704",502,377,99,28,6,16,80,15.9,40,8,2.43442,0.47503,0.58772,-0.17192,"92.7",158,46.27659574468085,9.042553191489363,6.772908366533864,5.68,-1.87,0.01,2.18,0.387,34,"1.677714581",0.356,0.473,"-1.677714581",0.037,0.031000000000000028,0.054,0.033,18.9,"39.3",10.186246633670626,-1.6718021967656522,32.49205843013669,0.465311004784689,37.42663170369833,30.841108369850257
1917,800048,"Messick, Parker",1923,99.7,0.208,0.132,0.257,0.34,0.266,0.276,0.227,94,453,85.9,13.9,2089,89.7,89.93,236,925,992,0.20000000000000284,6.46,110,151,118,148,299,323,297,"24.775","-24.775","70.2","7.2","2.50956997",496,337,60,19,4,11,122,24.6,36,7.3,2.1526,0.71754,0.47358,-0.27763,"91.3",154,32.34421364985163,5.044510385756676,3.4274193548387095,5.44,1.04,0.02,2.24,0.266,17,"-1.292383933",0.285,0.338,"1.292383933",-0.019,-0.01899999999999996,0.002,-0.01,25.5,"42.2",7.592593177293652,1.9011137314098874,31.60082299356779,0.4764044943820225,37.00761850245406,28.710492534758163
1908,680732,"Burke, Sean",1909,99.9,0.223,0.147,0.286,0.37,0.293,0.288,0.223,97,435,87.9,16.5,2504,89.7,90.56,234,930,978,0.8999999999999915,6.81,113,149,117,148,297,328,298,"12.11","-12.11","69.2","7.0","2.925415226",482,309,62,19,3,13,130,27,35,7.3,2.22094,0.6585,0.14557,-0.05017,"91.4",171,34.95145631067961,7.119741100323624,4.564315352697095,6.21,-2.17,-0.07,2.5,0.292,22,"-0.634696017",0.292,0.357,"0.634696017",0,0,0.013,0.005,25.2,"40.8",8.599736797355927,1.0577791307047977,31.06521127802763,0.5049180327868853,35.99274568891869,28.360522978832094
1897,657746,"Ryan, Joe",1899,99.9,0.23,0.164,0.288,0.394,0.293,0.29,0.221,101,439,89.2,19.2,2386,88.8,89.5,249,952,945,0.7000000000000028,6.86,113,148,116,148,295,323,291,"10.54","-10.54","70.4","7.2","2.640930883",472,311,61,24,0,16,131,27.8,25,5.3,2.38774,0.56362,0.50508,-0.19441,"91.7",163,42.12218649517685,11.254019292604502,7.415254237288135,4.73,-2.57,0.21,2.35,0.278,35,"-0.555614128",0.271,0.39,"0.555614128",0.009,0.007000000000000006,0.004,0.003,26.2,"23.6",9.375594803675344,-1.9852806875292675,31.367539223384792,0.5080385852090032,36.43547487475148,31.500827908949635
1894,641743,"Kay, Anthony",1894,100,0.253,0.164,0.287,0.417,0.339,0.346,0.263,100,396,87.7,12.2,2271,90.1,89.35,207,874,1020,-0.6999999999999886,5.88,105,150,117,145,296,325,292,"-8.511","8.511","70.2","7.3","2.865167075",467,319,66,17,3,14,87,18.6,41,8.8,2.40492,0.44271,0.26601,-0.19612,"92.1",145,40,8.88888888888889,5.995717344753747,5.77,2.3,-0.12,2.14,0.348,28,"0.44936642",0.362,0.409,"-0.44936642",-0.01,-0.014000000000000012,0.008,-0.007,23.7,"35.4",10.44001881767552,-2.9360560380995353,32.38536916789931,0.5464159811985899,35.1316591671324,30.543870461587204
1888,676282,"Cantillo, Joey",1890,99.9,0.257,0.156,0.325,0.413,0.334,0.305,0.229,107,416,86.8,10.1,2010,85,86.14,259,855,1033,1.0999999999999943,7.14,108,151,118,146,302,327,294,"-8.675","8.675","69.6","7.4","4.190746705",475,304,70,22,2,13,116,24.4,53,11.2,2.82637,0.38573,0.14297,-0.12236,"91.6",136,37.29372937293729,7.2607260726072615,4.631578947368421,5.92,0.7,0.02,2.1,0.342,22,"0.459480932",0.318,0.364,"-0.459480932",0.028,0.02400000000000002,0.049,0.029,30.3,"51.4",12.403342195408989,-8.05549419172734,31.315345728122733,0.4812121212121212,36.410853334515004,34.80619229010009
1884,684007,"Imanaga, Shota",1885,99.9,0.23,0.19,0.257,0.419,0.304,0.296,0.231,104,453,87.6,16.9,2037,86.6,86.49,278,969,915,-0.09999999999999432,6.23,108,151,117,150,302,326,298,"7.586","-7.586","70.5","7.5","4.032647236",487,342,63,18,1,22,113,23.2,29,6,2.26413,0.80972,0.5993,-0.52832,"91.5",158,35.67251461988304,9.35672514619883,6.570841889117044,5.48,1.62,-0.01,2.3,0.28,32,"-0.402653928",0.281,0.396,"0.402653928",-0.001,-0.0010000000000000009,0.023,0.008,28.7,"39.0",12.196226476481547,-5.705868833661995,32.128696853308426,0.4909670563230606,38.28500591739866,33.679493840783536
1868,677952,"Ashcraft, Braxton",1868,100,0.248,0.155,0.31,0.403,0.306,0.29,0.233,115,464,89.6,12.9,2480,92.4,92.5,259,982,886,0.09999999999999432,6.25,112,147,117,149,302,324,299,"5.545","-5.545","70.9","7.4","3.003448031",507,336,77,20,2,16,135,26.6,30,5.9,2.31206,0.37367,0.32921,-0.04774,"92.1",143,41.01796407185629,6.287425149700598,4.142011834319527,6.14,-0.89,0.14,2.15,0.298,21,"-0.296841542",0.288,0.366,"0.296841542",0.015,0.010000000000000009,0.037,0.016,26.4,"38.0",10.80074266277966,-4.507110475040802,32.68242730673539,0.5283797729618163,35.39369772886852,31.452640145980805
1860,808967,"Yamamoto, Yoshinobu",1866,99.7,0.19,0.123,0.226,0.313,0.245,0.278,0.226,85,448,86.9,7.9,2175,91,91.59,248,926,934,0.5999999999999943,6.58,114,151,120,151,294,319,297,"27.774","-27.774","70.1","7.2","2.681689319",481,332,57,14,1,13,118,24.5,28,5.8,2.3283,0.46732,0.41663,-0.02394,"91.6",139,34.33734939759036,6.325301204819277,4.365904365904366,5.41,-1.93,-0.03,2.12,0.241,21,"-1.493225806",0.275,0.357,"1.493225806",-0.036,-0.03400000000000003,-0.044,-0.033,26.8,"40.6",8.13676829514657,-1.186104542903326,33.52870788673055,0.5210643015521065,35.65073985101665,29.401368277200252
1857,695505,"Burns, Chase",1857,100,0.207,0.146,0.265,0.353,0.279,0.278,0.207,85,411,88.6,19.3,2632,94.5,94.52,289,913,944,0,6.34,113,149,115,149,292,322,291,"11.717","-11.717","69.9","7.3","4.073035098",455,285,53,17,2,13,128,28.1,41,9,1.62579,0.95047,0.1437,-0.11064,"91.4",172,37.410071942446045,8.633093525179856,5.274725274725275,6.48,-1.37,0.18,2.23,0.278,24,"-0.63096392",0.28,0.345,"0.63096392",0,-0.0020000000000000018,0.008,0.001,31.7,"52.8",10.65090768053688,-2.3834177808191788,31.997809473663683,0.5050055617352615,36.68535018930745,29.72117910966179
1850,607067,"Rea, Colin",1850,100,0.267,0.166,0.295,0.433,0.338,0.357,0.277,116,434,89.1,11.6,2048,89.5,90.28,174,867,983,0.7999999999999972,6.65,110,150,116,152,300,326,301,"-4.081","4.081","70.1","7.2","2.601958842",486,356,79,19,1,17,83,17.1,40,8.2,2.34155,0.5188,0.37141,-0.23809,"91.7",157,40.44943820224719,10.393258426966293,7.613168724279835,5.48,-1.56,0,2.25,0.337,37,"0.220594595",0.346,0.478,"-0.220594595",-0.01,-0.008999999999999952,-0.045,-0.019,20.1,"29.6",7.276731988222355,1.5392200711222703,32.59216607719152,0.48578199052132703,37.874359569830254,28.64946580102896
1843,702070,"Cameron, Noah",1845,99.9,0.27,0.171,0.319,0.441,0.333,0.34,0.271,115,426,88.5,14.1,2198,86.8,86.82,219,871,972,0,6.23,111,149,120,148,294,323,286,"-7.438","7.438","69.8","7.3","3.297874445",473,334,72,27,2,14,100,21.1,37,7.8,2.40893,0.6424,0.28416,-0.19155,"92.2",161,39.93993993993994,9.60960960960961,6.765327695560254,6.25,1.24,-0.06,2.37,0.328,32,"0.403581118",0.33,0.456,"-0.403581118",-0.001,-0.0020000000000000018,-0.015,-0.007,25.1,"52.1",10.362525454452543,-3.53062126807108,32.32901570919108,0.5017667844522968,35.86075159531292,31.187992270541887
1840,700241,"McGreevy, Michael",1840,100,0.252,0.167,0.272,0.42,0.31,0.361,0.29,110,436,89.6,10.1,2200,87,87.62,153,828,1012,0.5999999999999943,6.67,114,147,115,149,300,321,298,"3.231","-3.231","70.5","7.2","2.683910108",469,364,69,24,2,15,76,16.2,29,6.2,2.74876,0.29227,0.2864,-0.13246,"92.7",149,42.69972451790633,10.46831955922865,8.102345415778252,5.72,-2.07,-0.06,2.19,0.296,38,"-0.175597826",0.334,0.499,"0.175597826",-0.038,-0.038000000000000034,-0.079,-0.051,18.5,"33.2",8.531739478219446,0.8730760396609315,33.01929281015993,0.5068664169787765,36.963026332220885,29.665018343110464
1834,664285,"Valdez, Framber",1837,99.8,0.257,0.13,0.298,0.387,0.321,0.319,0.251,115,447,89.1,6.9,2281,88.3,87.46,183,868,966,-0.7999999999999972,5.8,110,150,115,147,299,326,293,"0.897","-0.897","70.1","7.3","3.037805212",503,358,83,18,2,12,92,18.3,41,8.2,3.04714,-0.06341,0.48794,-0.25867,"92.5",132,42.69662921348314,6.179775280898876,4.3737574552683895,5.93,0.77,-0.13,2.04,0.334,22,"-0.048909487",0.329,0.391,"0.048909487",0.006,0.0050000000000000044,-0.004,0.002,21.1,"42.2",9.70545207981232,-2.8178992215039025,33.476899872930694,0.4929411764705882,35.928129796624766,31.19097303188689
1827,543135,"Eovaldi, Nathan",1827,100,0.244,0.184,0.289,0.427,0.314,0.307,0.242,114,468,88.6,9.9,1888,87.4,88.13,295,960,867,0.6999999999999886,6.77,113,149,112,150,297,326,302,"4.609","-4.609","71.9","7.5","2.936001848",507,341,73,18,1,22,130,25.6,29,5.7,2.78901,0.25107,0.44283,0.0025,"92.2",141,40.17595307917888,8.504398826979472,5.719921104536489,5.71,-2.28,0.01,2.03,0.295,29,"-0.252271483",0.294,0.408,"0.252271483",0.002,0.0010000000000000009,0.019,0.007,30.7,"37.2",11.95410877354591,-5.170232339017809,33.46235987957107,0.488272921108742,36.35838469043305,33.17196976885568
1825,669467,"Pallante, Andre",1825,100,0.242,0.119,0.278,0.36,0.295,0.296,0.238,104,430,87.4,6.4,2295,89.7,90.28,173,820,1005,0.5999999999999943,6.58,113,148,113,149,299,320,295,"10.99","-10.99","69.3","6.9","3.243484731",469,348,74,19,1,10,83,17.7,32,6.8,2.56659,0.31246,0.01488,0.09279,"91.7",134,34.20289855072463,5.797101449275362,4.264392324093817,5.98,-1.68,0.12,2.23,0.303,20,"-0.602191781",0.3,0.368,"0.602191781",0.004,0.0030000000000000027,-0.008,-0.001,21.1,"57.3",6.0452855843983055,3.869201544981669,32.582086186148466,0.42661691542288555,35.30722424243585,28.062639770216233
1818,656605,"Keller, Mitch",1819,99.9,0.253,0.153,0.287,0.405,0.321,0.345,0.284,111,439,89.1,13.8,2394,88.7,89.32,178,869,949,0.5999999999999943,6.61,113,147,115,149,301,324,300,"-7.249","7.249","70.0","7.1","2.249816993",487,354,72,24,2,13,87,17.9,38,7.8,2.41329,0.51714,0.15081,-0.12205,"92.1",162,42.20963172804532,6.79886685552408,4.9281314168377826,5.69,-2.04,0.15,2.34,0.322,24,"0.398734873",0.351,0.438,"-0.398734873",-0.031,-0.02899999999999997,-0.033,-0.024,20.5,"35.4",7.70308926727827,1.2800366748776812,32.45061966826502,0.47058823529411764,35.43425088840765,28.93075051673803
1814,669923,"Kirby, George",1816,99.9,0.28,0.16,0.334,0.44,0.331,0.306,0.258,131,468,89.5,11.3,2266,92,92.41,212,946,868,0.4000000000000057,6.64,113,147,113,147,294,320,298,"-2.655","2.655","70.1","7.0","2.464681182",497,362,88,26,2,15,107,21.5,25,5,2.39265,0.33759,0.24035,0.08779,"92.0",156,41.988950276243095,7.458563535911603,5.432595573440644,5.74,-1.57,0.16,2.34,0.32,27,"0.146361632",0.3,0.401,"-0.146361632",0.022,0.020000000000000018,0.039,0.025,22.4,"33.5",7.002792981561578,2.5744922156452126,31.65708885013143,0.4778856526429342,36.141744252423784,27.908714845730017
1814,677960,"Weathers, Ryan",1814,100,0.255,0.165,0.318,0.42,0.317,0.326,0.257,107,419,89.4,9.9,2332,89.1,88.11,233,832,982,-1,5.79,107,149,123,149,294,324,285,"-5.849","5.849","70.6","7.4","3.678092976",456,301,74,14,2,17,122,26.8,30,6.6,2.42088,0.50408,0.49541,-0.36656,"92.1",155,42.474916387959865,9.698996655518394,6.359649122807018,5.46,2.73,0.05,2.04,0.308,29,"0.322436604",0.311,0.441,"-0.322436604",-0.002,-0.0030000000000000027,-0.021,-0.009,28,"33.2",10.644871006108437,-3.3736100399147997,33.35840512195708,0.47890818858560796,37.37026879897759,30.91085983180686
1808,694819,"Misiorowski, Jacob",1810,99.9,0.149,0.084,0.233,0.233,0.208,0.218,0.165,62,417,86.3,11.2,2556,97.7,99.92,355,923,885,2.200000000000003,7.52,115,150,120,151,299,324,300,"38.185","-38.185","69.1","6.8","2.305171227",456,234,47,5,0,10,185,40.6,28,6.1,1.53969,0.86628,0.49792,-0.1096,"90.6",162,34.18803418803419,2.9914529914529915,1.5350877192982455,5.23,-1.87,0.18,2.54,0.218,7,"-2.112002212",0.233,0.241,"2.112002212",-0.016,-0.015000000000000013,-0.008,-0.01,38.5,"29.8",3.175831683506273,6.744704095371538,30.96660490127086,0.3809001097694841,36.5133729813646,24.12029222409146
1807,696149,"Chandler, Bubba",1813,99.7,0.232,0.141,0.277,0.373,0.316,0.308,0.222,92,397,87.8,16.3,2352,94.7,95.37,200,870,937,0.7000000000000028,6.63,112,147,116,148,302,327,298,"-1.4","1.4","69.7","7.0","2.039337388",463,307,58,22,2,10,93,20.1,57,12.3,1.62831,0.93046,0.55897,-0.18519,"91.3",167,36.688311688311686,6.1688311688311686,4.103671706263499,5.68,-1.19,-0.06,2.55,0.334,19,"0.07747648",0.325,0.362,"-0.07747648",0.01,0.009000000000000008,0.011,0.008,23,"45.0",7.090950883736218,0.88868134455374,30.52484695859617,0.488862837045721,35.64150232670137,28.032721060208644
1792,594798,"deGrom, Jacob",1800,99.6,0.224,0.157,0.286,0.381,0.28,0.292,0.234,94,420,90.5,16.4,2437,93,93.6,315,936,856,0.5999999999999943,6.65,114,148,113,150,298,325,303,"14.994","-14.994","70.5","7.4","2.788375236",446,290,61,16,1,16,132,29.6,24,5.4,1.95525,0.70588,0.2517,-0.13961,"92.0",174,45.86206896551724,8.96551724137931,5.829596412556054,5.66,-1.51,0.16,2.1,0.265,26,"-0.83671875",0.275,0.401,"0.83671875",-0.01,-0.010000000000000009,-0.02,-0.012,33.7,"34.5",10.541352208127611,-1.4256778753858996,32.12139785500355,0.5027203482045702,38.59292746701456,30.01114061174066
1789,676974,"Meyer, Max",1791,99.9,0.207,0.132,0.263,0.339,0.281,0.304,0.227,85,410,89.3,14,2570,91,90.52,239,836,953,-0.5,6.05,112,149,113,148,302,326,299,"7.823","-7.823","69.8","7.3","3.20859921",462,293,55,17,2,11,121,26.2,41,8.9,2.49415,0.27338,0.19692,-0.04626,"92.1",141,42.2680412371134,8.59106529209622,5.411255411255411,5.85,-1.08,0.06,2.08,0.289,25,"-0.437283399",0.308,0.375,"0.437283399",-0.02,-0.019000000000000017,-0.036,-0.023,28.6,"41.9",9.612108953115303,-1.454402398471106,33.470699907261796,0.5374233128834356,35.510585737205005,30.029665348140863
1789,605488,"Springs, Jeffrey",1789,100,0.271,0.262,0.279,0.533,0.369,0.338,0.254,112,413,87.7,17.3,2013,85.9,86.02,198,838,951,0.09999999999999432,6.37,109,150,117,148,302,326,296,"-25.987","25.987","69.8","7.4","3.402938969",459,332,62,19,4,27,86,18.7,39,8.5,2.34002,0.79296,0.44584,-0.38417,"91.5",177,36.17021276595745,9.72644376899696,6.971677559912854,6.11,2.24,0.07,2.4,0.333,32,"1.452599217",0.321,0.457,"-1.452599217",0.017,0.01200000000000001,0.076,0.031,23.6,"47.0",10.995884140126503,-3.418836331387908,30.886951559197698,0.5230352303523035,38.6997798623059,32.29991787241619
1781,677944,"Cecconi, Slade",1787,99.7,0.287,0.171,0.32,0.458,0.346,0.334,0.27,123,428,88.1,12.6,2308,88.2,88.42,164,831,950,0.20000000000000284,6.52,112,150,119,149,301,326,302,"-8.553","8.553","70.1","7.2","3.891705516",473,351,82,25,0,16,84,17.8,35,7.4,2.49824,0.49807,0.37582,-0.04088,"92.1",158,39.42857142857143,8.571428571428571,6.342494714587738,5.84,-2.17,0.12,2.39,0.341,30,"0.480235823",0.327,0.444,"-0.480235823",0.017,0.014000000000000012,0.014,0.012,19.7,"38.7",10.417637433127046,-3.0168566563973904,31.829351603281822,0.5098280098280098,37.0063743960966,30.904459025374102
1780,663436,"Martin, Davis",1780,100,0.257,0.107,0.322,0.363,0.304,0.32,0.266,108,421,89.6,11.3,2482,90,90.16,216,877,903,0.20000000000000284,6.33,112,148,117,148,296,327,298,"9.628","-9.628","70.4","7.2","3.262874196",463,324,75,27,0,6,100,21.6,33,7.1,2.37922,0.45603,0.26013,-0.07092,"92.3",148,44.5141065830721,6.269592476489027,4.319654427645788,5.83,-2.1,0.16,2.18,0.318,20,"-0.540898876",0.328,0.396,"0.540898876",-0.009,-0.010000000000000009,-0.033,-0.016,24.6,"35.9",8.99507290240042,-1.166231453448208,33.52670636507824,0.5246478873239436,36.003114995196235,29.5752767729646
1772,663903,"Singer, Brady",1772,100,0.27,0.204,0.296,0.474,0.35,0.342,0.265,111,411,90.5,13.6,2383,87.2,88.06,200,776,996,0.8999999999999915,6.81,112,149,114,150,295,324,294,"-14.841","14.841","70.7","7.2","3.293975415",454,326,71,17,2,21,88,19.4,32,7,2.57287,0.44974,0.42468,-0.08569,"92.5",162,42.53968253968254,9.841269841269842,6.828193832599119,5.11,-1.29,0.19,2.13,0.333,31,"0.837528217",0.332,0.454,"-0.837528217",0.005,0.0010000000000000009,0.02,0.008,25.8,"23.3",10.251284498340885,-2.5229457622374207,33.61418175715731,0.4386422976501306,36.415319188229695,31.801462500558184
1772,519242,"Sale, Chris",1773,99.9,0.221,0.087,0.305,0.308,0.267,0.277,0.223,91,412,87.1,11.7,2329,88.6,88.94,273,897,875,0.30000000000001137,6.54,109,150,123,148,306,324,298,"20.325","-20.325","68.7","7.2","4.212178207",451,281,71,12,0,8,134,29.7,26,5.8,2.78032,0.2039,0.37599,-0.15359,"91.0",150,33.45195729537366,5.6939501779359425,3.5476718403547673,4.83,3,-0.02,2.18,0.282,16,"-1.147009029",0.286,0.332,"1.147009029",-0.002,-0.0040000000000000036,-0.024,-0.01,30.4,"10.7",8.61196810448167,-1.8215341406202923,32.21978102774716,0.4218928164196123,36.58208906763371,30.289961553509105
1769,693433,"Woo, Bryan",1772,99.8,0.241,0.135,0.295,0.376,0.287,0.291,0.24,107,444,89.4,16.5,2278,92.5,92.72,233,949,820,0.20000000000000284,6.42,112,146,113,147,292,321,298,"10.596","-10.596","70.6","7.0","2.398953987",475,334,74,18,3,12,114,24,24,5.1,1.95884,0.73089,0.61205,-0.13376,"91.8",158,43.24324324324324,6.606606606606606,4.631578947368421,5.04,-1.75,0,2.43,0.282,22,"-0.598982476",0.283,0.383,"0.598982476",0.001,-0.0010000000000000009,-0.007,-0.004,24.6,"23.9",7.54530840282297,1.3490724931947742,32.384000764485656,0.4265658747300216,35.598590044749464,29.016072084635095
1767,622491,"Castillo, Luis",1768,99.9,0.27,0.186,0.304,0.456,0.34,0.337,0.267,107,397,89.2,16.4,2189,91.7,90.48,219,939,828,-1.2000000000000028,5.5,113,146,112,146,291,321,298,"-10.683","10.683","70.8","7.2","2.115192187",443,319,67,22,2,16,86,19.4,32,7.2,2.17846,0.55258,0.8664,-0.1267,"91.9",166,41.5625,9.6875,6.997742663656885,5.08,-2.21,0.04,2.41,0.329,31,"0.604584041",0.327,0.452,"-0.604584041",0.003,0.0020000000000000018,0.004,0.003,23.3,"16.2",8.5723769391919,0.4915560435118079,31.916430976412887,0.4934782608695652,36.77567017953967,28.99143217160091
1746,518876,"Kelly, Merrill",1750,99.8,0.275,0.22,0.282,0.495,0.359,0.397,0.303,116,422,90,13,2315,89.3,89.08,180,856,890,-0.20000000000000284,6.12,112,148,111,150,299,326,295,"-16.971","16.971","71.0","7.4","2.681498794",473,356,70,21,3,22,71,15,42,8.9,2.37659,0.4929,0.65337,-0.17815,"92.7",161,45.09803921568628,13.445378151260504,10.14799154334038,5.41,-1.85,-0.04,2.05,0.342,48,"0.971993127",0.369,0.562,"-0.971993127",-0.028,-0.02699999999999997,-0.067,-0.038,21,"23.5",10.645448792595205,-4.112354669885974,33.43445918892506,0.5644391408114559,36.88855551578255,31.9750418533335
1745,701542,"Warren, Will",1749,99.8,0.269,0.187,0.32,0.455,0.338,0.329,0.266,108,402,90,13,2512,90.5,90.76,170,770,975,0.29999999999999716,6.65,112,148,120,151,291,325,290,"-11.967","11.967","70.5","7.1","2.484977663",450,307,65,26,2,15,102,22.7,36,8,2.24114,0.58776,0.43088,-0.0929,"92.2",157,41.042345276872965,7.491856677524431,5.111111111111112,5.5,-3.39,0.02,2.25,0.329,23,"0.685787966",0.329,0.421,"-0.685787966",0.003,0,0.034,0.009,22.1,"29.1",8.28437891760124,0.5775319830398844,32.113509533354296,0.4973474801061008,37.86724802298301,28.88951983815706
1735,669461,"Liberatore, Matthew",1736,99.9,0.296,0.193,0.346,0.489,0.367,0.346,0.273,120,405,90.1,15.1,2362,89.1,89.03,189,817,918,-0.09999999999999432,6.27,109,149,116,147,306,320,294,"-19.08","19.08","71.3","7.4","2.991380765",456,312,81,19,1,19,100,21.9,40,8.8,2.44269,0.46921,0.21347,-0.16117,"92.3",166,42.628205128205124,8.974358974358974,6.140350877192982,6.56,0.62,-0.1,2.29,0.36,28,"1.099711816",0.341,0.454,"-1.099711816",0.023,0.01899999999999996,0.035,0.021,23.1,"46.4",10.53615929999687,-2.385531046143272,32.23628150848357,0.52,36.7786577057627,30.93492220723394
1728,669372,"Ginn, J.T.",1732,99.8,0.211,0.135,0.247,0.346,0.292,0.308,0.234,84,399,86.5,9.8,1982,90.6,91.2,217,791,937,0.6000000000000085,6.71,114,148,115,149,299,325,301,"10.583","-10.583","70.8","7.4","3.096898712",457,302,56,15,0,13,100,21.9,49,10.7,2.46086,0.33599,0.5814,-0.13713,"91.6",130,34.883720930232556,6.312292358803987,4.157549234135667,5.56,-1.36,0,2.19,0.305,19,"-0.61244213",0.326,0.363,"0.61244213",-0.023,-0.02100000000000002,-0.017,-0.016,27.4,"41.8",12.10460955885767,-3.4567174235990588,33.96737539693359,0.5482517482517483,36.68692426905847,31.953076719572778
1724,656876,"Rasmussen, Drew",1724,100,0.206,0.123,0.252,0.329,0.256,0.275,0.229,85,413,86.8,11.1,2377,92.3,92.56,216,872,852,0.29999999999999716,6.51,111,148,114,150,299,331,299,"20.466","-20.466","69.6","7.0","2.099408142",439,302,59,13,1,12,112,25.5,19,4.3,1.99392,0.71129,0.36478,-0.08028,"91.3",149,32.78145695364238,6.622516556291391,4.555808656036446,5.85,-1.87,0.1,2.3,0.251,20,"-1.18712297",0.272,0.354,"1.18712297",-0.023,-0.02100000000000002,-0.025,-0.019,24.8,"52.5",6.502953059433757,2.907166350826847,31.81122545971018,0.49471210340775557,35.105382384004436,27.06337423508738
1722,621111,"Buehler, Walker",1728,99.7,0.256,0.163,0.304,0.419,0.331,0.324,0.251,99,387,89.8,11.6,2206,89.5,90.03,165,764,958,0.5,6.55,117,149,119,150,302,326,297,"-0.586","0.586","70.4","7.0","1.868754423",434,297,65,18,3,13,91,21,42,9.7,2.25391,0.61977,0.03222,-0.04447,"91.9",158,41.07744107744108,8.754208754208754,5.990783410138248,5.59,-1.08,0.26,2.36,0.335,26,"0.034030197",0.33,0.407,"-0.034030197",0.005,0.0050000000000000044,0.012,0.007,21.6,"45.5",8.090104116035624,1.202165495846975,31.901355754318466,0.5116598079561042,36.95521245049065,29.249383520838617
1709,663567,"Lambert, Peter",1710,99.9,0.207,0.121,0.251,0.328,0.281,0.288,0.207,79,381,88.3,18.8,2218,89.3,88.88,209,834,875,-0.3999999999999915,6.15,111,149,112,150,291,325,291,"9.262","-9.262","70.6","7.3","2.670574303",429,282,55,13,0,11,100,23.3,39,9.1,2.1217,0.77675,0.38409,-0.07024,"91.6",159,37.94326241134752,6.382978723404255,4.195804195804196,6.05,-2.48,-0.03,2.22,0.294,18,"-0.541954359",0.294,0.347,"0.541954359",0,0,-0.019,-0.007,25.1,"48.5",11.002265950118394,-2.607562894396464,31.991347968305586,0.5152998776009792,36.454699932903765,31.27627421527791
1706,693821,"Elder, Bryce",1707,99.9,0.242,0.161,0.271,0.403,0.309,0.308,0.248,105,434,89.1,12.6,2165,88.6,88.78,182,800,906,0.20000000000000284,6.28,117,148,118,150,303,322,302,"2.389","-2.389","70.3","7.2","2.898720557",479,341,73,12,2,18,98,20.5,37,7.7,2.33729,0.57243,0.38812,0.03343,"92.4",153,40.469208211143695,6.158357771260997,4.3841336116910234,6.19,-1.54,0.02,2.27,0.303,21,"-0.14003517",0.309,0.393,"0.14003517",-0.006,-0.006000000000000005,0.01,0.001,22.8,"48.4",9.035410053090875,-0.34033733485044565,33.400711725591876,0.47753530166880614,35.607868426494036,29.657423260166656
1693,657277,"Webb, Logan",1693,100,0.231,0.118,0.271,0.348,0.283,0.31,0.258,98,425,88,6.3,2011,88.9,89.88,168,816,877,1,6.82,115,149,115,148,294,322,298,"16.518","-16.518","70.6","7.1","2.130544244",463,338,71,13,5,9,89,19.2,29,6.3,2.804,0.0866,0.48132,-0.00652,"91.8",133,39.94082840236686,5.621301775147929,4.103671706263499,4.89,-1.85,0.03,2.21,0.289,19,"-0.975664501",0.315,0.385,"0.975664501",-0.027,-0.026000000000000023,-0.037,-0.027,20.6,"20.9",7.285297845745204,2.925914766678818,34.193529020101835,0.4631979695431472,36.25552457384997,28.50468660767163
1689,669432,"Rogers, Trevor",1690,99.9,0.251,0.14,0.291,0.391,0.306,0.313,0.255,100,399,88.6,18.2,2185,89.1,89.67,208,891,798,0.6000000000000085,6.7,109,151,117,147,300,323,294,"3.804","-3.804","70.0","7.3","2.644154603",435,319,66,22,2,10,83,19.1,32,7.4,2.14636,0.77117,0.66263,-0.36054,"91.6",160,39.55696202531646,6.645569620253164,4.827586206896552,5.78,2.1,-0.08,2.24,0.306,21,"-0.225222025",0.313,0.399,"0.225222025",-0.004,-0.007000000000000006,-0.008,-0.007,23.3,"22.6",9.577918780494945,-3.085125788782562,32.02517285545442,0.47750865051903113,37.164289911007444,31.268194527190758
1686,677958,"Rocker, Kumar",1689,99.8,0.24,0.148,0.28,0.389,0.308,0.329,0.26,94,391,89,12.9,2131,89.2,90,209,815,871,0.7999999999999972,6.74,112,148,112,150,302,328,304,"5.755","-5.755","70.0","7.4","4.509225966",436,302,65,13,3,13,93,21.3,38,8.7,2.58746,0.30262,0.52503,-0.03536,"92.3",144,42.19269102990033,7.308970099667775,5.045871559633028,5.88,-2.18,-0.04,2.07,0.31,22,"-0.341340451",0.33,0.421,"0.341340451",-0.02,-0.020000000000000018,-0.032,-0.021,25.6,"35.2",12.136546562242447,-5.262855069167924,33.317636905556505,0.49122807017543857,36.395291593167556,33.22252203049815
1681,669160,"May, Dustin",1682,99.9,0.263,0.109,0.336,0.371,0.311,0.308,0.248,104,396,89.5,11.2,2531,92.6,93.12,181,794,887,0.5,6.67,111,146,113,149,300,320,295,"1.191","-1.191","70.4","7.0","2.140944937",441,297,76,20,1,7,103,23.4,33,7.5,2.22832,0.46327,0.23711,0.08527,"92.0",147,46.28378378378378,6.081081081081082,4.081632653061225,5.43,-2.04,0.13,2.41,0.328,18,"-0.070850684",0.317,0.372,"0.070850684",0.015,0.01100000000000001,-0.001,0.003,22.8,"33.4",6.5245293143032335,4.089460962919171,31.66678078131774,0.4677835051546392,35.4342598850134,27.45331639198435
1672,681517,"Leahy, Kyle",1672,100,0.262,0.154,0.31,0.416,0.328,0.347,0.271,102,389,91.3,9.7,2186,89.5,90.94,167,764,908,1.4000000000000057,7.17,111,148,113,148,302,322,296,"-0.053","0.053","69.8","7.1","3.381048633",432,304,67,22,1,12,88,20.4,34,7.9,2.46411,0.40745,0.01393,-0.06865,"92.8",155,49.8360655737705,10.819672131147541,7.638888888888889,5.6,-1.89,0.13,2.26,0.329,33,"0.003169856",0.338,0.462,"-0.003169856",-0.009,-0.009000000000000008,-0.046,-0.019,21.9,"43.5",8.114608823090384,0.7010440913509755,31.754292348057984,0.5261044176706827,37.296271521850095,30.09990921387459
1662,607200,"Fedde, Erick",1666,99.8,0.264,0.193,0.275,0.456,0.341,0.333,0.261,100,379,89,15.4,2220,88.2,88.84,129,711,951,0.5999999999999943,6.58,112,149,118,148,297,327,299,"-8.694","8.694","70.7","7.2","2.486014667",423,314,66,14,1,19,68,16.1,36,8.5,2.57401,0.38087,-0.19569,-0.08703,"92.1",162,40.894568690095845,7.348242811501597,5.4373522458628845,5.86,-1.39,0.04,2.32,0.33,23,"0.523104693",0.329,0.435,"-0.523104693",0.003,0.0010000000000000009,0.021,0.008,18.1,"34.6",9.213723464617601,-0.2773126189532388,33.02549743790774,0.49140401146131807,37.0517783724132,30.702187967796412
1654,687075,"Sproat, Brandon",1657,99.8,0.243,0.196,0.289,0.44,0.348,0.338,0.244,83,341,89.4,12.7,2121,92.9,93.03,190,757,897,0.09999999999999432,6.32,113,150,121,151,300,327,301,"-14.085","14.085","69.5","7.1","2.431493397",398,247,50,16,0,17,96,24.1,46,11.6,2.19057,0.47102,0.33502,-0.06726,"91.6",156,43.0327868852459,9.01639344262295,5.527638190954774,5.58,-2.51,0.02,2.1,0.348,22,"0.851571947",0.35,0.41,"-0.851571947",-0.001,-0.0020000000000000018,0.03,0.01,25.1,"33.2",7.949585557782243,1.2005929426862687,33.90013757631568,0.49507735583684953,36.8218896823184,28.451612895360306
1648,607259,"Martinez, Nick",1649,99.9,0.245,0.135,0.265,0.38,0.288,0.321,0.273,109,445,86.3,16.5,2192,87,86.41,147,827,821,-0.5999999999999943,5.94,111,149,114,150,298,330,298,"14.998","-14.998","70.0","7.3","4.222753307",473,383,73,23,2,11,67,14.2,20,4.2,2.36337,0.70136,0.71125,-0.12238,"91.6",162,31.853785900783286,6.7885117493472595,5.496828752642706,6.07,-1.65,-0.06,2.29,0.28,26,"-0.910072816",0.309,0.425,"0.910072816",-0.028,-0.02899999999999997,-0.045,-0.033,17.8,"55.0",10.083964171099858,-3.3537062735294874,32.84492096550278,0.511742892459827,35.53160038157894,31.520047729465187
1644,668678,"Gallen, Zac",1646,99.9,0.304,0.202,0.32,0.506,0.372,0.383,0.313,122,401,90.5,11.4,2200,89,89.36,144,757,887,0.4000000000000057,6.57,112,148,115,150,298,325,294,"-20.305","20.305","70.6","7.4","2.940013562",440,344,81,19,4,18,61,13.9,31,7,2.3507,0.55769,0.19465,-0.12966,"92.9",154,44.47674418604651,11.046511627906977,8.636363636363637,5.97,-2.6,-0.01,1.94,0.358,38,"1.235097324",0.366,0.531,"-1.235097324",-0.009,-0.008000000000000007,-0.025,-0.011,19,"43.6",11.237140050429165,-4.501824829741655,34.273232635749814,0.5546218487394958,37.03678327716065,32.512539416375894
1640,686218,"Sheehan, Emmet",1646,99.6,0.245,0.217,0.294,0.462,0.333,0.301,0.227,87,355,88.4,19.9,2250,88.8,89.37,251,825,815,0.6000000000000085,6.61,112,150,119,151,294,317,297,"-4.71","4.71","69.8","7.3","3.46018428",396,256,44,26,0,17,104,26.3,29,7.3,2.32385,0.60471,0.36048,-0.18021,"91.6",169,38.671875,9.765625,6.313131313131313,5.46,-1.21,0.18,2.45,0.311,25,"0.287195122",0.297,0.39,"-0.287195122",0.018,0.014000000000000012,0.072,0.032,30.4,"32.8",10.404854011361309,-4.28995825234552,30.68078280234556,0.5719557195571956,36.44116064614055,32.59979386795898
1639,656427,"Flaherty, Jack",1643,99.8,0.24,0.177,0.307,0.416,0.329,0.323,0.236,80,334,89.3,21.5,2309,87.7,88.14,200,739,900,0.3999999999999915,6.55,114,149,118,149,295,329,300,"-4.279","4.279","70.6","7.4","3.35724358",389,238,46,20,3,11,102,26.2,42,10.8,2.37606,0.63248,0.02234,-0.056,"91.6",175,46.41350210970464,8.438818565400844,5.141388174807198,5.36,-2.41,0.15,1.94,0.333,20,"0.261073826",0.333,0.394,"-0.261073826",0.004,0,0.022,0.006,27.1,"28.3",10.205689424700234,-4.976792295041081,32.39372076809964,0.48005502063273725,37.45989941516672,32.96995773250003
1629,607536,"Freeland, Kyle",1629,100,0.314,0.248,0.35,0.563,0.389,0.36,0.293,133,423,90.3,13.7,2260,87.1,87.79,187,833,796,0.7000000000000028,6.55,108,150,117,146,303,331,296,"-22.506","22.506","70.7","7.3","2.883687108",452,341,75,32,5,21,85,18.8,21,4.6,2.57713,0.42853,0.25917,-0.14734,"92.8",165,43.8235294117647,11.470588235294118,8.628318584070795,5.79,2.65,0.04,2.25,0.352,39,"1.381583794",0.333,0.504,"-1.381583794",0.021,0.01899999999999996,0.059,0.029,22.4,"28.9",9.889899915265532,-2.0360267900060816,33.06033292345776,0.5209424083769634,36.32663553359473,30.547999218578997
1627,676106,"Hancock, Emerson",1628,99.9,0.209,0.139,0.245,0.348,0.271,0.32,0.252,80,382,89.7,13,2357,89.9,89.6,193,828,799,-0.30000000000001137,6.19,115,147,112,148,293,320,299,"20.417","-20.417","70.7","7.1","2.42613814",414,287,53,14,0,13,97,23.4,26,6.3,2.53561,0.3631,0.48909,-0.12727,"91.8",164,43.859649122807014,9.473684210526317,6.521739130434782,5.05,-2.92,-0.13,2.22,0.266,27,"-1.254886294",0.305,0.432,"1.254886294",-0.043,-0.03899999999999998,-0.084,-0.049,23.3,"11.6",7.59058232535445,1.5679861639812596,33.24691967351835,0.4098159509202454,35.97194955109612,28.871632091597643
1626,680736,"Wrobleski, Justin",1628,99.9,0.222,0.125,0.252,0.348,0.27,0.32,0.267,94,423,89.3,14.6,2370,90.1,88.9,165,829,797,-1.1999999999999886,5.42,109,152,119,149,300,317,292,"15.779","-15.779","70.9","7.1","1.549856698",449,337,65,17,0,12,87,19.4,21,4.7,2.11223,0.72198,0.25555,-0.1078,"92.1",169,43.02670623145401,8.30860534124629,6.23608017817372,5.58,2.18,-0.05,2.42,0.265,28,"-0.970418204",0.307,0.432,"0.970418204",-0.045,-0.04199999999999998,-0.084,-0.05,19.9,"36.0",5.9091265533203385,4.1401852602008224,31.94874560127729,0.48148148148148145,35.92121770552918,26.75506364180161
1614,554430,"Wheeler, Zack",1614,100,0.195,0.149,0.251,0.343,0.258,0.254,0.202,72,370,86.5,13.7,2367,90.1,91.52,255,811,803,1.4000000000000057,7.09,113,150,118,148,291,321,295,"21.06","-21.06","69.1","7.0","3.339017994",396,248,44,14,1,13,123,31.1,23,5.8,2.31066,0.53397,0.4599,-0.14056,"91.3",158,35.22267206477733,6.0728744939271255,3.787878787878788,4.98,-1.86,-0.02,2.26,0.245,15,"-1.304832714",0.254,0.316,"1.304832714",-0.007,-0.009000000000000008,0.027,0.004,31.4,"22.2",8.69029263009171,0.09175512708280226,32.96644290139958,0.42317380352644834,36.442899628074834,29.413245764668794
1610,808963,"Sasaki, Roki",1610,100,0.239,0.236,0.267,0.475,0.342,0.321,0.239,85,356,89.7,13.6,1697,92.2,93.65,239,813,797,1.3999999999999915,7.13,113,150,117,150,295,318,297,"-9.584","9.584","69.7","7.3","3.748143882",399,264,41,24,0,20,94,23.6,36,9,2.16406,0.54543,0.50436,-0.12082,"91.9",154,43.93939393939394,11.363636363636363,7.518796992481203,6.25,-1.73,-0.16,2.1,0.317,30,"0.595279503",0.317,0.414,"-0.595279503",0,0,0.061,0.021,29.4,"49.4",9.526059344360169,-0.9353096718459457,32.51764597369572,0.542713567839196,36.087918671992675,30.61902695859695
1609,641793,"Littell, Zack",1609,100,0.264,0.228,0.256,0.492,0.348,0.376,0.288,104,394,91,18.6,1867,87.9,87.81,140,808,801,-0.10000000000000853,6.12,110,147,118,151,305,328,303,"-17.514","17.514","70.8","7.2","2.414180476",434,334,65,13,1,25,66,15.2,31,7.1,2.22673,0.73463,0.37676,-0.13968,"92.3",176,44.91017964071856,11.077844311377245,8.525345622119817,6.14,-0.71,0.02,2.43,0.319,37,"1.088502175",0.345,0.528,"-1.088502175",-0.024,-0.025999999999999968,-0.036,-0.028,17.3,"39.5",8.889086610006924,-0.5059317122321407,31.682058677209465,0.5485498108448928,35.844320904400426,30.093968291590535
1605,691587,"Pérez, Eury",1606,99.9,0.205,0.171,0.252,0.376,0.298,0.309,0.214,72,351,87.6,18.8,2512,92.8,93.08,229,825,780,0.29999999999999716,6.65,112,149,114,148,303,328,298,"2.833","-2.833","69.9","7.3","2.945934501",399,247,39,19,1,13,106,26.6,38,9.5,1.67637,1.02874,0.51748,-0.15351,"91.3",162,38.8663967611336,10.931174089068826,6.7669172932330826,5.95,-1.82,-0.1,2.21,0.296,27,"-0.176510903",0.305,0.39,"0.176510903",-0.009,-0.009000000000000008,-0.014,-0.011,27.8,"31.4",10.100468379905484,-4.516252174259898,31.661981584588755,0.5198511166253101,36.999020031868696,31.73970358073416
1602,700712,"Ureña, Walbert",1606,99.8,0.202,0.091,0.252,0.292,0.281,0.281,0.199,69,342,86.4,5.5,2078,93.6,93.11,202,725,877,-0.5,6.14,112,148,114,150,304,329,302,"9.994","-9.994","71.0","7.4","3.130835265",401,256,50,13,0,6,88,21.9,49,12.2,2.09958,0.53682,0.90369,-0.23078,"91.4",126,32.8125,5.078125,3.2418952618453867,6.39,-1.08,-0.19,2.04,0.314,13,"-0.623845194",0.313,0.295,"0.623845194",0.003,0.0010000000000000009,-0.003,0,27.9,"43.8",9.974183004949092,-2.8043964770298446,32.74952050616742,0.4726507713884993,36.84926020754873,30.775257884601892
1601,571945,"Mikolas, Miles",1601,100,0.283,0.216,0.272,0.499,0.347,0.348,0.284,115,407,89.6,11.8,2210,88.5,88.35,112,778,823,-0.09999999999999432,6.15,112,147,118,151,303,328,304,"-13.255","13.255","70.5","7.1","2.144727083",435,361,73,19,0,23,52,12,21,4.8,2.479,0.47183,0.37398,-0.09508,"92.5",163,42.57703081232493,8.96358543417367,7.35632183908046,6.59,-1.57,0.13,2.11,0.315,32,"0.82792005",0.318,0.494,"-0.82792005",-0.001,-0.0030000000000000027,0.005,-0.001,14.4,"43.8",8.544734757945745,1.575826375692924,32.49666392009419,0.5241199478487614,36.10212694593413,29.801397494099206
1595,672456,"Montero, Keider",1600,99.7,0.217,0.136,0.241,0.353,0.269,0.29,0.233,89,411,88.1,15.5,2354,89.8,89.87,146,775,820,0.10000000000000853,6.34,115,149,115,149,295,331,300,"17.157","-17.157","70.2","7.1","2.693746638",443,337,57,19,2,11,79,17.8,23,5.2,2.17229,0.68996,0.38023,0.02598,"91.8",158,37.797619047619044,7.142857142857142,5.417607223476298,5.82,-2.29,0.01,2.35,0.264,24,"-1.075673981",0.281,0.387,"1.075673981",-0.016,-0.017000000000000015,-0.034,-0.021,18.8,"42.7",8.972565373222881,-1.7290041054493857,31.098089018971987,0.5436507936507936,36.502708760521536,30.44559451422199
1594,656550,"Holmes, Grant",1597,99.8,0.241,0.162,0.267,0.403,0.319,0.333,0.251,89,370,89.9,13,2470,89.6,89.34,204,768,826,-0.29999999999999716,6.01,113,148,119,149,305,323,301,"1.771","-1.771","69.8","7.3","4.58009616",422,293,60,13,1,15,83,19.7,43,10.2,2.42195,0.4262,0.30987,0.01481,"92.2",151,43.15068493150685,8.904109589041095,6.161137440758294,5.82,-2.38,0.05,1.94,0.321,26,"-0.111104141",0.334,0.424,"0.111104141",-0.01,-0.013000000000000012,-0.021,-0.014,26.6,"39.5",10.324082977991168,-5.09156451398894,34.34205075027916,0.4820717131474104,36.20551006640411,32.333337610086836
1567,681347,"Burrows, Mike",1570,99.8,0.292,0.216,0.316,0.508,0.375,0.336,0.263,112,384,88.1,15.5,2179,89.5,89.42,167,772,795,-0.09999999999999432,6.33,112,148,113,150,292,327,295,"-16.185","16.185","70.8","7.4","3.192555482",423,309,72,18,1,21,75,17.7,35,8.3,2.28334,0.60886,0.531,-0.13109,"92.0",156,38.961038961038966,8.441558441558442,6.1465721040189125,5.95,-2.24,-0.02,2.23,0.357,26,"1.032865348",0.331,0.44,"-1.032865348",0.029,0.025999999999999968,0.068,0.039,21.6,"39.6",11.47107866121165,-3.8250283805330363,31.231539180793334,0.5208053691275167,36.78893175424737,32.2564105702966
1558,543243,"Gray, Sonny",1558,100,0.241,0.148,0.285,0.389,0.3,0.302,0.25,96,398,89.1,9.7,2490,87.5,87.96,166,737,821,0.5,6.46,114,149,116,149,288,320,296,"8.866","-8.866","69.9","7.5","4.14907652",431,307,62,21,1,12,93,21.6,28,6.5,2.8916,0.10036,-0.20892,0.12702,"92.0",135,38.079470198675494,7.28476821192053,5.104408352668213,5.54,-0.68,0.24,1.94,0.295,22,"-0.569062901",0.304,0.383,"0.569062901",-0.009,-0.009000000000000008,0.006,-0.002,22.5,"47.2",11.663268391092227,-5.391046755506547,34.11038437730909,0.562585969738652,35.76590039380911,32.81271078832337
1554,656849,"Peterson, David",1557,99.8,0.274,0.148,0.316,0.422,0.336,0.346,0.276,104,379,89.6,7.7,2137,88.8,90.14,152,722,832,1.2999999999999972,7.1,107,150,119,148,303,323,293,"-11.862","11.862","70.2","7.2","2.710907967",428,308,72,18,4,10,77,18,40,9.3,2.45067,0.46075,0.41917,-0.20985,"92.4",150,43.9344262295082,6.885245901639345,4.906542056074766,6.12,1.85,0.06,2.32,0.344,21,"0.763320463",0.352,0.429,"-0.763320463",-0.002,-0.008000000000000007,-0.007,-0.01,21.1,"40.3",8.797931905993053,0.9355654732018356,32.94709808408847,0.49928469241773965,36.748186612959515,29.636281523480168
1550,608372,"Sugano, Tomoyuki",1553,99.8,0.268,0.247,0.264,0.515,0.35,0.4,0.314,100,373,90.6,14.7,2296,88.3,88.49,128,712,838,0.20000000000000284,6.22,113,149,119,148,303,332,299,"-9.207","9.207","71.7","7.4","3.278344823",405,323,49,30,1,20,56,13.8,24,5.9,2.34822,0.57427,0.3504,-0.01624,"93.0",175,44.89164086687307,14.241486068111456,11.358024691358025,5.95,-2.56,0.11,1.96,0.311,46,"0.594",0.359,0.575,"-0.594",-0.046,-0.04799999999999999,-0.06,-0.05,18,"40.8",10.818744642973021,-3.589329062164434,33.89111729249152,0.5505443234836703,37.47059575265792,31.57089460547315
1528,813349,"Early, Connelly",1529,99.9,0.235,0.166,0.277,0.401,0.319,0.321,0.234,81,344,89.5,11.8,2119,88.8,89.32,170,717,811,0.5,6.72,109,151,119,148,291,318,290,"-0.087","0.087","70.8","7.3","2.334436707",390,254,54,12,0,15,93,23.8,34,8.7,2.43174,0.50655,0.58639,-0.3265,"91.9",162,40.94488188976378,10.62992125984252,6.923076923076923,5.44,2.66,-0.01,2.27,0.319,27,"0.005693717",0.318,0.409,"-0.005693717",0.001,0.0010000000000000009,-0.008,-0.002,23.7,"30.3",8.386375135036332,-0.9181315656333033,31.733812033826755,0.5290780141843971,35.89810877174981,30.415335077250194
1521,687064,"Young, Brandon",1521,100,0.246,0.128,0.287,0.374,0.301,0.313,0.254,92,374,89.2,14.5,2051,88.6,88.73,175,750,771,0.10000000000000853,6.41,112,150,116,149,294,323,299,"7.724","-7.724","69.3","7.1","3.107163764",415,299,63,19,1,9,80,19.3,34,8.2,2.30799,0.66111,0.35699,-0.04001,"91.9",162,41.946308724832214,5.704697986577181,4.096385542168675,6,-1.47,-0.08,2.4,0.308,17,"-0.5078238",0.317,0.392,"0.5078238",-0.008,-0.009000000000000008,-0.018,-0.012,23.3,"42.7",9.22544820709635,0.8157268700462412,30.64433873785035,0.4885290148448043,36.84463251275738,30.201494165320845
1519,640455,"Manaea, Sean",1519,100,0.263,0.192,0.314,0.455,0.342,0.324,0.254,88,334,87.7,14.2,2104,85,85.8,160,757,762,0.7999999999999972,6.84,108,149,120,147,301,320,292,"-8.074","8.074","68.3","7.1","3.322520459",377,256,52,20,4,12,84,22.3,28,7.4,2.72594,0.50652,0.40594,-0.17095,"91.4",160,40.3921568627451,8.627450980392156,5.835543766578249,5.13,3.45,-0.09,2.35,0.333,22,"0.531533904",0.325,0.413,"-0.531533904",0.009,0.008000000000000007,0.042,0.018,21.1,"15.2",7.6496087369699,1.3787870381417924,32.26015191190228,0.41184387617765816,37.079323637847594,29.650244778918474
1519,681190,"Vásquez, Randy",1523,99.7,0.299,0.198,0.326,0.497,0.366,0.387,0.304,107,358,91.5,16.6,2611,91,90.56,151,752,767,-0.4000000000000057,6.04,115,148,119,150,302,328,299,"-16.231","16.231","71.6","7.4","2.368681292",396,300,67,23,3,14,63,15.9,29,7.3,2.0141,0.76175,0.33229,-0.08656,"92.6",174,47,12,9.090909090909092,5.94,-1.88,0.14,2.24,0.354,36,"1.068531929",0.361,0.54,"-1.068531929",-0.005,-0.007000000000000006,-0.043,-0.021,20.1,"33.2",9.700835004941302,-1.0330049646614388,32.8689176109531,0.5380281690140845,36.473594827436806,29.949291596065095
1510,624133,"Suarez, Ranger",1512,99.9,0.233,0.1,0.31,0.333,0.276,0.283,0.239,84,360,85.9,12.9,1974,86.1,85.81,167,692,818,-0.29999999999999716,6.09,110,150,118,147,291,319,288,"15.617","-15.617","69.9","7.3","2.87684173",391,260,59,19,1,5,103,26.3,26,6.6,2.75483,0.37079,0.25959,-0.07049,"91.1",146,31.92307692307692,5,3.324808184143223,5.89,2.26,0.06,2.1,0.286,13,"-1.034238411",0.295,0.339,"1.034238411",-0.006,-0.009000000000000008,-0.006,-0.007,24.1,"41.5",9.661714430067738,-2.052973488447456,33.04327693936587,0.45973645680819913,36.14396957483077,31.484802504293437
1504,681293,"Arrighetti, Spencer",1505,99.9,0.215,0.145,0.253,0.36,0.321,0.345,0.238,68,317,86.9,17.7,2494,84.5,85.89,161,633,871,1.4000000000000057,7.29,112,147,110,149,291,324,294,"-2.969","2.969","69.7","7.3","3.20241821",386,235,46,10,0,12,87,22.5,50,13,2.93912,0.33761,-0.17191,0.08119,"91.1",160,30.76923076923077,7.6923076923076925,4.66321243523316,4.84,-2.49,-0.04,2.22,0.344,18,"0.197406915",0.366,0.395,"-0.197406915",-0.023,-0.02200000000000002,-0.035,-0.024,25.4,"19.1",11.951574236029357,-5.584660082750723,31.909761178434067,0.5048543689320388,36.562548347536875,34.03616936064683
1498,663556,"McClanahan, Shane",1498,100,0.212,0.106,0.261,0.318,0.271,0.315,0.242,76,359,87.1,8.6,2089,89.8,90.24,197,730,768,0.4000000000000057,6.64,103,150,114,147,305,334,298,"14.245","-14.245","70.2","7.3","3.187352584",397,272,53,15,1,7,88,22.2,33,8.3,2.33692,0.52633,0.58953,-0.39594,"91.7",147,39.705882352941174,8.823529411764707,6.045340050377834,6.19,0.75,-0.06,2.14,0.284,24,"-0.950934579",0.311,0.405,"0.950934579",-0.03,-0.027000000000000024,-0.087,-0.044,27,"39.4",9.617226693074336,-3.895494729199711,32.00747806391589,0.49002849002849,36.57853932564632,31.28572623411151
1496,669387,"Mlodzinski, Carmen",1497,99.9,0.26,0.121,0.307,0.382,0.311,0.339,0.283,90,346,89.9,14.1,2094,89.7,90.01,144,679,817,0.29999999999999716,6.45,112,147,116,149,300,323,299,"3.126","-3.126","70.3","7.2","2.550539243",381,277,63,19,1,7,71,18.6,30,7.9,2.55769,0.3012,0.49601,-0.14728,"92.4",154,46.043165467625904,7.194244604316546,5.2493438320209975,5.3,-1.45,-0.06,2.24,0.321,20,"-0.208957219",0.343,0.428,"0.208957219",-0.023,-0.02200000000000002,-0.046,-0.028,21.2,"32.1",9.1114299310637,-0.5009928671665593,33.12915528017569,0.46766917293233085,36.475482789283596,30.14149191926313
1479,641816,"Mahle, Tyler",1481,99.9,0.268,0.17,0.312,0.438,0.337,0.315,0.248,90,336,88.8,12.6,2184,89.4,89.97,140,664,815,0.5999999999999943,6.64,112,150,116,149,295,324,299,"-5.238","5.238","69.9","7.2","2.525217429",379,263,61,14,2,13,80,21.1,35,9.2,1.8575,1.01008,0.70638,-0.23921,"91.5",162,36.39846743295019,6.896551724137931,4.749340369393139,5.52,-1.95,0.08,2.28,0.335,18,"0.354158215",0.319,0.395,"-0.354158215",0.02,0.016000000000000014,0.043,0.022,21.1,"41.9",9.154062492805652,0.7005023749531252,31.504762520373518,0.5061162079510704,38.61855794934293,29.035618608914508
1457,690986,"Harrison, Kyle",1458,99.9,0.221,0.145,0.291,0.366,0.283,0.277,0.223,70,317,88.6,13.5,2202,90.2,90.67,210,725,732,0.5,6.6,111,151,122,149,303,325,297,"11.978","-11.978","69.5","7.0","2.346728119",341,216,45,14,1,10,101,29.6,20,5.9,2.25077,0.59354,0.45639,-0.26541,"91.0",170,36.574074074074076,6.481481481481481,4.105571847507331,4.99,2.72,0.06,2.36,0.276,14,"-0.822100206",0.278,0.348,"0.822100206",-0.002,-0.0020000000000000018,0.018,0.006,29,"32.1",5.277591647953585,4.208916126894905,31.690165546928977,0.3915574963609898,36.9411878220955,26.681677656981332
1450,801139,"Tolle, Payton",1450,100,0.218,0.154,0.275,0.373,0.286,0.266,0.206,78,357,86.7,17.4,2248,93,94.77,213,801,649,1.7999999999999972,7.3,109,150,118,147,289,319,291,"8.104","-8.104","70.0","7.1","2.396336503",389,256,46,20,1,11,103,26.5,27,6.9,1.79306,0.86158,0.63555,-0.29806,"91.0",174,33.99209486166008,7.114624505928854,4.627249357326478,5.46,2.73,0.01,2.5,0.278,18,"-0.558896552",0.268,0.331,"0.558896552",0.012,0.010000000000000009,0.042,0.02,26.6,"27.4",6.051246956583815,1.0293977577369289,31.63334500974162,0.43765903307888043,35.277294781285775,27.90317949297567
1444,527048,"Pérez, Martín",1446,99.9,0.225,0.164,0.249,0.389,0.304,0.332,0.262,74,329,87.2,7.9,1975,85.1,84.93,131,608,836,-0.19999999999998863,6.05,111,149,122,148,305,323,299,"5.98","-5.98","71.3","7.5","3.000032666",373,265,46,13,4,11,69,18.5,37,9.9,2.47238,0.68223,0.78855,-0.16609,"92.1",142,38.25757575757576,6.4393939393939394,4.557640750670242,5.59,1.14,0.01,2.21,0.304,17,"-0.414127424",0.341,0.407,"0.414127424",-0.037,-0.03700000000000003,-0.018,-0.028,21.5,"44.7",12.791177286873918,-6.4366642660818245,33.400083228634806,0.5025380710659898,36.72898040717383,34.209908973650656
1425,702056,"Yesavage, Trey",1425,100,0.192,0.166,0.229,0.358,0.288,0.283,0.197,58,302,87.5,20.3,2005,89.4,89.12,208,680,745,-0.30000000000001137,6.04,113,149,115,150,290,321,291,"5.526","-5.526","69.9","7.4","4.384483138",353,222,28,20,0,10,87,24.6,42,11.9,1.84248,1.02946,0.5149,-0.14958,"91.3",164,35.585585585585584,6.306306306306306,3.9660056657223794,7.11,-0.32,-0.12,2.19,0.291,14,"-0.387789474",0.297,0.326,"0.387789474",-0.005,-0.006000000000000005,0.032,0.005,30.6,"65.7",12.141272651734754,-4.937123730150474,32.2222775001121,0.5075528700906344,36.9904191270348,31.637410509148065
1412,571578,"Corbin, Patrick",1413,99.9,0.302,0.175,0.34,0.477,0.364,0.356,0.29,98,325,88.2,13.6,1982,84.6,85.02,141,668,744,0.4000000000000057,6.65,108,150,116,148,294,321,286,"-11.733","11.733","70.1","7.5","4.231590028",360,266,65,21,0,12,63,17.5,25,6.9,2.68341,0.57284,0.44849,-0.27448,"92.0",150,42.26415094339623,7.547169811320755,5.555555555555555,6.26,2.59,-0.05,2.01,0.359,20,"0.830949008",0.352,0.463,"-0.830949008",0.012,0.007000000000000006,0.014,0.008,21.1,"38.3",11.416259396039205,-4.5342626111461755,32.89657669343568,0.45339652448657186,37.20424822847303,32.32022061976191
1400,605288,"Houser, Adrian",1400,100,0.265,0.207,0.277,0.472,0.344,0.349,0.27,91,343,89.1,11.8,2105,91.7,92.52,118,642,758,0.7999999999999972,6.7,114,149,114,148,292,322,301,"-7.497","7.497","69.7","7.1","2.592778093",382,291,52,22,2,15,58,15.2,29,7.6,2.16554,0.56284,0.86956,-0.24716,"92.5",158,42.06896551724138,9.310344827586208,7.068062827225131,5.8,-1.39,-0.06,2.3,0.326,27,"0.5355",0.333,0.471,"-0.5355",-0.005,-0.007000000000000006,0.001,-0.005,18.4,"38.2",7.625667311611558,0.2747002724491507,33.2128051247358,0.4832,36.395717049964006,29.18492453107086
1397,683004,"Leiter, Jack",1397,100,0.255,0.185,0.301,0.439,0.339,0.336,0.257,80,314,87.8,15.9,2347,91.9,92.46,170,669,728,0.5999999999999943,6.65,113,148,113,150,297,326,304,"-10.634","10.634","70.2","7.1","3.242187192",355,233,52,12,2,14,83,23.4,35,9.9,2.03489,0.69647,0.44312,-0.08311,"91.8",165,39.91416309012876,10.300429184549357,6.760563380281689,5.67,-1.31,0.17,2.35,0.335,24,"0.761202577",0.338,0.43,"-0.761202577",-0.002,-0.0030000000000000027,0.009,0.003,25.4,"46.3",9.536393666658157,-1.8465409761103286,32.11082995014075,0.4938461538461538,35.08793206831736,30.052954759397032
1386,650644,"Civale, Aaron",1390,99.7,0.312,0.23,0.341,0.542,0.387,0.344,0.273,103,330,90.1,20.3,2612,85.8,84.92,131,636,750,-0.8999999999999915,5.7,112,148,115,149,301,325,299,"-15.614","15.614","70.1","7.3","2.165537896",361,270,62,23,1,17,63,17.5,25,6.9,2.73136,0.41016,-0.10009,-0.03913,"92.2",175,45.55555555555556,10,7.479224376731302,6.27,-0.7,0.03,2.46,0.362,27,"1.126551227",0.328,0.469,"-1.126551227",0.039,0.033999999999999975,0.073,0.043,20.6,"43.7",11.390987564723623,-3.9980543989821316,31.27089473011913,0.529126213592233,36.46394392780381,32.72758031269224
1357,663969,"Phillips, Tyler",1357,100,0.241,0.144,0.272,0.386,0.318,0.333,0.257,77,319,89.3,10.4,2081,88.9,88.93,161,618,739,0,6.4,112,149,113,148,301,324,295,"0.13","-0.13","70.3","7.5","4.51192128",362,257,53,12,2,10,63,17.4,38,10.5,2.73032,0.19537,0.34595,-0.04642,"92.5",138,42.63565891472868,7.751937984496124,5.524861878453039,6.05,-1.13,0.04,1.81,0.328,20,"-0.009579956",0.342,0.41,"0.009579956",-0.016,-0.014000000000000012,-0.024,-0.015,26.1,"32.8",11.363270219550866,-4.751155885079864,33.71640448788497,0.5016556291390728,36.29857637755208,32.90615535165815
1339,669373,"Skubal, Tarik",1340,99.9,0.213,0.149,0.286,0.362,0.267,0.265,0.225,70,329,85.3,8.1,2168,92.6,92.65,239,722,617,0.10000000000000853,6.35,111,151,118,148,300,328,294,"12.54","-12.54","68.9","7.2","3.546766763",349,222,42,17,1,10,110,31.5,13,3.7,1.83503,0.85388,0.55745,-0.23093,"91.0",154,34.234234234234236,6.756756756756757,4.297994269340974,6.13,1.91,0.12,2.38,0.251,15,"-0.936519791",0.262,0.339,"0.936519791",-0.012,-0.01100000000000001,0.023,0.002,33.1,"47.0",8.266937733990838,1.088452893977747,31.17683636254219,0.42574257425742573,37.093727171425286,28.915195379391143
1335,660271,"Ohtani, Shohei",1335,100,0.18,0.082,0.245,0.262,0.238,0.257,0.201,55,305,86.9,10.7,2482,90.9,91.49,193,634,701,0.5999999999999943,6.6,113,150,119,150,293,316,295,"20.827","-20.827","69.2","7.3","3.550894453",340,213,38,13,0,4,95,27.9,26,7.6,2.29229,0.53793,-0.14324,-0.14795,"91.4",147,33.80281690140845,3.755868544600939,2.3529411764705883,5.65,-2.08,0.07,2.22,0.257,8,"-1.560074906",0.276,0.288,"1.560074906",-0.021,-0.019000000000000017,-0.026,-0.019,30.4,"33.7",8.657092427905035,-1.1959525622991687,32.23150875416898,0.4219001610305958,37.050951692692195,29.372100745664632
1324,643377,"Jax, Griffin",1328,99.7,0.244,0.158,0.295,0.402,0.309,0.333,0.259,77,316,87.5,9.2,2543,91.5,91.37,200,639,685,-0.09999999999999432,6.33,111,148,113,150,299,333,303,"2.241","-2.241","69.9","7.3","3.032054851",358,234,53,11,0,13,92,25.7,30,8.4,2.32184,0.43044,0.40202,-0.22808,"91.9",154,39.743589743589745,9.82905982905983,6.424581005586592,5.49,-1.03,-0.07,2.08,0.308,23,"-0.169259819",0.326,0.433,"0.169259819",-0.015,-0.018000000000000016,-0.031,-0.024,31.3,"42.9",9.474868323230094,-3.5058260206853875,32.355918078416025,0.5521669341894061,37.385663701668705,30.006627219882322
1324,695076,"Lowder, Rhett",1329,99.6,0.271,0.155,0.318,0.426,0.345,0.359,0.273,84,310,90.2,13.9,2336,89.3,88.98,121,582,742,-0.29999999999999716,6.16,112,148,113,148,296,325,293,"-7.924","7.924","70.5","7.3","3.02812489",353,246,56,17,2,9,65,18.4,37,10.5,2.49166,0.39386,0.85856,-0.30884,"92.4",164,41.77215189873418,9.70464135021097,6.515580736543909,5.56,-2.47,-0.03,2.13,0.356,23,"0.598489426",0.36,0.462,"-0.598489426",-0.002,-0.0040000000000000036,-0.036,-0.014,20.8,"28.1",9.369981357131879,-1.1396479512380375,32.860893268974344,0.5026269702276708,37.37015425504683,30.03350310912849
1319,641778,"Lauer, Eric",1320,99.9,0.242,0.226,0.228,0.468,0.333,0.34,0.254,75,310,87,21.1,2117,86.5,85.87,126,679,640,-0.5999999999999943,5.81,109,152,117,148,298,320,287,"-6.162","6.162","70.7","7.1","1.287326675",346,263,46,8,1,20,52,15,28,8.1,2.3671,0.70845,0.3403,-0.29334,"91.2",177,35.60606060606061,11.363636363636363,8.670520231213873,6.09,1.71,0.07,2.49,0.306,30,"0.4671721",0.318,0.473,"-0.4671721",-0.012,-0.01200000000000001,-0.005,-0.007,18.6,"36.9",7.285706862871705,0.8533177332025794,31.277956064390246,0.5038051750380518,36.91459577565401,28.648049103913824
1318,663554,"Mize, Casey",1318,100,0.213,0.124,0.271,0.337,0.26,0.273,0.223,67,315,87.9,17.9,2100,90.1,90.94,177,637,681,0.8000000000000114,6.81,115,149,117,149,294,330,300,"13.457","-13.457","71.0","7.3","2.157762844",341,236,39,22,1,5,85,24.9,19,5.6,1.97704,0.84615,0.57324,-0.13062,"91.6",162,36.016949152542374,6.3559322033898304,4.398826979472141,5.79,-2.23,-0.04,2.29,0.257,15,"-1.021016692",0.27,0.344,"1.021016692",-0.01,-0.013000000000000012,-0.007,-0.013,27.8,"43.8",10.461758770808528,-2.478224083352932,31.696343011163915,0.5429936305732485,37.09537504369283,31.134980779598273
1292,669194,"Nelson, Ryne",1297,99.6,0.249,0.228,0.255,0.477,0.335,0.349,0.261,81,325,90.5,19.3,2330,93,93.6,147,700,592,0.5999999999999943,6.65,113,149,116,150,298,324,295,"-8.141","8.141","69.6","6.9","2.083008686",355,265,45,16,2,18,62,17.5,22,6.2,1.589,1.07503,0.01202,0.03364,"91.9",184,43.233082706766915,10.150375939849624,7.605633802816901,6.29,-1.05,0.23,2.46,0.305,27,"0.630108359",0.317,0.5,"-0.630108359",-0.012,-0.01200000000000001,-0.023,-0.014,21,"54.6",6.669656285337012,3.924869292375788,31.805233389255,0.4692913385826772,35.07784354070072,26.62977180441511
1290,647336,"Soroka, Michael",1290,100,0.233,0.126,0.293,0.359,0.283,0.309,0.249,72,309,87.2,16.9,2603,87.8,87.4,142,640,650,-0.3999999999999915,6.07,112,148,113,150,298,325,296,"13.339","-13.339","70.1","7.3","3.481748218",333,232,47,17,2,6,79,23.7,17,5.1,2.68509,0.31724,0.1908,-0.10612,"91.3",158,34.05172413793103,8.620689655172415,6.006006006006006,5.53,-2.63,0.15,2.35,0.283,20,"-1.034031008",0.299,0.408,"1.034031008",-0.016,-0.016000000000000014,-0.049,-0.026,22.2,"26.8",10.91827916759656,-2.6859637030672086,32.819415398489454,0.5207006369426752,36.564516779991266,31.422118121325568
1283,641927,"Ober, Bailey",1283,100,0.25,0.187,0.272,0.437,0.322,0.323,0.25,79,316,87.5,21.7,2152,83.7,84.87,122,618,665,1.2000000000000028,7.09,114,148,115,149,294,323,291,"-0.941","0.941","70.9","7.5","3.749375106",342,257,46,20,0,13,60,17.5,22,6.4,2.52849,0.75766,0.60503,-0.23945,"91.8",158,32.55813953488372,9.30232558139535,7.017543859649122,5.91,-1.39,0.01,2.32,0.303,24,"0.073343726",0.303,0.443,"-0.073343726",0,0,-0.006,-0.001,19.7,"28.4",14.398106474076183,-9.03720127033978,31.298018585682467,0.5672131147540984,37.91872773229999,36.5276298204217
1275,675660,"Drohan, Shane",1275,100,0.241,0.132,0.304,0.373,0.294,0.283,0.227,75,311,87.3,12.8,2536,90.1,90.05,173,628,647,0,6.16,111,150,120,148,302,326,300,"7.424","-7.424","69.7","7.2","3.112670558",342,234,48,19,2,6,82,24,23,6.7,2.31341,0.51939,0.4233,-0.14945,"91.8",152,37.93103448275862,8.189655172413794,5.555555555555555,5.48,1.6,-0.14,2.15,0.296,19,"-0.58227451",0.286,0.348,"0.58227451",0.014,0.010000000000000009,0.025,0.011,27.5,"34.1",9.33338690538041,-0.9247133058953565,34.01065438167047,0.4620355411954766,35.89959850349999,30.253946401333515
1273,592791,"Taillon, Jameson",1277,99.7,0.256,0.286,0.25,0.542,0.368,0.366,0.257,76,297,88.6,18.3,2376,86.2,86.99,152,591,682,0.7999999999999972,6.82,111,150,117,152,300,326,301,"-16.002","16.002","70.8","7.4","2.938593465",326,229,41,10,0,25,68,20.9,27,8.3,2.42806,0.67682,0.05408,-0.34734,"91.9",179,38.864628820960704,15.72052401746725,11.042944785276074,6.02,-1.25,-0.08,2.25,0.322,36,"1.257030636",0.323,0.539,"-1.257030636",-0.001,-0.0010000000000000009,0.003,0.002,25.7,"45.2",12.65402281913742,-3.714910576617329,32.20700023545014,0.5608919382504288,39.77149136957024,33.16716119041422
1247,694477,"Patrick, Chad",1256,99.3,0.234,0.15,0.277,0.385,0.299,0.31,0.247,67,286,87.4,16,2354,92,91.75,164,625,622,-0.20000000000000284,6.08,112,150,119,150,301,326,300,"8.125","-8.125","70.3","7.1","1.690034706",319,224,42,15,2,8,67,21,28,8.8,1.79492,0.90455,0.31321,-0.02407,"91.9",166,37.5,6.696428571428571,4.702194357366771,5.48,-1.14,0.24,2.38,0.301,15,"-0.651563753",0.313,0.396,"0.651563753",-0.013,-0.01200000000000001,-0.011,-0.011,26.2,"32.1",7.410728400680614,0.9914787769194929,32.135335055804795,0.48925619834710743,36.62352686803485,27.59288153821671
1233,679883,"Avila, Luinder",1233,100,0.269,0.145,0.328,0.414,0.349,0.337,0.249,67,249,86.9,11.3,2506,91.8,92.59,125,523,710,0.7999999999999972,6.67,113,148,118,150,291,323,290,"-5.716","5.716","69.6","7.3","2.557984348",294,194,44,16,1,6,59,20.1,39,13.3,2.18436,0.54297,0.19555,-0.13195,"91.5",142,34.196891191709845,6.217616580310881,4.081632653061225,6.14,-1.69,0.01,2.11,0.37,12,"0.463584753",0.357,0.395,"-0.463584753",0.02,0.013000000000000012,0.019,0.012,23.9,"51.7",9.661385340534904,-0.28648311174242136,32.855031048036416,0.5300970873786408,36.398882327542744,29.974829260871715
1228,687570,"Prielipp, Connor",1229,99.9,0.249,0.143,0.311,0.392,0.315,0.31,0.231,68,273,89.2,12,2577,89.7,89,132,582,646,-0.7000000000000028,5.82,108,149,116,146,294,321,288,"-1.963","1.963","69.1","7.1","3.258188302",312,204,47,11,2,8,76,24.4,26,8.3,2.43783,0.42057,0.24563,-0.20002,"91.8",157,40.68627450980392,8.823529411764707,5.769230769230769,6.04,1.64,-0.02,2.3,0.321,18,"0.15985342",0.308,0.395,"-0.15985342",0.018,0.013000000000000012,-0.003,0.005,22.7,"39.4",7.08740282248931,-0.2244477108387093,31.981522246326374,0.47627416520210897,36.34803779315876,29.210094043027308
1228,682052,"Lopez, Jacob",1229,99.9,0.269,0.186,0.295,0.455,0.361,0.304,0.219,68,253,84.5,20.6,2247,84.7,85.49,119,537,691,0.7999999999999972,6.91,109,149,116,148,304,325,296,"-10.004","10.004","69.3","7.3","2.547689656",302,206,43,14,0,11,53,17.5,40,13.2,2.62793,0.61429,0.35173,-0.2485,"90.9",162,31.06796116504854,4.854368932038835,3.3112582781456954,5.15,3.48,0.12,2.34,0.37,10,"0.81465798",0.329,0.338,"-0.81465798",0.05,0.04099999999999998,0.117,0.057,22.2,"19.8",10.898801451188259,-4.2835413470451495,31.886021433468766,0.4885057471264368,37.17514299010758,33.35701767652115
1226,625643,"López, Reynaldo",1228,99.8,0.245,0.168,0.286,0.412,0.321,0.33,0.256,67,274,87.4,15.2,2151,88.6,89.12,122,559,667,0.5,6.53,116,148,120,150,304,323,303,"0.975","-0.975","69.3","7.1","3.508115389",306,209,42,14,1,10,66,21.6,29,9.5,2.23343,0.72945,0.14482,0.00221,"91.3",170,36.36363636363637,7.655502392344498,5.228758169934641,5.71,-1.77,-0.14,2.1,0.318,16,"-0.079526917",0.328,0.426,"0.079526917",-0.011,-0.010000000000000009,-0.014,-0.009,21.8,"41.1",7.7469271092296035,-0.1610422139591553,33.20926782495932,0.40619307832422585,36.55743280316008,29.98755639699655
1204,693855,"Seymour, Ian",1219,98.8,0.216,0.193,0.263,0.409,0.301,0.292,0.214,58,269,86.7,20.9,1995,85.9,85.71,172,588,616,-0.20000000000000284,6.31,106,150,114,148,302,332,298,"3.963","-3.963","69.7","7.2","2.42599003",306,189,31,14,1,12,86,28.1,27,8.8,2.22331,0.90885,0.44384,-0.14056,"91.3",170,37.56613756613756,9.523809523809524,5.88235294117647,5.67,1.53,0.04,2.37,0.293,18,"-0.329152824",0.295,0.377,"0.329152824",0.002,-0.0020000000000000018,0.032,0.009,29.3,"42.2",10.02480526650887,-3.127257558526654,30.898946594719273,0.47304347826086957,37.251756537819055,31.257974564684666
1203,665795,"Cabrera, Edward",1203,100,0.262,0.185,0.293,0.447,0.34,0.338,0.263,72,275,90.5,11.6,2152,92.2,92.36,153,579,624,0.20000000000000284,6.42,111,149,115,151,299,329,302,"-4.412","4.412","70.7","7.4","2.948026976",309,213,49,9,0,14,65,21,29,9.4,2.34694,0.35829,0.79568,-0.21623,"92.4",143,42.924528301886795,11.79245283018868,8.090614886731391,5.94,-1.26,0.02,2.16,0.332,25,"0.366749792",0.335,0.436,"-0.366749792",-0.001,-0.0030000000000000027,0.011,0.002,26.4,"33.2",12.142106614981888,-4.45351245544818,33.9377929747766,0.566607460035524,36.37343551583886,31.719938775487414
1202,805673,"Matthews, Zebby",1202,100,0.262,0.214,0.279,0.476,0.343,0.334,0.257,76,290,89.4,13.9,2243,89.8,90.04,124,567,635,0.20000000000000284,6.35,112,148,118,148,296,326,293,"-4.3","4.3","70.9","7.3","3.307133745",319,234,45,15,1,15,59,18.5,24,7.5,2.23199,0.62093,0.33405,-0.12501,"92.2",173,37.76824034334764,12.017167381974248,8.77742946708464,5.84,-2.22,0.08,2.07,0.32,28,"0.357737105",0.318,0.452,"-0.357737105",0.005,0.0020000000000000018,0.024,0.009,21.9,"36.7",10.639566675689096,-3.017565614021277,33.09781828414444,0.4919210053859964,37.41811454596229,30.929393088174123
1191,678022,"Perkins, Jack",1191,100,0.246,0.175,0.306,0.422,0.33,0.311,0.233,66,268,89,16,2223,91.2,91.2,160,569,622,0,6.28,111,148,114,148,298,325,298,"-4.134","4.134","68.9","7.1","3.384385982",306,191,43,10,2,11,80,26.1,27,8.8,2.20671,0.557,0.24949,-0.12098,"91.4",166,37.368421052631575,7.368421052631578,4.57516339869281,5.38,-2.22,0.08,2.24,0.33,14,"0.347103275",0.319,0.382,"-0.347103275",0.013,0.01100000000000001,0.04,0.019,28.1,"32.8",7.964580613633351,0.5500051494205634,32.33584380138227,0.4752851711026616,36.576387942964914,28.817602316062516
1189,676083,"Junk, Janson",1190,99.9,0.274,0.171,0.305,0.445,0.332,0.31,0.251,80,292,88.7,13.5,2192,88.4,88.27,100,580,609,-0.10000000000000853,6.35,111,148,113,148,298,328,299,"-5.748","5.748","70.3","7.1","2.478470921",316,237,54,13,2,11,57,18,20,6.3,2.36747,0.60006,0.14922,-0.22224,"91.8",153,41.17647058823529,6.722689075630252,5.063291139240507,5.65,-0.95,0.11,2.18,0.321,16,"0.483431455",0.302,0.405,"-0.483431455",0.023,0.019000000000000017,0.04,0.022,17.2,"46.9",8.496687458888086,0.7343639631411883,32.338051349394426,0.49911504424778763,36.27877202782288,30.10208273879206
1187,678394,"Bello, Brayan",1189,99.8,0.296,0.165,0.327,0.461,0.355,0.367,0.298,84,284,89.3,6.2,2081,90.8,90.73,143,584,603,-0.09999999999999432,6.21,113,149,120,148,291,318,293,"-7.759","7.759","70.5","7.4","3.770901096",317,235,59,14,0,11,54,17,25,7.9,2.46845,0.31208,0.76969,-0.20006,"92.7",132,43.40425531914894,9.787234042553191,7.255520504731862,5.63,-1.68,-0.02,2.05,0.354,23,"0.653664701",0.357,0.494,"-0.653664701",-0.002,-0.0030000000000000027,-0.033,-0.012,24.5,"39.9",11.984331063242244,-4.730561157066129,33.94897024711426,0.4965156794425087,36.3154331233975,33.00850058157779
1186,805123,"Blubaugh, AJ",1186,100,0.217,0.164,0.256,0.381,0.303,0.308,0.215,53,244,87.4,18,2361,90.5,90.58,163,576,610,0.09999999999999432,6.43,110,148,114,149,291,325,294,"4.14","-4.14","69.2","7.1","3.55937993",286,183,32,11,1,9,69,24.1,32,11.2,1.97115,0.85564,0.50777,-0.24185,"91.2",182,35.16483516483517,8.241758241758241,5.244755244755245,6.06,-2.33,0.09,2.37,0.306,15,"-0.349072513",0.312,0.374,"0.349072513",0.002,-0.006000000000000005,0.007,-0.005,28.3,"42.6",8.48325614323505,1.3335251586858579,31.674578324736434,0.4110320284697509,37.644326252944076,29.183590487169585
1167,681035,"Scott, Christian",1168,99.9,0.215,0.143,0.289,0.359,0.303,0.309,0.225,51,237,86.2,16.7,2336,90.1,91.02,144,557,610,0.9000000000000057,6.92,111,150,121,150,303,321,302,"2.76","-2.76","70.0","6.9","2.422454314",271,159,32,11,1,7,78,28.8,29,10.7,2.04662,0.81154,0.06021,-0.13222,"91.1",172,33.9622641509434,6.918238993710692,4.059040590405904,5.26,-3.12,0.02,2.64,0.314,11,"-0.236503856",0.323,0.366,"0.236503856",-0.01,-0.009000000000000008,-0.007,-0.006,25.9,"29.7",6.16165705612944,2.74039058393369,31.45939192482773,0.42727272727272725,35.79857424341045,27.951091151124345
1162,678906,"Teng, Kai-Wei",1162,100,0.238,0.169,0.284,0.408,0.335,0.334,0.245,62,260,89.5,15.4,2488,88.3,88.11,129,512,650,-0.20000000000000284,6.32,111,148,110,150,291,323,291,"-7.386","7.386","70.0","7.2","3.505327492",301,193,40,10,2,10,67,22.3,30,10,2.58201,0.38511,-0.01111,-0.02941,"91.8",158,39.37823834196891,7.772020725388601,4.983388704318937,5.52,-2.38,0.22,2.35,0.342,15,"0.635628227",0.348,0.398,"-0.635628227",-0.007,-0.00599999999999995,0.01,0.001,25.2,"23.6",10.449864219968921,-0.7016847587877412,33.07311234635704,0.49295774647887325,35.96048900256913,30.19494332077029
1157,663372,"Feltner, Ryan",1157,100,0.267,0.235,0.282,0.502,0.362,0.366,0.269,74,277,88,12.2,2342,89.5,90.45,141,555,602,1,6.57,113,149,116,148,302,332,300,"-10.621","10.621","70.8","7.3","3.503384175",308,224,40,18,1,15,54,17.5,29,9.4,2.34582,0.50044,0.02401,-0.03916,"92.1",156,41.964285714285715,11.607142857142858,8.441558441558442,5.53,-1.64,0.1,2.33,0.338,26,"0.917977528",0.34,0.514,"-0.917977528",-0.002,-0.0020000000000000018,-0.012,-0.004,25.4,"43.8",10.989624933740444,-2.9121625462244847,32.22615101292435,0.4713493530499076,35.916623622377244,31.978117602078036
1151,837227,"Imai, Tatsuya",1152,99.9,0.229,0.156,0.295,0.385,0.334,0.344,0.229,50,218,89.1,12.4,2095,90.5,89.62,157,497,654,-0.9000000000000057,5.9,111,147,110,149,291,325,294,"-0.633","0.633","70.7","7.3","3.319000764",265,149,34,7,0,9,72,27.2,40,15.1,2.34633,0.47824,0.76199,-0.21024,"91.8",154,45.63758389261745,11.409395973154362,6.415094339622642,5.27,-1.92,-0.05,2.2,0.356,17,"0.054995656",0.359,0.411,"-0.054995656",0,-0.0030000000000000027,-0.026,-0.01,31.6,"25.4",10.001862725341189,-3.271459851546826,33.57885622038138,0.37214137214137216,36.09090620382918,31.390810615969386
1141,691725,"Painter, Andrew",1141,100,0.316,0.211,0.347,0.526,0.388,0.348,0.272,84,266,86.3,15.8,2284,90.4,90.75,124,555,586,0.29999999999999716,6.53,113,149,116,148,289,321,294,"-15.622","15.622","69.7","7.3","3.295274216",299,219,57,12,1,14,53,17.7,24,8,2.10693,0.72152,-0.02783,-0.08711,"91.4",148,35.15981735159817,9.58904109589041,7.023411371237458,6.46,-2.23,0.14,2.32,0.375,21,"1.369149869",0.337,0.464,"-1.369149869",0.044,0.03799999999999998,0.062,0.04,22.3,"46.4",11.542486861747173,-3.99807424023158,31.290241483013236,0.5191956124314442,36.58649569539874,32.438493136314456
1137,686790,"McDonald, Trevor",1138,99.9,0.255,0.129,0.297,0.384,0.323,0.312,0.246,69,271,88.7,3.4,2302,90,90.81,108,506,631,0.7999999999999972,6.7,112,148,114,148,297,320,298,"1.404","-1.404","69.9","7.5","4.25796319",310,217,49,12,1,7,57,18.4,23,7.4,2.82931,-0.00404,0.74618,-0.19158,"92.0",127,37.78801843317972,4.147465437788019,2.903225806451613,5.06,-2.14,0.08,2.08,0.338,9,"-0.12348285",0.332,0.359,"0.12348285",0.009,0.006000000000000005,0.025,0.011,21.3,"27.2",8.739163226241583,-0.7748471117961743,33.72609087334138,0.422,37.56737561356112,30.43792990001237
1117,694297,"Pfaadt, Brandon",1117,100,0.257,0.146,0.283,0.404,0.315,0.31,0.244,72,280,88.8,11.2,2447,88.9,89.33,110,545,572,0.3999999999999915,6.57,112,148,117,150,303,323,294,"2.63","-2.63","70.7","7.3","2.551442794",308,234,48,15,1,8,49,15.9,21,6.8,2.48561,0.42402,0.32015,-0.08871,"91.9",138,37.17948717948718,8.974358974358974,6.8181818181818175,5.49,-2.43,0.04,2.1,0.315,21,"-0.235452104",0.306,0.399,"0.235452104",0.013,0.009000000000000008,0.005,0.005,20.2,"28.1",9.982458366311743,-0.6772492456966575,33.592047894705395,0.5357142857142857,37.296346770989985,31.06897669475458
1108,656288,"Canning, Griffin",1109,99.9,0.286,0.191,0.339,0.477,0.371,0.341,0.253,69,241,90.4,11.1,2225,90.2,89.6,118,488,620,-0.6000000000000085,5.87,116,148,117,150,303,328,301,"-13.648","13.648","70.6","7.3","2.458276227",279,181,47,10,0,12,63,22.6,32,11.5,2.45672,0.35681,0.52302,-0.21116,"92.6",151,47.8021978021978,10.43956043956044,6.810035842293908,5.61,-1.04,0.1,2.28,0.372,19,"1.231768953",0.343,0.433,"-1.231768953",0.033,0.02899999999999997,0.044,0.03,24.2,"38.4",9.357650601884249,-2.101676115512372,32.80559763264036,0.5,36.39458838843663,31.12332344556302
1106,686799,"Kochanowicz, Jack",1111,99.5,0.259,0.124,0.289,0.382,0.331,0.359,0.273,65,251,88.9,4.3,2289,92.8,92.93,118,500,606,0.10000000000000853,6.33,111,149,117,150,305,331,302,"-2.343","2.343","70.8","7.2","2.323388102",296,208,50,6,2,7,47,15.9,36,12.2,2.29407,0.36671,0.66125,-0.12215,"92.4",128,43.627450980392155,7.352941176470589,5.0675675675675675,6.24,-1.42,0.08,2.18,0.358,15,"0.211844485",0.373,0.439,"-0.211844485",-0.014,-0.015000000000000013,-0.057,-0.028,23.6,"36.4",9.668138867996074,0.8424292766051535,33.8845328749085,0.4989733059548255,36.7956758842633,27.74749014386398
1087,666157,"Lodolo, Nick",1087,100,0.277,0.17,0.308,0.447,0.355,0.373,0.292,65,235,89.4,12.9,2277,89.7,89.4,106,504,583,-0.29999999999999716,6.22,106,151,115,147,296,321,288,"-5.318","5.318","69.6","7.2","3.911692909",279,193,44,11,1,9,50,17.9,27,9.7,2.5765,0.29824,0.95701,-0.66385,"92.1",169,39.784946236559136,8.064516129032258,5.376344086021505,5.32,3.71,-0.04,2.23,0.365,15,"0.489236431",0.384,0.466,"-0.489236431",-0.015,-0.019000000000000017,-0.019,-0.018,21,"14.5",8.344474633369906,0.20006034988942262,33.30874989901734,0.4213709677419355,37.637097219332524,29.949944197686012
1086,622663,"Severino, Luis",1086,100,0.258,0.174,0.321,0.432,0.345,0.318,0.231,61,236,88.1,11.2,2292,92.3,92.69,119,517,569,0.4000000000000057,6.61,114,148,116,149,302,326,299,"-6.282","6.282","69.6","7.0","2.02934611",271,173,40,10,2,9,65,24,31,11.4,1.87717,0.83884,0.08204,-0.02632,"91.5",157,38.72832369942196,8.670520231213873,5.535055350553505,5.81,-2.02,0.18,2.45,0.349,15,"0.578453039",0.326,0.388,"-0.578453039",0.027,0.022999999999999965,0.044,0.027,23,"39.1",5.476423884669664,3.6701519648348246,32.19791872539297,0.4209486166007905,35.496644350342066,25.92812347987272
1082,693686,"Miles, Spencer",1084,99.8,0.221,0.081,0.278,0.302,0.26,0.275,0.235,57,258,85.9,5.9,2449,90.6,91.09,98,519,563,0.5,6.72,111,148,115,150,290,318,289,"13.552","-13.552","69.4","6.9","2.174905275",278,193,46,6,0,5,66,23.7,19,6.8,2.61581,0.22814,0.3311,0.08443,"91.1",143,33.160621761658035,3.6269430051813467,2.5179856115107913,5.84,-1.19,0.17,2.53,0.274,7,"-1.252495379",0.287,0.33,"1.252495379",-0.014,-0.012999999999999956,-0.028,-0.015,18.9,"37.7",5.862449035743319,6.597515074576185,32.62651168175139,0.4107142857142857,35.756956558352776,25.763235006455584
1070,695611,"Jump, Gage",1074,99.6,0.268,0.157,0.341,0.426,0.334,0.313,0.25,63,235,89.4,15.5,2332,91.1,91.41,133,523,547,0.30000000000001137,6.44,108,149,117,147,299,323,293,"-2.741","2.741","70.2","7.1","2.390014306",267,171,40,16,0,7,68,25.5,25,9.4,2.09024,0.68752,0.20382,-0.22038,"91.8",165,40.93567251461988,5.847953216374268,3.7453183520599254,5.56,1.98,0,2.11,0.341,10,"0.256168224",0.325,0.385,"-0.256168224",0.018,0.016000000000000014,0.041,0.021,25.4,"43.2",6.501874215952917,2.7560935121993233,32.254464726307546,0.423728813559322,36.635976889930994,28.481546225010636
1065,543037,"Cole, Gerrit",1067,99.8,0.229,0.183,0.275,0.412,0.296,0.282,0.229,60,262,89.9,20.8,2375,91.9,91.72,115,521,544,-0.20000000000000284,6.25,115,148,118,151,288,327,294,"3.434","-3.434","70.4","7.2","2.125247216",279,189,35,13,1,11,73,26.2,14,5,2.03903,0.69739,0.42971,-0.22487,"91.6",174,41.84782608695652,9.782608695652174,6.451612903225806,5.79,-2.28,-0.1,2.26,0.271,18,"-0.322441315",0.272,0.372,"0.322441315",0,-0.0010000000000000009,0.04,0.014,22.1,"37.0",8.161170491947988,-0.1932866883995426,32.10192873686447,0.5,37.82818921149971,29.174314155515244
1060,676879,"Ashby, Aaron",1064,99.6,0.236,0.096,0.34,0.332,0.298,0.271,0.205,54,229,87.3,7.2,2253,92.3,91.15,135,429,631,-1.0999999999999943,5.51,112,150,120,149,299,324,300,"2.622","-2.622","68.1","7.3","5.819472525",263,149,42,7,0,5,82,31.2,30,11.4,2.64316,0.06454,0.51724,-0.24418,"91.8",140,39.59731543624161,4.697986577181208,2.6615969581749046,6.51,0.38,-0.09,1.96,0.327,7,"-0.247358491",0.301,0.294,"0.247358491",0.031,0.026000000000000023,0.038,0.027,31.5,"52.6",8.779492356471858,-1.7424793602756041,33.39650194043174,0.42857142857142855,37.84276791133214,30.48701672919399
1057,702273,"Schultz, Noah",1057,100,0.248,0.19,0.287,0.438,0.348,0.368,0.273,56,226,87.9,16.5,2522,90.8,90.94,96,464,593,0.10000000000000853,6.3,106,151,118,145,301,326,296,"-12.306","12.306","70.2","7.2","3.022336193",267,176,33,12,2,9,54,20.2,31,11.6,2.24092,0.54478,0.44268,-0.30338,"91.9",167,40,10.285714285714285,6.741573033707865,5.8,1.96,0.03,2.38,0.352,18,"1.164238411",0.375,0.464,"-1.164238411",-0.025,-0.02300000000000002,-0.026,-0.02,20.7,"20.9",8.469218599501653,-0.0980951471939216,32.02678712629379,0.4669603524229075,36.542814579590456,28.79046007499023
1040,608331,"Fried, Max",1040,100,0.202,0.062,0.261,0.263,0.244,0.247,0.198,49,243,85.4,8.3,2259,88.2,88.44,112,469,571,0.20000000000000284,6.49,106,149,123,149,291,322,287,"14.896","-14.896","69.1","7.0","2.508161135",271,186,37,10,1,1,61,22.5,22,8.1,2.71146,0.30046,0.11481,-0.09649,"91.2",136,31.351351351351354,1.6216216216216217,1.107011070110701,5.9,1.24,-0.01,2.42,0.27,3,"-1.432307692",0.273,0.26,"1.432307692",0.004,-0.0030000000000000027,0.003,-0.003,23.9,"45.5",7.209843192695463,2.085833168576864,30.906483528361843,0.45353982300884954,36.517410523000706,28.09664386463967
1033,623454,"Anderson, Drew",1035,99.8,0.244,0.162,0.316,0.406,0.321,0.283,0.209,57,234,89.4,9.5,2144,90.1,90.29,147,500,533,0.20000000000000284,6.49,114,149,117,149,295,328,297,"-2.086","2.086","69.8","7.1","2.531091058",265,163,37,11,0,9,74,27.9,24,9.1,2.70706,0.15374,0.30336,-0.02414,"91.7",149,39.50617283950617,7.4074074074074066,4.528301886792453,5.67,-2.13,-0.01,2.28,0.323,12,"0.201936108",0.295,0.335,"-0.201936108",0.035,0.028000000000000025,0.071,0.038,29.4,"41.3",7.377753551804363,1.6187010879108086,31.150552023437353,0.5070993914807302,36.39875593546198,28.07236685625549
1030,695418,"Lord, Brad",1035,99.5,0.227,0.118,0.265,0.345,0.291,0.316,0.246,50,220,87.6,3.1,2436,90.4,88.87,106,512,518,-1.5,5.36,111,148,119,150,302,327,300,"1.972","-1.972","69.4","6.9","2.058155399",248,169,38,5,0,7,52,21,21,8.5,2.45669,0.36158,0.75136,0.04115,"91.7",147,41.31736526946108,5.9880239520958085,4.032258064516129,5.34,-2.58,-0.01,2.3,0.308,10,"-0.191456311",0.326,0.393,"0.191456311",-0.019,-0.018000000000000016,-0.048,-0.025,20.7,"17.1",3.7124767901372393,8.535915106430531,33.47538014919143,0.3333333333333333,36.11408286637543,24.85097303391192
1025,608718,"Suter, Brent",1029,99.6,0.265,0.17,0.318,0.435,0.324,0.321,0.27,61,230,85.3,9.5,1984,83.1,84.54,107,481,544,1.4000000000000057,7.28,110,149,116,148,300,324,297,"-1.75","1.75","68.5","7.0","3.868198057",248,178,40,10,4,7,53,21.4,15,6,2.46317,0.90306,0.37977,-0.23416,"91.0",144,31.428571428571427,6.857142857142858,4.838709677419355,6.04,3.36,0.14,2.31,0.313,12,"0.170731707",0.318,0.422,"-0.170731707",-0.005,-0.0050000000000000044,0.013,0.003,22.2,"48.0",9.039779462786926,0.9475380888995507,32.27899464521548,0.40471092077087795,36.92677656900356,30.3373597615367
1024,688642,"Agnos, Zach",1032,99.2,0.298,0.19,0.322,0.488,0.366,0.362,0.294,74,248,88.7,15.4,2247,90.1,90.2,108,520,504,0.10000000000000853,6.12,112,149,120,148,303,333,300,"-13.351","13.351","70.1","7.3","4.363995855",281,214,45,19,2,8,39,13.9,24,8.5,2.27644,0.53244,0.14562,-0.05207,"92.4",174,42.05607476635514,8.411214953271028,6.405693950177936,5.76,-2.08,0.11,2.32,0.364,18,"1.303808594",0.364,0.472,"-1.303808594",0.004,0,0.016,0.004,20.8,"38.9",10.949107179283816,-2.7532187030121107,32.36233707733929,0.5822784810126582,36.70230380563858,31.220802181520693
1023,665871,"Assad, Javier",1028,99.5,0.237,0.178,0.239,0.415,0.305,0.331,0.269,57,241,89.6,13.8,2087,89.8,90.16,62,455,568,0.4000000000000057,6.53,112,149,115,150,299,325,298,"4.011","-4.011","70.3","7.1","2.577293518",262,202,38,7,0,12,42,16,16,6.1,2.18836,0.67272,0.4137,0.06804,"92.1",162,48.01980198019802,7.920792079207921,6.106870229007633,5.9,-1.77,0.17,2.23,0.288,16,"-0.392082111",0.32,0.443,"0.392082111",-0.032,-0.03200000000000003,-0.028,-0.026,13.6,"51.1",6.378007214039758,4.62493042376928,32.854559939316246,0.4575892857142857,37.01498090816343,27.233615943557645
1015,663978,"Paddack, Chris",1015,100,0.314,0.169,0.344,0.483,0.369,0.342,0.28,76,242,88,14.8,2035,87,87.64,109,509,506,0.5999999999999943,6.85,112,148,115,148,298,324,299,"-11.053","11.053","70.1","7.3","2.385086923",267,206,54,12,1,9,40,15,19,7.1,2.42201,0.65053,0.45109,-0.21054,"91.6",163,37.4384236453202,8.374384236453201,6.367041198501873,6.1,-2.18,0.08,2.24,0.366,17,"1.088965517",0.337,0.45,"-1.088965517",0.034,0.02899999999999997,0.033,0.027,21.4,"46.3",9.858078877860699,-1.147684628730246,32.4748232577114,0.5170340681362725,37.21385991719497,31.111944308975527
1009,674841,"Alvarez, Andrew",1009,100,0.268,0.114,0.352,0.382,0.328,0.327,0.261,59,220,89.5,8.3,2491,87.3,87.37,121,450,559,0.10000000000000853,6.26,106,149,118,149,303,331,302,"-1.555","1.555","69.8","7.4","4.561996787",252,164,41,13,3,2,58,23,28,11.1,2.96271,0.04509,-0.01817,0.08614,"92.4",124,43.90243902439025,5.487804878048781,3.571428571428571,6.41,1.37,-0.19,1.97,0.353,9,"0.154112983",0.35,0.381,"-0.154112983",0.007,0.0030000000000000027,0.001,0.001,26.9,"48.0",9.3543774949589,-2.8039801610461703,32.85959660668779,0.48036951501154734,34.855127246734604,31.53086634191545
1007,680573,"Woods Richardson, Simeon",1010,99.7,0.303,0.193,0.317,0.496,0.387,0.369,0.279,69,228,88.9,17.3,1970,88.4,89.01,79,429,578,0.5999999999999943,6.71,112,147,115,148,293,322,288,"-16.463","16.463","70.6","7.2","2.033027153",265,200,43,17,0,9,31,11.7,32,12.1,2.08747,0.86117,0.33288,-0.11881,"92.4",166,43,8.5,6.415094339622642,6.44,-1.22,0.01,2.08,0.392,17,"1.634856008",0.373,0.467,"-1.634856008",0.024,0.019000000000000017,0.029,0.018,18.4,"47.2",7.238276271982616,0.5941479406257064,31.831978894315498,0.4855769230769231,36.00981231469285,29.607361284799328
1004,676962,"Brown, Ben",1004,100,0.186,0.062,0.243,0.248,0.228,0.279,0.222,45,242,89.7,9.8,2177,92.5,92.98,129,473,531,0.5,6.55,112,150,115,152,300,324,301,"19.507","-19.507","69.6","7.2","4.008655924",265,179,35,7,1,2,65,24.5,19,7.2,2.04731,0.63552,0.475,0.00059,"92.1",154,43.258426966292134,7.303370786516854,4.905660377358491,6.34,-1.53,-0.14,2.29,0.249,13,"-1.942928287",0.286,0.335,"1.942928287",-0.036,-0.03699999999999998,-0.087,-0.051,27.3,"40.8",8.524357393497407,0.37023925103481387,32.02829480151755,0.4588744588744589,36.77156383748196,28.86060941416786
999,682243,"Miller, Bryce",1003,99.6,0.207,0.167,0.243,0.375,0.267,0.254,0.205,52,251,86.5,17.3,2173,90.9,91.11,155,565,434,0.19999999999998863,6.35,114,148,114,148,291,321,297,"8.825","-8.825","70.8","7.4","2.885782595",264,181,34,5,2,11,71,26.9,11,4.2,1.95464,0.83182,0.28888,-0.08078,"91.1",164,31.11111111111111,6.666666666666667,4.545454545454546,5.59,-1.14,0.26,2.17,0.243,12,"-0.883383383",0.242,0.345,"0.883383383",0.002,0.0010000000000000009,0.03,0.013,27.4,"45.5",11.814981852266706,-5.1288819757339885,32.042384349365506,0.5372050816696915,36.34882866267059,31.77792823026467
979,605135,"Bassitt, Chris",979,100,0.307,0.14,0.34,0.447,0.366,0.344,0.284,70,228,86.8,9.6,2160,84.8,84.69,95,449,530,-0.09999999999999432,6.28,110,148,116,148,293,318,301,"-9.997","9.997","68.4","6.9","2.967062438",261,194,50,14,0,6,37,14.2,22,8.4,3.16637,0.14013,0.21603,-0.06671,"91.6",142,34.5360824742268,4.123711340206185,3.065134099616858,5.38,-1.65,0.03,2.43,0.383,8,"1.021144025",0.365,0.407,"-1.021144025",0.023,0.018000000000000016,0.04,0.022,21.2,"29.9",7.502098838775811,-0.9721815644497552,32.735198656198634,0.3826879271070615,34.91577167696484,30.61014459378698
973,675512,"Melton, Troy",973,100,0.174,0.144,0.195,0.318,0.252,0.281,0.22,41,236,88.7,13.6,2194,91.8,92.91,124,477,496,1.1000000000000085,6.82,116,149,118,151,294,330,300,"13.7","-13.7","71.0","7.4","2.766789232",260,177,23,10,0,8,60,23.1,21,8.1,2.11242,0.6132,0.10095,0.0652,"91.9",145,36.15819209039548,6.214689265536723,4.230769230769231,5.62,-1.71,-0.07,2.17,0.246,11,"-1.408016444",0.289,0.341,"1.408016444",-0.046,-0.04299999999999998,-0.023,-0.029,26,"38.8",10.073373168015529,-3.437994198657958,32.79547411848508,0.5415778251599147,35.71686828842663,31.34431277710017
955,571510,"Boyd, Matthew",955,100,0.249,0.124,0.305,0.373,0.306,0.323,0.256,56,225,89.1,13.5,2203,85.4,85.23,123,469,486,-0.20000000000000284,6.25,108,152,118,150,302,325,296,"3.764","-3.764","69.5","7.4","4.200941425",246,170,40,10,0,6,55,22.4,17,6.9,2.67843,0.52846,0.82675,-0.59912,"92.0",159,41.76470588235294,9.411764705882353,6.504065040650407,5.38,2.43,0.05,2.27,0.313,16,"-0.394136126",0.319,0.42,"0.394136126",-0.007,-0.006000000000000005,-0.047,-0.017,26.2,"23.7",10.470966325108366,-3.640602186433907,32.29799021625222,0.4282608695652174,38.85210769953869,32.94389805482271
949,663623,"Irvin, Jake",949,100,0.241,0.156,0.304,0.397,0.325,0.349,0.248,48,199,89.4,14.1,2381,86.9,88.35,112,436,513,1.5,7.19,113,148,120,151,305,326,303,"-1.114","1.114","70.5","7.2","3.655324921",228,142,31,10,0,7,58,25.4,22,9.6,2.52565,0.55262,0.11166,0.09611,"92.0",158,45.774647887323944,11.971830985915492,7.456140350877193,5.43,-2.11,0.24,2.25,0.333,17,"0.117386723",0.34,0.457,"-0.117386723",-0.007,-0.007000000000000006,-0.06,-0.024,25.7,"26.8",10.811901359986097,-2.7652779391788225,33.08226392010589,0.39953271028037385,36.54298908498715,32.490423824595275
945,660761,"Suarez, José",949,99.6,0.274,0.137,0.356,0.41,0.336,0.298,0.247,58,212,87.3,15.3,2303,87.1,86.62,129,462,483,-0.5,5.93,110,147,117,146,300,323,297,"-0.104","0.104","70.0","7.4","3.000859723",241,156,39,14,0,5,59,24.5,23,9.5,2.39429,0.64494,0.4743,-0.15999,"91.3",153,33.5483870967742,1.935483870967742,1.2448132780082988,5.75,1.74,-0.1,2.09,0.351,3,"0.011005291",0.329,0.334,"-0.011005291",0.027,0.021999999999999964,0.076,0.038,27.9,"41.4",11.51544884737381,-3.933188014743493,33.2457614840205,0.45433255269320844,36.52996644047728,32.387552260468595
944,688107,"Gasser, Robert",944,100,0.241,0.214,0.266,0.455,0.326,0.3,0.236,53,220,85.5,20.5,2274,88.1,89.1,111,486,458,1,6.89,112,151,122,149,304,328,301,"-2.684","2.684","69.8","7.2","2.461523894",242,171,29,12,1,11,52,21.5,14,5.8,2.33234,0.63815,0.23618,-0.10541,"91.1",167,30.409356725146196,6.432748538011696,4.545454545454546,5.04,2.68,-0.07,2.34,0.3,11,"0.284322034",0.296,0.387,"-0.284322034",0.005,0.0040000000000000036,0.068,0.026,22.8,"23.6",8.516664093552647,-1.6456455195622106,32.785707329044804,0.5128805620608899,36.51053609382982,30.704959899626846
942,702275,"Ritchie, JR",946,99.6,0.217,0.167,0.241,0.384,0.324,0.336,0.235,43,198,89,11.5,2339,89,89.41,92,388,554,0.4000000000000057,6.49,115,148,119,150,302,322,303,"-4.284","4.284","70.5","7.2","2.345353201",236,150,28,6,0,9,49,20.8,33,14,2.78303,0.11813,0.28512,-0.01486,"91.8",135,38,8.666666666666668,5.508474576271186,5.39,-2.07,0.08,2.31,0.339,13,"0.45477707",0.354,0.402,"-0.45477707",-0.018,-0.014999999999999958,-0.018,-0.012,23.7,"25.3",10.325848367381639,-1.7908449462683729,32.093508600461895,0.5370370370370371,36.09261515008904,31.607554948298066
942,685299,"Gordon, Tanner",950,99.2,0.315,0.265,0.356,0.58,0.394,0.334,0.259,75,238,90.3,18.4,2166,88.3,88.47,112,476,466,0.20000000000000284,6.18,113,149,119,148,301,331,299,"-13.916","13.916","70.9","7.3","1.885882742",257,189,39,22,1,13,53,20.6,13,5.1,2.11101,0.81378,0.57022,-0.06533,"92.1",183,43.386243386243386,11.64021164021164,8.560311284046692,6.26,-2.81,-0.02,2.27,0.353,22,"1.477282378",0.304,0.473,"-1.477282378",0.056,0.04899999999999999,0.107,0.06,23.5,"43.4",9.086924971969275,0.04221519760799414,33.362508739365005,0.47844827586206895,36.600441160546325,29.87448627221049
942,615698,"Quantrill, Cal",946,99.6,0.246,0.143,0.264,0.388,0.31,0.326,0.25,55,224,87.5,18.1,1946,89.9,90.11,87,450,492,0.19999999999998863,6.37,112,148,113,149,298,326,301,"1.551","-1.551","70.0","7.1","1.595030567",249,186,39,8,0,8,39,15.7,18,7.2,2.16289,0.6742,0.57863,-0.07332,"91.4",162,34.75935828877005,8.55614973262032,6.425702811244979,6.26,-1.38,-0.24,2.53,0.315,16,"-0.164649682",0.319,0.431,"0.164649682",-0.004,-0.0040000000000000036,-0.043,-0.016,19.3,"43.7",7.9029490156305595,3.3153154191405596,31.685887126913666,0.48498845265588914,37.0206082831965,28.339233674023184
940,571927,"Matz, Steven",940,100,0.264,0.236,0.272,0.5,0.352,0.361,0.286,56,212,88.7,15,2264,87.3,87.38,95,451,489,0.10000000000000853,6.51,103,151,115,148,305,335,296,"-8.068","8.068","70.8","7.3","2.611744819",235,174,32,10,2,12,41,17.4,19,8.1,2.67032,0.38442,0.82097,-0.39437,"91.5",166,36.206896551724135,12.643678160919542,9.361702127659575,5.74,2.1,0,2.27,0.323,22,"0.858297872",0.345,0.494,"-0.858297872",-0.022,-0.021999999999999964,0.006,-0.009,21.1,"34.0",8.635550969016846,0.5948814655962796,32.46594447137748,0.5206422018348624,37.13787546050067,29.924865909819818
933,670990,"Ramírez, Yohan",964,96.8,0.215,0.127,0.288,0.341,0.305,0.302,0.226,44,205,83.8,8.9,2443,90.3,91.29,110,421,512,1,6.93,112,146,116,147,297,322,296,"3.612","-3.612","67.9","7.1","3.733631856",248,143,26,14,0,4,62,25,33,13.3,2.44152,0.39954,-0.04912,0.14846,"90.9",137,30.76923076923077,5.594405594405594,3.225806451612903,5.2,-2.83,0.06,2.29,0.351,8,"-0.387138264",0.36,0.317,"0.387138264",-0.011,-0.009000000000000008,0.024,0.003,26.1,"25.9",7.680079382873589,-1.9854920448107922,32.944020403468684,0.42053789731051344,35.59064937492857,29.83699544592299
929,666171,"Zeferjahn, Ryan",941,98.7,0.16,0.131,0.23,0.291,0.278,0.274,0.164,28,175,89.1,16.1,2433,91.2,91.72,128,367,562,0.5,6.69,110,149,117,149,305,328,300,"7.613","-7.613","70.1","7.2","2.779593065",216,105,16,6,1,5,71,32.9,31,14.4,2.08966,0.69765,-0.27663,0.0225,"91.6",155,36.19047619047619,5.714285714285714,2.7777777777777777,5.65,-2.14,0.06,2.33,0.312,6,"-0.819483315",0.317,0.268,"0.819483315",-0.004,-0.0050000000000000044,0.023,0.004,34.9,"36.2",7.880966038996751,-0.09252358848685545,32.85426870873633,0.4273743016759777,35.75387347754771,29.580685709342298
916,656794,"Newcomb, Sean",926,98.9,0.218,0.109,0.286,0.327,0.282,0.308,0.251,46,211,85.7,8.3,2454,89.7,88.52,100,403,513,-1.2000000000000028,5.71,108,149,115,145,292,321,293,"8.58","-8.58","68.7","6.9","1.90926339",239,157,32,7,5,2,55,23,21,8.8,2.48622,0.40066,0.15926,0.06627,"91.6",149,36.30573248407643,5.7324840764331215,3.765690376569038,5.81,2.71,0.07,2.39,0.307,9,"-0.936681223",0.336,0.357,"0.936681223",-0.033,-0.029000000000000026,-0.03,-0.026,24.8,"25.9",5.473939276131322,4.01165262861135,32.97605157041354,0.44696969696969696,36.107529034319946,26.0115138008339
916,669199,"Bachar, Lake",916,100,0.209,0.164,0.244,0.373,0.296,0.299,0.21,42,201,89.2,18.5,2686,89.8,89.08,134,425,491,-0.7000000000000028,5.88,114,151,116,149,302,327,299,"5.591","-5.591","69.5","7.6","5.215920899",229,144,27,6,0,9,59,25.8,21,9.2,2.31056,0.53802,0.25561,-0.13135,"92.1",162,38.88888888888889,9.722222222222223,6.11353711790393,5.81,-1.66,0.04,2.16,0.294,14,"-0.610371179",0.297,0.372,"0.610371179",-0.001,-0.0030000000000000027,0.001,-0.003,31.5,"39.2",11.954870143550794,-5.19681058465042,31.661206129190138,0.5326876513317191,37.61588580032977,32.51870768637037
910,663687,"Harris, Hogan",918,99.1,0.235,0.126,0.327,0.361,0.32,0.294,0.204,43,183,85.8,13.4,2377,88,88.13,108,394,516,0.09999999999999432,6.56,109,149,116,148,299,326,298,"0.742","-0.742","68.8","6.9","2.251936007",217,119,32,5,0,6,65,30,28,12.9,2.42501,0.65493,0.27649,-0.10072,"90.5",156,31.932773109243694,6.722689075630252,3.686635944700461,6.05,2.12,-0.28,2.31,0.35,8,"-0.081538462",0.325,0.32,"0.081538462",0.031,0.024999999999999967,0.041,0.026,27.4,"57.1",6.135995014999927,2.7367990333294054,32.27557660005054,0.35410764872521244,35.97907980345158,28.34586550994232
908,670970,"Morejon, Adrian",917,99,0.225,0.069,0.303,0.294,0.256,0.251,0.217,49,218,86.1,0.5,2220,95.9,95.61,157,467,441,-0.30000000000001137,6.24,113,148,118,148,301,324,294,"8.79","-8.79","68.9","6.9","2.151576248",237,155,40,6,0,3,64,27,15,6.3,1.99992,0.51019,0.77492,-0.2579,"91.3",131,31.16883116883117,1.948051948051948,1.2658227848101267,5.92,2.61,0.07,2.41,0.283,3,"-0.968061674",0.276,0.291,"0.968061674",0.008,0.006999999999999951,0.003,0.005,33.6,"41.4",4.6085633033410005,6.499898574018725,32.3212948246458,0.43387470997679817,36.43977570500051,25.726032252892836
891,687562,"Bennett, Jake",895,99.6,0.224,0.093,0.254,0.316,0.254,0.273,0.229,53,237,84.9,10.5,2081,88.7,90.07,113,474,417,1.3999999999999915,7.12,108,150,119,147,293,317,292,"14.279","-14.279","68.7","7.1","3.432524223",256,197,41,7,0,5,46,18,11,4.3,2.4242,0.50618,0.90807,-0.49081,"91.3",141,36.04060913705584,5.583756345177665,4.296875,5.66,3.02,0.15,2.34,0.261,11,"-1.602581369",0.267,0.362,"1.602581369",-0.005,-0.006000000000000005,-0.046,-0.019,23.8,"32.2",7.632001437417057,0.035338333358058874,31.79730943303754,0.44086021505376344,37.37209463897026,30.335719344512086
888,670245,"Watson, Ryan",888,100,0.251,0.181,0.279,0.433,0.328,0.364,0.283,54,215,88.4,14.9,2144,89.3,90.58,102,441,447,1.2999999999999972,7.04,112,149,121,149,287,317,292,"-2.713","2.713","69.7","7.2","2.72695123",240,175,33,11,2,8,43,17.9,19,7.9,2.38554,0.49222,-0.02729,0.04432,"92.2",160,38.50574712643678,11.494252873563218,8.333333333333332,5.5,-1.1,0.06,2.2,0.319,20,"0.305518018",0.351,0.488,"-0.305518018",-0.032,-0.03199999999999997,-0.055,-0.036,23.1,"35.4",8.426113604956917,0.16126629148201446,31.200365532873143,0.47685185185185186,35.84444255853753,29.754307885048732
880,677865,"Bruihl, Justin",886,99.3,0.26,0.087,0.302,0.347,0.309,0.315,0.255,51,196,85.5,7.3,2243,84.6,84.94,72,392,488,0.30000000000001137,6.72,109,147,113,147,300,320,295,"0.687","-0.687","69.4","7.1","2.842895334",231,165,38,11,0,2,38,16.5,20,8.7,3.17701,0.08684,0.14277,-0.15311,"91.5",140,36.36363636363637,4.242424242424243,3.0303030303030303,4.86,3.48,0.09,2.27,0.343,7,"-0.078068182",0.345,0.35,"0.078068182",0.005,-0.0019999999999999463,-0.003,-0.006,18.4,"26.3",8.35820073284979,-2.8885755429797255,32.74282924373906,0.49604221635883905,36.936968266979314,32.47976425009261
876,702193,"Morris, Andrew",881,99.4,0.246,0.084,0.317,0.33,0.284,0.264,0.215,47,191,85.4,10.7,2089,92.4,92.33,94,414,462,-0.10000000000000853,6.23,112,148,118,148,292,323,291,"7.529","-7.529","69.5","6.9","2.39532917",212,143,38,5,1,3,51,24.1,16,7.5,1.74309,0.96514,0.12688,-0.16663,"90.8",160,32.86713286713287,2.797202797202797,1.8867924528301887,6.46,-1.43,0.13,2.29,0.308,4,"-0.859474886",0.281,0.305,"0.859474886",0.031,0.02699999999999997,0.025,0.02,22.7,"59.9",6.147489481138911,3.931641383376617,31.171496732210613,0.43640897755610975,36.78395111373924,26.888528305236175
876,675848,"Mejia, Juan",886,98.9,0.269,0.099,0.341,0.368,0.326,0.322,0.254,49,182,89.4,12.4,2609,92.1,91.93,112,420,456,-0.19999999999998863,5.98,109,148,118,147,301,330,299,"-0.712","0.712","68.8","7.0","3.466778018",213,137,40,4,1,4,48,22.5,26,12.2,2.23904,0.47376,-0.16717,-0.04087,"91.9",164,39.705882352941174,3.6764705882352944,2.3474178403755865,5.88,-1.92,0.14,2.52,0.363,5,"0.081278539",0.353,0.371,"-0.081278539",0.015,0.010000000000000009,-0.003,0.004,26.7,"35.3",5.937942367803307,3.3393581571007354,31.81712975681645,0.39348370927318294,36.43606294654946,26.502863013344
874,676760,"Marinaccio, Ron",875,99.9,0.272,0.21,0.297,0.482,0.361,0.339,0.262,53,195,89.1,15.5,2202,88,88.48,107,417,457,0.5,6.74,116,149,123,150,302,326,301,"-4.924","4.924","69.9","7.1","2.697623316",218,155,34,7,2,10,40,18.3,19,8.7,2.37527,0.62169,0.86649,-0.34262,"92.0",168,40.64516129032258,7.741935483870968,5.5045871559633035,5,-3.06,-0.07,2.28,0.349,12,"0.563386728",0.339,0.432,"-0.563386728",0.01,0.009999999999999953,0.05,0.022,25.7,"27.0",7.812993446607717,0.4406926797689167,32.85341765834572,0.4223918575063613,36.10643254058533,29.835355300793545
864,656546,"Hoffman, Jeff",876,98.6,0.258,0.132,0.394,0.39,0.313,0.283,0.21,47,182,86.9,9.6,2454,90.8,91.17,164,437,427,0.4000000000000057,6.53,112,147,116,149,289,320,291,"-0.617","0.617","69.3","7.3","4.355580521",207,113,33,8,2,4,72,34.8,17,8.2,2.31927,0.46952,0.57434,-0.30733,"90.8",151,33.92857142857143,8.035714285714286,4.3478260869565215,5.62,-2.67,0.07,2.17,0.333,9,"0.071412037",0.302,0.321,"-0.071412037",0.048,0.031000000000000028,0.069,0.03,37.5,"32.4",10.189091675496394,-3.530582498076042,31.849463943300503,0.47183098591549294,37.776045282948985,31.838577420815305
857,691799,"Taylor, Grant",857,100,0.198,0.104,0.293,0.302,0.254,0.233,0.175,38,192,88.6,10.9,2434,93,94.56,123,404,453,1.5999999999999943,7.17,111,149,117,147,296,326,297,"12.233","-12.233","67.2","6.8","3.597566981",212,120,26,8,0,4,74,34.9,18,8.5,2.25756,0.41716,0.02082,0.0058,"91.3",163,40.33613445378151,6.722689075630252,3.7735849056603774,5.9,-0.62,0.09,2.41,0.264,8,"-1.427421237",0.247,0.262,"1.427421237",0.023,0.017000000000000015,0.04,0.021,30.4,"58.2",4.614231926442936,7.367449504329622,30.605305027302006,0.3756345177664975,35.6337284793837,25.699549115880533
848,665622,"Medina, Luis",854,99.3,0.258,0.126,0.35,0.385,0.329,0.324,0.238,47,182,89.2,14.4,2327,92.6,92.34,112,361,487,-0.29999999999999716,6.15,111,148,117,148,301,323,298,"-1.776","1.776","69.1","7.2","3.591085556",216,129,33,9,1,4,58,26.9,26,12,2.12233,0.58049,0.45041,0.01063,"91.9",169,39.682539682539684,7.936507936507936,4.62962962962963,6.09,-1.37,0.2,2.25,0.355,10,"0.209433962",0.34,0.392,"-0.209433962",0.02,0.014999999999999958,-0.007,0.005,31,"40.4",9.485976740811166,-1.2265036900339585,32.2597513975574,0.48881789137380194,36.52039215138546,29.15223971466832
846,680755,"Fisher, Braydon",853,99.2,0.217,0.15,0.264,0.367,0.304,0.307,0.215,39,180,87.6,10.4,2328,87.7,86.4,101,376,470,-1.2999999999999972,5.41,109,147,117,149,292,321,289,"-2.201","2.201","68.7","7.4","3.428996122",214,133,25,7,1,6,52,24.3,26,12.1,2.78758,0.19732,-0.03827,0.01336,"91.8",145,40.6015037593985,12.030075187969924,7.476635514018691,6.56,0.49,0.21,2.32,0.321,16,"0.260165485",0.324,0.351,"-0.260165485",0.002,-0.0030000000000000027,0.016,-0.003,26.9,"48.9",11.928791535176822,-6.945428433883859,31.124545372156376,0.5248618784530387,37.43687162020163,32.574411112161435
839,593974,"Peralta, Wandy",845,99.3,0.254,0.132,0.283,0.386,0.318,0.321,0.264,50,197,86.8,7.1,2141,92.7,91.77,94,428,411,-0.9000000000000057,5.76,115,149,120,150,300,326,299,"1.571","-1.571","70.8","7.4","3.063713781",221,165,35,9,1,5,33,14.9,21,9.5,2.05111,0.61702,1.056,-0.05723,"91.2",138,33.939393939393945,4.242424242424243,3.167420814479638,5.97,0.49,0.16,2.01,0.332,7,"-0.187246722",0.341,0.384,"0.187246722",-0.01,-0.009000000000000008,0.002,-0.003,22,"41.5",10.369006149748008,-2.344337444659423,33.29357793432676,0.48894348894348894,37.21410654243009,31.259964998164545
838,664141,"Brubaker, JT",840,99.8,0.22,0.124,0.247,0.344,0.283,0.328,0.259,41,186,88,14.4,2323,90.3,89.49,78,372,466,-0.7999999999999972,5.73,112,149,117,148,295,322,298,"7.23","-7.23","70.1","7.3","3.622740285",211,154,28,7,2,4,36,17.1,20,9.5,2.30949,0.49536,0.74011,-0.07266,"91.8",165,36.36363636363637,5.844155844155844,4.265402843601896,6.23,-2.26,0.09,2.17,0.294,9,"-0.862768496",0.329,0.424,"0.862768496",-0.039,-0.03500000000000003,-0.08,-0.045,21,"45.7",11.072232004548727,-2.6259402068105353,32.303322070780304,0.5521978021978022,37.97859885154397,31.523224254530277
837,663568,"Kolek, Stephen",838,99.9,0.262,0.186,0.28,0.448,0.328,0.303,0.262,55,210,88.2,10.2,2241,90,90.07,80,404,433,0.09999999999999432,6.24,113,149,119,150,290,325,293,"-1.195","1.195","70.0","7.0","2.812277231",224,176,34,11,2,8,34,15.2,12,5.4,2.38349,0.44751,0.36429,-0.07966,"91.9",145,37.35632183908046,6.896551724137931,5.357142857142857,5.41,-2.14,0.04,2.37,0.308,12,"0.142771804",0.309,0.38,"-0.142771804",0,-0.0010000000000000009,0.068,0.025,19.8,"34.3",6.889187035341159,3.519037219499855,32.86566385866975,0.44836272040302266,35.430769604197174,28.34638997084943
835,686973,"Varland, Louis",839,99.5,0.196,0.042,0.308,0.238,0.222,0.217,0.184,37,189,86.6,2.4,2266,93.5,94.43,128,431,404,0.9000000000000057,6.88,112,148,117,150,290,320,293,"17.277","-17.277","68.8","7.1","3.443227092",204,118,31,5,0,1,72,35.3,14,6.9,2.21018,0.4241,0.29295,-0.20198,"91.0",145,34.74576271186441,2.5423728813559325,1.4705882352941175,5.39,-2.94,0.1,2.03,0.25,3,"-2.069101796",0.24,0.243,"2.069101796",0.012,0.010000000000000009,-0.005,0.005,29.7,"39.2",5.368194831423458,5.660824709145308,32.351123716411266,0.4343675417661098,38.0356585214318,25.867846218271488
829,671922,"Smith, Cade",832,99.6,0.221,0.116,0.321,0.337,0.265,0.28,0.217,40,181,91.7,15.1,1867,92.9,94.52,140,412,417,1.5999999999999943,7.36,114,149,121,149,300,326,300,"4.232","-4.232","68.3","6.9","2.512641369",197,116,27,9,0,4,68,34.5,12,6.1,1.913,0.77225,0.37876,-0.2379,"91.5",169,43.103448275862064,9.482758620689655,5.583756345177665,5.68,-2.29,-0.04,2.28,0.269,11,"-0.510494572",0.269,0.367,"0.510494572",0.004,0,-0.03,-0.015,34,"38.4",6.334075167539293,4.393693506694918,31.67951908533005,0.41475826972010177,37.74305262881218,26.590891054073087
828,607074,"Rodón, Carlos",828,100,0.195,0.11,0.261,0.305,0.28,0.296,0.212,32,164,89.4,13.4,2306,90.7,90.4,115,399,429,-0.29999999999999716,6.13,111,149,120,150,289,324,291,"5.429","-5.429","70.0","7.3","3.306249822",194,115,20,9,0,3,52,26.8,26,13.4,1.97013,0.82465,0.56679,-0.2707,"91.2",158,35.65217391304348,5.217391304347826,3.0927835051546393,6.3,2.38,-0.09,2.29,0.306,6,"-0.655676329",0.323,0.324,"0.655676329",-0.017,-0.017000000000000015,-0.019,-0.016,28.8,"45.3",9.945009251768825,-1.5018662255928366,32.16990415424913,0.5113350125944585,36.06311617642469,29.976429536816823
828,605280,"Holmes, Clay",828,100,0.206,0.088,0.252,0.294,0.258,0.306,0.251,40,194,89.8,5.1,2184,89.3,88.35,86,392,436,-1,5.86,111,149,118,150,297,320,299,"10.302","-10.302","70.6","7.5","3.251925835",215,150,29,8,0,3,45,20.9,18,8.4,2.98013,-0.07504,0.43863,-0.16229,"92.2",116,44,5.333333333333334,3.7209302325581395,6.37,-1.31,-0.01,2.12,0.276,8,"-1.244202899",0.32,0.366,"1.244202899",-0.045,-0.043999999999999984,-0.072,-0.048,21.9,"40.6",12.24615391842466,-4.106336777637001,34.62839254420356,0.533678756476684,37.348170692629196,31.282796367320127
822,687396,"Headrick, Brent",825,99.6,0.211,0.085,0.299,0.296,0.255,0.266,0.22,42,199,86.5,16.2,2159,90.1,90.86,144,445,377,0.8000000000000114,6.91,109,149,119,149,289,324,290,"14.51","-14.51","69.2","7.3","4.733311142",219,139,30,9,1,2,63,28.8,17,7.8,1.86265,0.9883,0.41933,-0.1585,"91.6",168,37.410071942446045,4.316546762589928,2.73972602739726,6.3,1.74,0.07,2.01,0.273,6,"-1.765206813",0.282,0.319,"1.765206813",-0.009,-0.008999999999999952,-0.023,-0.011,32.4,"40.0",10.846898587764336,-5.049299164088592,32.136746404912465,0.47235023041474655,36.760448777505836,32.193741993462055
822,686613,"Brown, Hunter",822,100,0.192,0.114,0.239,0.305,0.291,0.297,0.196,32,167,86.2,7.6,2206,91.9,92.55,98,333,489,0.5999999999999943,6.76,111,149,112,150,292,326,293,"4.417","-4.417","70.2","7.1","2.999121756",200,118,23,4,0,5,50,25,28,14,2.23627,0.50221,0.50807,-0.02785,"91.5",140,39.83050847457627,5.932203389830509,3.5000000000000004,6.08,-2.05,-0.23,2.48,0.32,7,"-0.537347932",0.323,0.323,"0.537347932",-0.004,-0.0030000000000000027,-0.018,-0.006,29.4,"53.6",8.219002512780353,3.8693782861105106,31.89110685622335,0.4582043343653251,36.567984240632164,28.17779591089217
820,608566,"Márquez, Germán",822,99.8,0.27,0.254,0.27,0.524,0.375,0.359,0.262,50,185,88.6,16.7,2315,90.4,88.66,79,395,425,-1.7000000000000028,5.32,116,149,121,151,300,326,302,"-15.291","15.291","70.1","7.3","3.840927971",211,153,27,11,0,12,34,16.1,22,10.4,2.14938,0.69218,0.60203,-0.09138,"92.4",165,44.44444444444444,9.803921568627452,7.109004739336493,6.05,-1.36,0.11,2.04,0.351,15,"1.864756098",0.346,0.478,"-1.864756098",0.008,0.0050000000000000044,0.046,0.016,20,"38.5",10.729400173449363,-3.03451901491315,34.820320642932785,0.49852507374631266,35.62939356251575,31.533766103049796
816,656638,"Lange, Alex",816,100,0.258,0.153,0.328,0.411,0.348,0.344,0.247,42,163,89.6,9.7,2151,91.7,91.83,103,376,440,0.09999999999999432,6.36,114,147,118,149,291,321,292,"-3.875","3.875","69.9","7.4","3.170924846",193,120,27,9,2,4,44,22.8,24,12.4,2.43869,0.28556,0.75485,-0.11973,"91.9",146,41.66666666666667,12.5,7.772020725388601,5.82,-1.85,0.01,2.03,0.368,15,"0.474877451",0.359,0.415,"-0.474877451",0.011,0.009000000000000008,-0.004,0.004,27.4,"41.2",11.247587516038665,-4.648199495077844,33.094981622562045,0.5401069518716578,36.70630924225785,31.940883633586957
811,663460,"Bubic, Kris",812,99.9,0.2,0.122,0.256,0.322,0.286,0.327,0.24,36,180,89.1,12.3,2260,88.3,89.02,99,380,431,0.7000000000000028,6.73,109,151,124,150,293,320,286,"4.386","-4.386","69.2","7.0","2.413688851",207,129,23,8,1,4,51,24.6,26,12.6,2.33593,0.61035,0.15332,-0.12735,"91.4",165,39.84375,7.8125,4.830917874396135,5.61,2.05,0.06,2.36,0.304,10,"-0.54081381",0.34,0.395,"0.54081381",-0.04,-0.03600000000000003,-0.073,-0.041,26.1,"38.1",6.518057443933401,3.9090840795799915,32.80520595457464,0.4650537634408602,36.477163945588444,27.163065530166463
805,656271,"Burke, Brock",822,97.9,0.205,0.141,0.245,0.346,0.293,0.319,0.237,38,185,87,16.3,2248,91.5,92.14,104,365,440,0.5999999999999943,6.72,109,149,114,147,295,323,292,"1.441","-1.441","70.0","7.2","3.036311351",218,144,22,10,2,4,43,19.7,29,13.3,1.89236,0.85576,0.67138,-0.09406,"91.3",167,31.386861313868614,8.02919708029197,5.045871559633028,6.34,1.72,-0.06,2.46,0.318,11,"-0.179006211",0.348,0.379,"0.179006211",-0.032,-0.02999999999999997,-0.033,-0.026,28.5,"43.8",9.160964901790862,-0.5811526467202224,31.078276552483484,0.4733893557422969,37.066681911806405,30.245177277333266
804,595345,"Okert, Steven",805,99.9,0.17,0.115,0.21,0.286,0.233,0.251,0.185,31,182,85.9,28.3,2360,84.4,84.43,122,400,404,0,6.33,113,149,111,149,290,323,289,"13.04","-13.04","69.8","7.4","3.282693949",200,131,21,4,1,5,54,27,12,6,2.39989,0.83224,-0.19232,0.04425,"91.0",169,31.007751937984494,4.651162790697675,3,5.86,3.13,-0.16,2.44,0.232,6,"-1.621890547",0.247,0.316,"1.621890547",-0.015,-0.014999999999999986,-0.03,-0.018,30.5,"33.8",12.859677275625137,-7.389566345470067,31.304202255278295,0.4782608695652174,36.9783731960754,33.87012089061886
800,700669,"Graceffo, Gordon",804,99.5,0.189,0.124,0.201,0.314,0.271,0.349,0.257,35,185,91.9,10.1,2134,91.1,91.16,61,350,450,0.10000000000000853,6.31,111,148,114,148,302,320,295,"8.55","-8.55","70.3","7.1","2.582028424",215,154,22,8,0,5,34,15.8,25,11.6,2.29336,0.47371,0.39853,-0.06518,"92.5",155,45.45454545454545,11.03896103896104,7.906976744186046,5.97,-1.51,-0.06,2.21,0.288,17,"-1.06875",0.347,0.458,"1.06875",-0.068,-0.059,-0.144,-0.078,17.4,"48.8",7.907399303477122,1.250783341617288,32.20131915886423,0.46726190476190477,35.37555381402891,29.172566938812235
798,594580,"Moll, Sam",806,99,0.231,0.128,0.29,0.359,0.317,0.328,0.227,36,156,83.9,7.6,2516,86.7,83.86,80,336,462,-2.799999999999997,4.52,109,148,113,147,293,322,292,"0.125","-0.125","68.4","7.2","4.75895901",192,116,27,3,1,5,46,24,24,12.5,3.21927,-0.14612,0.28799,-0.17125,"91.9",133,34.285714285714285,6.666666666666667,3.6458333333333335,4.83,1.9,-0.07,2.01,0.348,7,"-0.01566416",0.359,0.36,"0.01566416",0.004,-0.01100000000000001,-0.001,-0.011,23.8,"12.6",8.051136559319442,-1.2846277049867894,33.74339514803545,0.4831804281345566,37.11364064330165,30.466829633358568
797,676534,"Faucher, Calvin",802,99.4,0.229,0.054,0.311,0.283,0.298,0.325,0.25,38,166,88.2,6.5,2776,91.4,90.69,85,328,469,-0.7000000000000028,5.87,111,146,111,147,300,324,296,"5.29","-5.29","69.2","7.1","3.017401931",202,123,29,9,0,0,46,22.8,30,14.9,2.68432,0.06348,-0.29861,0.12922,"92.0",136,41.46341463414634,4.878048780487805,2.9702970297029703,5.72,-1.28,0.07,2.09,0.353,6,"-0.663739021",0.371,0.344,"0.663739021",-0.021,-0.018000000000000016,-0.061,-0.027,25.9,"43.9",4.9656700814654,5.751114782908483,33.24939534933111,0.40372670807453415,36.210192861056115,25.971039436231994
796,622608,"Senzatela, Antonio",804,99,0.255,0.112,0.311,0.367,0.3,0.293,0.246,50,196,87.3,10.3,2304,93.4,93.64,97,397,399,0.19999999999998863,6.22,109,148,117,147,301,330,299,"2.354","-2.354","68.0","6.6","1.896192426",216,153,39,4,3,4,45,20.8,17,7.9,1.92877,0.68398,0.24107,0.06328,"91.6",161,40.52287581699346,5.88235294117647,4.166666666666666,5.91,-2.89,0.09,2.52,0.316,9,"-0.295728643",0.308,0.36,"0.295728643",0.009,0.008000000000000007,0.007,0.007,24.4,"40.7",3.1257421151514384,10.257576187784714,31.49132324319646,0.39588688946015427,35.905659374319,22.83232128282026
793,621121,"McCullers Jr., Lance",793,100,0.247,0.211,0.306,0.458,0.359,0.328,0.236,41,166,90.5,13.4,2311,86.8,86.25,92,330,463,-0.5,6,114,148,118,151,294,328,297,"-6.706","6.706","71.1","7.5","2.837498485",195,118,21,12,1,7,48,24.6,27,13.8,2.71974,0.33456,0.02236,0.08339,"92.6",143,47.45762711864407,7.627118644067797,4.615384615384616,5.38,-1.36,0.03,2.12,0.359,9,"0.845649433",0.35,0.378,"-0.845649433",0.011,0.009000000000000008,0.08,0.031,27.9,"31.1",11.9743546051907,-3.257561695154127,33.26463994319704,0.5030864197530864,36.125883428441085,32.25597896880264
792,657097,"Webb, Jacob",792,100,0.241,0.121,0.305,0.362,0.296,0.314,0.249,42,174,89.4,14.1,2414,89.3,89.03,132,406,386,-0.29999999999999716,6.29,112,150,116,152,299,326,301,"-0.807","0.807","70.3","7.3","2.604038889",193,124,33,3,0,6,52,26.9,17,8.8,2.07981,0.82346,0.83142,-0.36954,"92.1",166,46.34146341463415,7.317073170731707,4.66321243523316,5.5,-3.01,-0.09,2.36,0.306,9,"0.101893939",0.317,0.396,"-0.101893939",-0.008,-0.01100000000000001,-0.034,-0.018,32.5,"32.4",11.519072793442874,-1.8896737499124359,31.39780672253669,0.44080604534005036,39.06048363222654,31.34892797337953
791,621112,"Blackburn, Paul",791,100,0.195,0.08,0.227,0.275,0.249,0.29,0.231,39,200,85.8,4.3,2254,89.6,89.39,79,366,425,-0.19999999999998863,6.2,110,147,120,149,290,324,290,"13.694","-13.694","70.0","7.2","3.345889827",220,158,31,4,0,4,42,19.1,19,8.6,2.51537,0.35872,0.32377,0.02268,"91.6",136,32.278481012658226,6.329113924050633,4.545454545454546,5.98,-2.14,-0.06,2.22,0.268,10,"-1.731226296",0.301,0.348,"1.731226296",-0.036,-0.032999999999999974,-0.073,-0.041,21.6,"45.9",9.588006494858368,0.040374070991207434,31.01322766273759,0.480225988700565,37.976247336628056,30.243509855391647
788,669330,"Wells, Tyler",788,100,0.211,0.157,0.258,0.368,0.276,0.278,0.214,39,185,86,25.5,2391,89.4,89.28,125,407,381,-0.10000000000000853,6.17,112,149,117,148,294,321,297,"7.278","-7.278","69.9","7.4","2.537199809",202,135,23,9,1,6,53,26.2,12,5.9,1.86118,1.00268,0.15684,-0.25379,"90.8",169,32.592592592592595,5.9259259259259265,3.9603960396039604,7.03,-0.83,0.07,2.47,0.264,8,"-0.923604061",0.268,0.364,"0.923604061",-0.003,-0.0040000000000000036,0.004,-0.002,30.7,"52.3",11.37644776041817,-5.39360347657185,29.918731844064247,0.5767326732673267,38.22217466773972,31.97230396083623
788,670280,"Bednar, David",792,99.5,0.205,0.099,0.276,0.304,0.257,0.26,0.211,35,171,85.6,4.8,2109,90.2,90.5,129,415,373,0.29999999999999716,6.48,114,147,119,150,285,323,291,"7.755","-7.755","70.3","7.2","3.46590023",188,119,26,4,2,3,53,28.2,14,7.4,2.24604,0.62335,0.46453,-0.08113,"90.9",130,37.81512605042017,4.201680672268908,2.6595744680851063,5.91,-1.8,0.08,2.19,0.271,5,"-0.984137056",0.278,0.299,"0.984137056",-0.006,-0.007000000000000006,0.005,-0.003,31.1,"39.1",10.06480730727692,-3.114624372221123,30.984344984284295,0.5320197044334976,36.942674045308166,30.73683998244284
788,694335,"Svanson, Matt",788,100,0.306,0.144,0.365,0.45,0.363,0.369,0.301,55,180,90.3,16.5,2259,92.2,92.65,72,384,404,0.5,6.54,111,146,114,148,300,320,296,"-7.012","7.012","69.9","7.0","2.351301825",207,143,39,11,0,5,41,19.8,21,10.1,2.23341,0.4676,0.25474,0.04645,"92.4",166,44.75524475524475,6.993006993006993,4.830917874396135,5.56,-1.65,0.22,2.38,0.379,10,"0.889847716",0.377,0.467,"-0.889847716",0.005,0.0020000000000000018,-0.017,-0.006,18.8,"28.0",5.807547987070308,5.848843931057363,32.666956685244436,0.4473684210526316,35.75966487356754,26.04068226500212
786,673540,"Senga, Kodai",787,99.9,0.28,0.273,0.327,0.553,0.408,0.354,0.244,45,161,88.9,18,2104,89.5,89.38,103,358,428,-0.09999999999999432,6.34,109,149,118,148,301,321,297,"-16.29","16.29","69.8","7.4","4.45311537",194,113,26,6,1,12,49,25.3,30,15.5,2.2801,0.62361,0.39502,0.05843,"91.7",174,38.93805309734513,13.274336283185843,7.731958762886598,5.99,-1.97,-0.09,2.04,0.397,15,"2.072519084",0.368,0.429,"-2.072519084",0.036,0.029000000000000026,0.124,0.054,28.8,"47.8",11.043651519802266,-4.897621856928531,32.732426970648135,0.447887323943662,36.93028577757305,33.19411259964305
781,621237,"Alvarado, José",790,98.9,0.282,0.153,0.396,0.436,0.352,0.296,0.228,46,163,85.7,15.6,2066,95.6,96.82,110,374,407,1.2000000000000028,6.94,111,149,118,147,290,320,293,"-0.69","0.69","69.2","7.1","2.596443957",186,111,32,7,3,4,53,28.5,15,8.1,1.71577,0.78558,0.71121,-0.11597,"90.7",147,26.36363636363636,4.545454545454546,2.6881720430107525,6.46,1.43,-0.27,2.4,0.368,5,"0.088348271",0.32,0.344,"-0.088348271",0.054,0.04799999999999999,0.092,0.056,29.4,"57.1",9.348703851648581,-0.964653885147358,32.770106601040716,0.4904109589041096,34.64492092249055,28.735188520950334
781,660853,"De Los Santos, Enyel",786,99.4,0.246,0.147,0.301,0.393,0.297,0.283,0.231,47,191,86.9,17.8,2123,90,90.08,123,423,358,0.09999999999999432,6.4,111,149,112,149,294,325,294,"5.215","-5.215","69.7","7.3","3.095018814",205,144,31,10,0,6,49,23.9,12,5.9,2.02653,0.81466,0.72518,-0.25508,"91.2",165,36.80555555555556,5.555555555555555,3.902439024390244,5.41,-2.11,0.07,2.33,0.291,8,"-0.667733675",0.277,0.372,"0.667733675",0.015,0.013999999999999957,0.021,0.014,29.1,"24.7",10.727956002854345,-3.8904975672323925,30.982938624826783,0.4523809523809524,37.34892622663455,31.460932690605357
780,623211,"Brazobán, Huascar",788,99,0.171,0.103,0.214,0.274,0.247,0.262,0.201,30,175,83.8,6.9,2187,93.8,92.68,99,385,395,-1.0999999999999943,5.73,109,149,118,149,301,321,296,"11.663","-11.663","70.6","7.5","2.833368455",200,130,18,9,0,3,47,23.5,22,11,2.0995,0.51143,1.37208,0.13856,"90.8",119,26.356589147286826,2.3255813953488373,1.5,5.98,-1.4,-0.11,1.99,0.266,3,"-1.49525641",0.293,0.278,"1.49525641",-0.03,-0.02699999999999997,-0.004,-0.015,25.7,"38.1",12.080998371809532,-7.480897535923613,32.93596443805746,0.5105820105820106,36.38332579860496,32.87455218380932
779,672782,"Gómez, Yoendrys",791,98.5,0.209,0.141,0.24,0.35,0.293,0.343,0.246,37,177,87.8,23.4,2494,91.7,92.47,92,371,408,0.7999999999999972,6.84,110,148,116,148,297,327,294,"3.528","-3.528","70.2","7.2","2.182696973",205,136,25,5,1,6,43,21,23,11.2,1.7919,0.95508,0.16995,-0.04785,"91.7",176,42.64705882352941,9.558823529411764,6.341463414634147,5.37,-2.17,0.21,2.26,0.309,13,"-0.452888318",0.343,0.443,"0.452888318",-0.037,-0.03400000000000003,-0.093,-0.05,24.8,"31.5",8.703985434291694,0.6239983236158914,32.14466221857197,0.5069252077562327,37.3747115149827,29.328261631427566
776,642121,"Sulser, Cole",784,99,0.261,0.172,0.323,0.433,0.319,0.325,0.254,47,180,86.4,14.9,2119,87.9,88.18,107,398,378,0.29999999999999716,6.59,109,149,115,149,301,333,300,"-2.672","2.672","69.9","7.2","2.622229688",197,135,28,13,0,6,48,24.4,14,7.1,2.0912,0.89698,0.72001,-0.15914,"91.7",163,39.55223880597015,11.940298507462686,8.121827411167512,5.71,-1.73,0.04,2.11,0.313,16,"0.344329897",0.307,0.461,"-0.344329897",0.007,0.006000000000000005,-0.028,-0.006,26.9,"42.4",9.765407137238034,-2.4260019012851006,31.63769656455742,0.5,36.42569903220413,30.86601673079291
774,641835,"Mayza, Tim",778,99.5,0.232,0.144,0.289,0.376,0.286,0.284,0.233,42,181,88.1,6.3,2104,91.9,93.06,83,350,424,1.1999999999999886,6.94,111,149,118,147,291,322,294,"4.129","-4.129","70.0","7.0","2.306450396",195,135,27,9,1,5,48,24.6,11,5.6,2.21528,0.49186,0.77337,-0.1121,"92.1",150,44.44444444444444,7.4074074074074066,5.128205128205128,6.25,1.59,-0.07,2.04,0.28,10,"-0.533462532",0.281,0.371,"0.533462532",-0.001,-0.0010000000000000009,0.005,0.002,23.7,"43.1",5.235832279621005,6.103838770218663,34.167833061701174,0.4502923976608187,37.10951051742447,25.70028794365094
772,682254,"Montgomery, Mason",776,99.5,0.204,0.136,0.304,0.34,0.28,0.273,0.201,33,162,87.1,7,2336,94.8,96.03,115,377,395,1.2000000000000028,6.95,110,148,116,147,301,322,294,"5.484","-5.484","69.1","7.0","2.647737308",183,97,21,7,0,5,66,36.1,20,10.9,1.63236,0.92272,0.24631,-0.08293,"91.5",153,42.2680412371134,9.278350515463918,4.918032786885246,5.7,1.16,-0.24,2.34,0.29,9,"-0.710362694",0.288,0.321,"0.710362694",0.003,0.0020000000000000018,0.019,0.007,30.5,"57.5",5.215636311290118,4.6609490723913165,31.885946217187573,0.40482573726541554,35.22393138493838,26.59726288362592
770,518585,"Cruz, Fernando",774,99.5,0.196,0.101,0.275,0.297,0.283,0.277,0.182,31,158,83.8,21.8,1487,84.9,85.73,135,337,433,0.7999999999999972,6.88,109,146,116,148,288,324,289,"6.004","-6.004","67.4","7.7","7.135985077",189,105,21,7,0,3,55,29.1,27,14.3,2.61021,0.60744,0.22849,-0.05999,"90.7",161,21.904761904761905,6.666666666666667,3.7037037037037033,5.99,-2,0.02,1.9,0.317,7,"-0.77974026",0.306,0.3,"0.77974026",0.014,0.01100000000000001,-0.003,0.006,40.1,"47.4",16.331490289551507,-16.861804713097413,32.57161019822739,0.3932926829268293,36.35326556952413,40.212959806663264
767,663947,"Holton, Tyler",767,100,0.28,0.151,0.322,0.43,0.333,0.306,0.262,52,186,87.8,10.4,2239,86.3,86.7,85,365,402,0.4000000000000057,6.47,111,150,117,148,294,326,299,"-1.461","1.461","69.7","7.3","2.230256097",201,150,37,8,1,6,37,18.4,11,5.5,2.6702,0.40862,0.05892,-0.10411,"92.1",138,39.59731543624161,6.0402684563758395,4.477611940298507,5.82,1.73,-0.09,2.08,0.33,9,"0.190482399",0.314,0.378,"-0.190482399",0.018,0.016000000000000014,0.052,0.027,23.3,"38.5",9.318370545604116,-2.092272236486084,32.33420732540387,0.5403899721448467,36.75448931887551,31.63667807431753
765,656641,"Latz, Jacob",772,99.1,0.13,0.107,0.162,0.237,0.181,0.243,0.189,22,169,87.5,19.3,2350,90.2,90.41,115,402,363,0.20000000000000284,6.49,113,149,113,148,302,325,301,"18.251","-18.251","70.0","7.3","3.076616189",182,120,10,9,0,3,51,28,11,6,1.84452,0.99717,0.49347,-0.31499,"90.9",160,36.97478991596639,5.88235294117647,3.8461538461538463,5.99,1.92,-0.05,2.39,0.181,7,"-2.385751634",0.239,0.314,"2.385751634",-0.059,-0.057999999999999996,-0.077,-0.062,28.6,"51.2",10.2071697426621,-2.328238644406305,29.89933659347706,0.5807291666666666,39.00539854739237,30.66086737131425
760,800311,"Fuentes, Didier",764,99.5,0.233,0.08,0.319,0.313,0.269,0.281,0.231,38,163,88.3,15.6,2183,94,95,106,391,369,1,6.87,111,147,119,149,303,322,302,"5.369","-5.369","69.8","7.0","2.793372964",181,115,29,7,0,2,51,28.2,13,7.2,1.67312,0.93429,0.60084,-0.15113,"90.8",177,35.96491228070175,5.263157894736842,3.314917127071823,4.95,-2.55,0.1,2.38,0.293,6,"-0.706447368",0.292,0.344,"0.706447368",0.002,0.0010000000000000009,-0.031,-0.012,27.1,"23.9",5.855849543293714,5.0951007288137165,31.440821208145774,0.390625,37.58717756756018,26.603119679973442
758,642397,"Soto, Gregory",758,100,0.175,0.131,0.221,0.306,0.263,0.274,0.198,28,160,84.4,13.1,2438,90.7,90.72,90,327,431,0,6.4,110,149,116,147,301,323,294,"4.255","-4.255","68.2","7.3","5.46075026",183,110,18,4,1,5,51,27.9,18,9.8,2.26828,0.56598,0.39071,-0.03425,"91.3",145,33.33333333333333,5.405405405405405,3.278688524590164,5.57,2.26,-0.17,2.14,0.271,6,"-0.561345646",0.291,0.308,"0.561345646",-0.023,-0.019999999999999962,-0.002,-0.011,27.5,"33.5",10.663357191330064,-8.01964003111397,33.00784250243581,0.4371069182389937,34.834106757223736,33.8250671803573
754,660825,"Bazardo, Eduard",758,99.5,0.257,0.137,0.315,0.394,0.305,0.312,0.248,45,175,88.4,17.2,2339,91.1,90.2,77,349,405,-0.8999999999999915,5.79,112,145,108,145,293,319,296,"3.268","-3.268","69.6","7.1","1.967739438",196,134,31,9,0,5,47,24,14,7.1,2.35979,0.43065,0.4366,0.10663,"92.0",169,37.3134328358209,8.955223880597014,6.122448979591836,5.81,-1.89,0.12,2.32,0.309,12,"-0.433421751",0.308,0.405,"0.433421751",0.009,0.0010000000000000009,-0.011,-0.007,22.1,"42.7",8.129129283396496,-0.4742005350687351,32.295854147286384,0.5366568914956011,36.491647333684824,29.60408225807864
752,696270,"Johnson, Ryan",752,100,0.281,0.228,0.288,0.509,0.368,0.339,0.262,47,167,86.9,17.9,2238,87.4,87.28,91,370,382,-0.10000000000000853,6.19,112,149,122,151,304,328,304,"-9.84","9.84","71.5","7.5","3.498503689",189,136,31,5,0,11,34,18,17,9,2.53493,0.47781,0.45386,-0.29656,"91.6",155,34.55882352941176,8.088235294117647,5.82010582010582,5.67,-2.88,0.01,2.09,0.349,11,"1.308510638",0.335,0.444,"-1.308510638",0.019,0.013999999999999957,0.065,0.029,24.6,"18.0",13.16801033003228,-7.3654231150237,35.82204223439138,0.48324022346368717,36.90269365112383,33.719740285055416
752,689254,"Fluharty, Mason",758,99.2,0.261,0.139,0.339,0.4,0.324,0.272,0.199,43,165,84.8,14,2582,86.8,87.57,105,366,386,0.7999999999999972,6.8,110,149,115,150,287,316,287,"-1.881","1.881","69.7","7.3","2.186234438",187,117,32,5,0,6,51,27.3,18,9.6,2.56637,0.49184,-0.54207,-0.2908,"90.9",152,33.33333333333333,8.547008547008547,5.347593582887701,5.89,3.6,-0.19,2.3,0.335,10,"0.250132979",0.28,0.335,"-0.250132979",0.062,0.05499999999999999,0.065,0.052,28.7,"36.5",10.175859357062293,-3.3701963709878884,31.49888999821583,0.4604519774011299,37.17574670198135,31.27789775537009
750,687911,"King, Bryan",754,99.5,0.263,0.149,0.296,0.411,0.329,0.316,0.253,46,175,86.9,9.8,2112,88.6,89.01,67,376,374,0.4000000000000057,6.53,108,148,113,148,292,326,292,"0.43","-0.43","69.0","6.8","2.277075616",199,142,33,6,1,6,36,18.1,16,8,2.1692,0.76769,-0.05526,0.14812,"91.3",155,36.17021276595745,5.673758865248227,4.0201005025125625,5.58,2.71,-0.12,2.58,0.338,8,"-0.057333333",0.332,0.382,"0.057333333",0.01,0.006000000000000005,0.029,0.013,17.8,"34.9",5.553699140380516,7.47248807172999,31.770519825626693,0.44173441734417346,34.55746819153751,26.014472530486465
749,699134,"Rodriguez, Bradgley",750,99.9,0.215,0.099,0.28,0.314,0.264,0.242,0.196,37,172,86,8.1,2130,93.6,93.52,112,388,361,-0.09999999999999432,6.3,114,147,118,148,300,325,298,"8.148","-8.148","71.1","7.4","2.933122316",191,129,25,9,1,2,46,24.1,16,8.4,1.71911,0.90587,1.03194,-0.12726,"91.0",136,31.782945736434108,2.3255813953488373,1.5706806282722512,5.95,-0.62,0.01,2.28,0.28,3,"-1.087850467",0.263,0.276,"1.087850467",0.019,0.017000000000000015,0.038,0.022,28.9,"42.8",11.044962820188172,-4.62954587651698,32.7034076869014,0.41620111731843573,36.29044004363185,31.960591141094003
745,641302,"Alexander, Tyler",746,99.9,0.274,0.078,0.341,0.352,0.304,0.285,0.243,49,179,86.2,7.4,2097,87.2,87.13,72,344,401,-0.10000000000000853,6.28,110,148,112,148,301,326,300,"1.466","-1.466","70.3","7.1","1.829931222",197,142,40,6,1,2,40,20.3,13,6.6,2.42689,0.59976,0.48034,-0.26787,"91.2",144,34.50704225352113,3.5211267605633805,2.5380710659898478,5.45,2.54,0.07,2.26,0.328,5,"-0.196778523",0.3,0.339,"0.196778523",0.031,0.028000000000000025,0.013,0.019,20.9,"33.3",7.444470894165589,1.6751312431304455,32.54817396420433,0.5135135135135135,37.719491258494784,28.84455744993143
744,663542,"Hudson, Bryan",750,99.2,0.255,0.075,0.325,0.329,0.294,0.283,0.231,41,161,85.8,12.7,2173,88.8,90.32,85,347,397,1.5,7.31,108,149,115,146,296,324,295,"0.024","-0.024","68.9","6.9","1.571876735",192,126,33,6,0,2,44,22.9,17,8.9,2.32517,0.61291,0.30901,-0.0522,"91.2",154,36.507936507936506,3.968253968253968,2.604166666666667,5.1,3.4,-0.2,2.14,0.332,5,"-0.003225806",0.313,0.32,"0.003225806",0.024,0.019000000000000017,0.009,0.011,24.5,"12.9",3.4832852247565254,7.286945041747492,33.607407776135716,0.382089552238806,36.325379065254495,24.924552581024006
743,801403,"Dollander, Chase",743,100,0.238,0.171,0.289,0.409,0.319,0.307,0.217,39,164,89.8,11.8,2418,94,94.2,100,357,386,0.20000000000000284,6.43,112,150,123,148,295,326,298,"0.645","-0.645","70.4","7.1","2.397193888",189,121,23,10,0,6,47,24.9,18,9.5,2.09584,0.52789,0.61432,0.0088,"92.1",162,52.066115702479344,9.917355371900827,6.349206349206349,5.18,-1.82,0.22,2.29,0.319,12,"-0.086810229",0.305,0.387,"0.086810229",0.021,0.014000000000000012,0.022,0.012,28,"23.3",4.769090348341728,5.676588589836797,31.713377131144423,0.38011695906432746,36.458979668556,25.466212133702957
740,680570,"Rodriguez, Grayson",747,99.1,0.323,0.253,0.349,0.576,0.409,0.411,0.32,51,158,92.1,17.7,2233,89.7,91.03,75,355,385,1.2999999999999972,7.2,111,148,115,150,304,327,304,"-15.739","15.739","71.0","7.2","3.115971208",186,133,26,17,1,7,30,16.1,19,10.2,2.18743,0.70873,0.59534,-0.23561,"92.4",182,54.13533834586466,10.526315789473683,7.526881720430108,5.63,-2.54,-0.08,2.25,0.398,14,"2.126891892",0.403,0.563,"-2.126891892",0.003,-0.0050000000000000044,0.013,-0.002,21.1,"36.9",9.784970592521637,-1.635393945450401,33.669982032385754,0.48546511627906974,36.57931775026421,30.63822856057535
740,689147,"Kerkering, Orion",744,99.5,0.179,0.132,0.229,0.311,0.279,0.273,0.181,27,151,84.3,19.5,2566,92.5,92.18,86,314,426,-0.29999999999999716,6.13,112,149,117,147,291,321,294,"4.986","-4.986","68.7","7.0","2.758795432",180,109,15,7,2,3,44,24.4,24,13.3,2.08972,0.60499,0.1018,-0.01266,"90.5",163,26.605504587155966,6.422018348623854,3.888888888888889,5.81,-1.52,0.07,2.31,0.302,7,"-0.673783784",0.304,0.287,"0.673783784",-0.002,-0.0020000000000000018,0.024,0.006,27.4,"33.6",7.145111592616853,2.477724996664091,32.25788124850287,0.47572815533980584,37.28733517660521,26.59086664543393
734,683003,"Jones, Jared",734,100,0.2,0.176,0.252,0.376,0.277,0.275,0.208,34,170,89.2,15,2504,93.9,94.77,110,353,381,0.8999999999999915,6.63,113,147,118,149,301,326,302,"3.314","-3.314","71.0","7.3","2.939091101",184,118,17,10,1,6,53,28.8,13,7.1,1.97858,0.61551,0.33501,-0.14221,"92.1",154,37.28813559322034,7.627118644067797,4.891304347826087,5.44,-1.24,0.03,2.3,0.257,9,"-0.451498638",0.264,0.36,"0.451498638",-0.008,-0.007000000000000006,0.016,0.002,31.2,"41.3",8.644985904838334,-1.9424823471717225,32.58908875450691,0.5014577259475219,35.51447873915301,30.392496579762067
732,592773,"Stanek, Ryne",734,99.7,0.23,0.145,0.282,0.375,0.318,0.307,0.219,35,152,88.6,13.9,2169,94.5,94.05,103,358,374,-0.5,6.04,111,148,116,149,302,322,296,"1.538","-1.538","70.4","7.3","2.832787608",177,109,25,4,0,6,43,24.3,23,13,1.6479,0.9253,0.5948,-0.00745,"91.3",160,33.02752293577982,7.339449541284404,4.519774011299435,6.35,-0.6,0.18,2.26,0.335,8,"-0.21010929",0.326,0.364,"0.21010929",0.011,0.009000000000000008,0.011,0.011,28.8,"46.1",9.222141515622972,-0.22378008003659622,31.083725097755806,0.5714285714285714,37.3316706156487,28.831444648971537
729,681217,"Silseth, Chase",736,99,0.23,0.101,0.313,0.331,0.298,0.302,0.219,34,148,86.1,13.5,2077,92.1,91.31,112,343,386,-0.7999999999999972,5.92,108,146,112,147,302,326,299,"5.041","-5.041","69.6","7.1","3.270471299",174,103,26,4,1,3,48,27.6,22,12.6,2.03789,0.6824,0.56066,-0.19454,"90.9",162,32.038834951456316,8.737864077669903,5.172413793103448,5.87,-2.06,0.03,2.12,0.329,9,"-0.691495199",0.32,0.359,"0.691495199",0.011,0.009000000000000008,-0.028,-0.004,32.7,"35.2",7.6424382796930574,0.6865381559472732,33.37320272254295,0.47147147147147145,36.00660584589092,29.10918153011021
729,696147,"Bachman, Sam",733,99.5,0.207,0.152,0.25,0.36,0.305,0.29,0.21,34,164,85.7,6,2450,92.5,92.25,110,329,400,-0.29999999999999716,6.13,112,149,116,150,304,329,301,"2.886","-2.886","70.1","7.4","4.857312795",191,118,21,7,0,6,46,24.1,24,12.6,2.52396,0.16086,0.55767,-0.19427,"91.2",149,31.896551724137932,6.896551724137931,4.18848167539267,5.43,-1.51,0.16,2.24,0.319,8,"-0.395884774",0.323,0.311,"0.395884774",-0.003,-0.0040000000000000036,0.049,0.015,33.4,"34.1",10.382130787942312,-2.661797670373388,32.51125475069217,0.43302180685358255,36.75163354226669,30.994747348076807
728,656848,"Petersen, Michael",732,99.5,0.173,0.135,0.228,0.308,0.258,0.287,0.191,27,156,91.2,22.1,2221,93.7,93.31,102,358,370,-0.4000000000000057,6.18,115,150,114,150,304,327,297,"11.84","-11.84","70.1","7.1","2.140619069",176,105,15,7,1,4,51,29,18,10.2,1.61177,1.02646,0.47713,-0.20102,"91.6",179,43.80952380952381,11.428571428571429,6.8181818181818175,6.59,-1,-0.03,2.37,0.267,12,"-1.626373626",0.283,0.37,"1.626373626",-0.018,-0.01599999999999996,-0.062,-0.029,28.5,"51.9",9.192181680346028,0.9130107164651313,30.308923801378857,0.5495750708215298,35.73375174357917,29.138937640586473
726,686993,"Sterner, Justin",730,99.5,0.274,0.25,0.294,0.524,0.359,0.292,0.225,46,168,88,15,2537,88.4,88.73,113,378,348,0.29999999999999716,6.6,111,147,115,148,300,325,297,"-6.302","6.302","68.4","7.2","4.460290435",184,131,26,9,0,11,40,21.7,13,7.1,2.12511,0.83478,-0.16723,-0.02017,"92.1",177,45.38461538461539,9.230769230769232,6.521739130434782,5.44,-2.81,0.35,2.25,0.322,12,"0.868044077",0.28,0.399,"-0.868044077",0.049,0.04199999999999998,0.125,0.067,29.9,"38.2",9.763474077732043,-1.77662129938546,31.992479107484627,0.478134110787172,36.72418773558327,30.872955761267548
725,815083,"Farris, Mitch",726,99.9,0.274,0.202,0.33,0.476,0.359,0.351,0.274,46,168,89.8,14.9,2072,86.8,87.36,90,323,402,0.6000000000000085,6.71,109,148,114,149,303,329,300,"-5.535","5.535","67.9","7.2","5.30693114",187,123,28,10,0,8,45,24.1,18,9.6,2.32849,0.75154,0.67477,-0.14968,"92.7",171,46.28099173553719,8.264462809917356,5.347593582887701,6.14,0.83,-0.2,1.99,0.348,10,"0.763448276",0.349,0.458,"-0.763448276",0,-0.0010000000000000009,0.018,0.008,27.9,"49.1",10.689610692993847,-3.815297186364555,32.711069671655075,0.4857142857142857,36.02182301572452,31.8292652190039
723,694361,"Klein, Will",728,99.3,0.259,0.082,0.349,0.342,0.311,0.287,0.236,41,158,88.8,5.4,2350,92.6,93.43,74,312,411,0.8000000000000114,6.74,111,150,119,150,296,319,296,"0.539","-0.539","67.9","6.7","3.572477625",180,112,34,4,0,3,46,25.6,20,11.1,2.26917,0.41374,-0.05048,-0.07577,"91.7",144,39.63963963963964,2.7027027027027026,1.6666666666666667,5.53,-1.64,0.21,2.41,0.35,3,"-0.074550484",0.33,0.305,"0.074550484",0.023,0.019999999999999962,0.037,0.024,23.7,"43.0",2.853375228931126,8.603097542748344,30.513785748100897,0.3588039867109635,36.29670798303828,24.453982048199446
723,669276,"Lee, Dylan",723,100,0.168,0.114,0.236,0.281,0.212,0.232,0.188,28,167,85.5,18.1,2135,86.3,86.45,150,392,331,0.10000000000000853,6.32,111,148,122,148,305,323,299,"14.826","-14.826","69.6","7.7","4.410242501",178,110,18,4,3,3,60,33.7,8,4.5,2.24252,0.83742,0.26869,-0.19957,"91.0",157,31.818181818181817,5.454545454545454,3.3707865168539324,6.54,1.75,-0.11,2.02,0.203,6,"-2.050622407",0.226,0.294,"2.050622407",-0.02,-0.022999999999999993,-0.013,-0.02,38.3,"47.9",14.598143650157628,-13.259111325502948,32.648830191460554,0.4909090909090909,37.332515102108985,37.350210440567814
721,668941,"Romero, JoJo",729,98.9,0.244,0.14,0.302,0.384,0.313,0.337,0.262,40,164,90.3,8.6,2270,88.8,87.19,68,288,433,-1.5999999999999943,5.34,109,148,115,147,302,322,296,"-1.463","1.463","68.6","7.2","4.496234231",186,123,28,6,1,5,43,23.1,16,8.6,2.90154,0.02658,0.31112,-0.44105,"93.0",145,43.44262295081967,8.19672131147541,5.376344086021505,5.27,2.11,0.21,2.2,0.326,10,"0.202912621",0.343,0.433,"-0.202912621",-0.018,-0.017000000000000015,-0.049,-0.024,23.6,"28.6",7.961066414955201,0.6982758409033105,32.48309071231979,0.4785714285714286,38.305538478983635,29.959785989251277
721,668674,"Erceg, Lucas",721,100,0.287,0.173,0.319,0.46,0.377,0.328,0.251,43,150,85.7,7.2,1969,92.3,92.76,70,340,381,0.5,6.55,114,148,120,149,293,322,291,"-8.593","8.593","69.0","7.1","3.311807126",179,125,27,11,0,5,27,15.1,23,12.8,2.0967,0.61097,0.76914,-0.1093,"91.4",146,40,5.6000000000000005,3.910614525139665,5.97,-1.73,-0.06,2.16,0.393,7,"1.191816921",0.365,0.351,"-1.191816921",0.036,0.028000000000000025,0.109,0.049,20.6,"43.0",7.274172061437195,3.099260141653788,32.508869748685015,0.42433234421364985,37.322340622240155,27.82873113132291
720,666277,"Soriano, George",728,98.9,0.206,0.159,0.234,0.365,0.278,0.306,0.222,35,170,89.6,14.9,2167,91.6,91.92,106,355,365,0.30000000000001137,6.45,110,147,111,147,303,323,296,"6.061","-6.061","70.3","7.5","3.589551244",190,130,20,9,0,6,43,22.6,16,8.4,2.37111,0.36014,0.52934,-0.10286,"92.1",149,40.76923076923077,9.230769230769232,6.315789473684211,5.57,-2.51,0.09,2.24,0.274,12,"-0.841805556",0.295,0.4,"0.841805556",-0.016,-0.020999999999999963,-0.035,-0.028,29.9,"34.0",11.804286688428427,-8.023276959936977,32.22363363793852,0.5594202898550724,37.653562876139205,32.99551286843773
717,670036,"Festa, Matt",717,100,0.27,0.178,0.333,0.448,0.339,0.317,0.247,47,174,87.9,20.4,2576,88.6,88.86,95,342,375,0.30000000000001137,6.44,110,149,120,147,295,324,300,"-6.303","6.303","69.5","7.0","1.970096941",193,129,28,13,0,6,47,24.4,13,6.7,2.33782,0.594,-0.55354,0.0122,"91.9",171,40.310077519379846,9.30232558139535,6.217616580310881,5.08,-2.13,0.12,2.58,0.332,12,"0.879079498",0.313,0.406,"-0.879079498",0.023,0.019000000000000017,0.042,0.022,27.8,"33.5",6.6141390654156735,1.1126806043845026,31.21199129826289,0.46846846846846846,36.256010795687644,27.823034445914733
717,640448,"Finnegan, Kyle",719,99.7,0.255,0.176,0.293,0.43,0.348,0.334,0.24,42,165,89.3,9.6,1851,91.8,92.38,87,330,387,0.6000000000000085,6.62,112,150,118,149,295,328,299,"-2.617","2.617","70.1","7.3","3.419248472",192,130,26,9,1,6,36,18.8,25,13,1.77098,0.95846,0.57073,-0.06119,"92.4",155,44.61538461538462,9.230769230769232,6.25,5.67,-1.87,0.05,2.13,0.356,12,"0.364993026",0.343,0.409,"-0.364993026",0.015,0.012999999999999956,0.021,0.014,26.4,"51.9",9.925437271048033,-3.414127361334522,31.08642657564147,0.5294117647058824,36.50714527847908,30.941772516593446
713,681982,"Anderson, Grant",722,98.8,0.216,0.222,0.24,0.437,0.31,0.28,0.214,36,167,88.1,21.7,2426,88.6,89.02,90,356,357,0.4000000000000057,6.54,114,150,122,149,299,323,298,"-0.528","0.528","68.2","7.2","3.926066504",186,128,15,12,2,7,40,21.5,18,9.7,2.39927,0.54794,0.33201,-0.04788,"91.4",156,38.28125,7.8125,5.376344086021505,4.4,-2.13,0.12,2.26,0.29,10,"0.074053296",0.29,0.349,"-0.074053296",0.002,0,0.088,0.03,25.3,"6.9",10.345898214010315,-5.1619809099345995,32.374129550322934,0.5177514792899408,36.93677320736871,31.85207645979652
712,678606,"Ferrer, José A.",718,99.2,0.26,0.092,0.313,0.353,0.303,0.281,0.227,45,173,85.7,4,2198,94.6,93.75,73,362,350,-0.7999999999999972,5.95,112,147,112,146,294,319,293,"2.333","-2.333","68.6","6.9","2.678634055",192,139,35,7,0,3,36,18.8,13,6.8,2.15177,0.43251,1.33375,-0.23338,"91.0",137,35.25179856115108,5.0359712230215825,3.6458333333333335,5.74,2.98,-0.03,2.25,0.326,7,"-0.327668539",0.296,0.336,"0.327668539",0.033,0.030000000000000027,0.017,0.022,20.2,"32.5",3.013878898540532,6.898098734801718,33.91168144536123,0.3227665706051873,36.525612917857714,24.860838862713514
712,689296,"Nunez, Anthony",718,99.2,0.223,0.153,0.275,0.376,0.302,0.319,0.237,35,157,86.3,10.6,2329,90.9,91.15,114,339,373,0.29999999999999716,6.49,111,149,117,147,295,321,299,"2.763","-2.763","67.8","7.3","4.771256236",181,117,22,7,1,5,44,24.3,18,9.9,2.28622,0.50373,0.03501,-0.38583,"91.6",144,38.46153846153847,7.6923076923076925,4.972375690607735,5.66,-1.13,0.17,1.99,0.309,9,"-0.388061798",0.321,0.408,"0.388061798",-0.014,-0.01200000000000001,-0.032,-0.017,33.6,"37.3",9.525927374829125,-3.928517169525617,32.274684824211725,0.4939759036144578,38.234265065844134,31.18271455261982
710,668964,"Myers, Tobias",714,99.4,0.279,0.24,0.296,0.519,0.359,0.332,0.277,51,183,90.7,20.4,2029,87.3,87.86,66,371,339,0.6000000000000085,6.65,111,149,120,150,298,321,299,"-6.655","6.655","70.3","7.1","3.617647529",198,152,26,15,1,9,33,16.7,13,6.6,1.93024,1.10065,0.20444,-0.19038,"91.9",167,46.35761589403973,5.960264900662252,4.545454545454546,5.95,-0.74,0.08,2.42,0.325,9,"0.937323944",0.325,0.439,"-0.937323944",0.002,0,0.08,0.027,17.8,"63.5",11.191248823195972,-3.985068739142854,31.56447818665141,0.4696132596685083,36.60307620899689,31.611927431405807
708,695243,"Miller, Mason",712,99.4,0.138,0.007,0.3,0.145,0.176,0.177,0.125,21,152,84.9,11.5,2467,94.2,94.85,161,337,371,0.7000000000000028,6.79,118,148,120,149,300,324,295,"18.753","-18.753","66.9","7.3","7.086097287",169,70,20,1,0,0,83,49.1,15,8.9,2.17404,0.44687,-0.1887,-0.02975,"90.3",152,25.71428571428571,2.857142857142857,1.183431952662722,6.22,-1.56,0.21,2.35,0.219,2,"-2.648728814",0.207,0.165,"2.648728814",0.013,0.01200000000000001,-0.02,-0.001,47.8,"40.5",9.638547678778284,-4.504958920140857,31.20319438848499,0.4506172839506173,36.76614163174973,31.846400382957977
707,670950,"Richards, Trevor",707,100,0.208,0.19,0.239,0.399,0.287,0.285,0.217,35,168,89.4,21.9,2342,88,88.29,84,345,362,0.29999999999999716,6.47,111,150,120,148,295,326,296,"5.321","-5.321","69.8","7.3","5.326601501",181,122,20,6,1,8,47,26,12,6.6,1.98781,0.99581,0.60932,-0.03691,"91.9",188,40.16393442622951,7.377049180327869,4.972375690607735,6.3,-2.33,-0.05,2.18,0.261,9,"-0.75261669",0.27,0.385,"0.75261669",-0.009,-0.009000000000000008,0.014,0.002,24.3,"52.9",10.475091182606382,-3.1335418032723723,31.482157310015598,0.5029411764705882,36.63708977318904,30.642302481521174
706,642701,"Santana, Dennis",711,99.3,0.259,0.228,0.291,0.488,0.361,0.351,0.264,42,162,89.3,19.4,2471,90,89.57,91,352,354,-0.4000000000000057,6.06,113,146,116,147,298,322,297,"-7.402","7.402","69.8","7.4","3.323666996",186,126,21,13,0,8,37,19.9,21,11.3,2.14268,0.69297,0.64759,-0.19404,"91.8",172,41.269841269841265,9.523809523809524,6.451612903225806,5.64,-1.98,0.09,2.19,0.351,12,"1.048441926",0.355,0.457,"-1.048441926",-0.005,-0.0040000000000000036,0.031,0.01,25.9,"30.6",11.835102930180813,-6.176599499849171,33.22960933975799,0.5102040816326531,35.882274827502684,32.8678685087272
700,642232,"Yarbrough, Ryan",702,99.7,0.228,0.117,0.264,0.346,0.299,0.281,0.22,37,162,81.7,17.9,2044,81.4,81.46,77,331,369,0.09999999999999432,6.35,110,147,124,149,290,323,290,"3.079","-3.079","69.2","7.2","4.367135893",185,133,26,6,2,3,30,16.2,18,9.7,2.90561,0.60466,0.51783,-0.26793,"90.3",163,22.55639097744361,3.007518796992481,2.1621621621621623,5.17,3.09,-0.03,2.34,0.321,4,"-0.439857143",0.313,0.305,"0.439857143",0.008,0.008000000000000007,0.041,0.018,23.3,"17.4",10.378607003894768,-3.2081042901576247,32.139687304017016,0.4123076923076923,37.01132938762145,32.28321675781454
697,656464,"Ginkel, Kevin",703,99.1,0.235,0.145,0.283,0.38,0.287,0.302,0.239,39,166,88.2,13.8,2395,90.4,91.13,103,346,351,0.6999999999999886,6.74,110,146,113,148,298,324,293,"5.146","-5.146","67.7","7.2","3.820433047",181,126,25,9,0,5,43,23.8,12,6.6,2.2959,0.5232,0.21737,-0.04033,"92.0",170,43.65079365079365,9.523809523809524,6.629834254143646,6.54,-1.99,0.09,2.2,0.283,12,"-0.73830703",0.293,0.394,"0.73830703",-0.004,-0.010000000000000009,-0.014,-0.015,29.8,"42.7",9.071695746772786,-0.6732782663215885,32.107037855694884,0.4984984984984985,37.24357814166485,29.9018116243885
695,668984,"Legumina, Casey",703,98.9,0.273,0.143,0.31,0.416,0.331,0.336,0.271,44,161,86.1,13.3,2340,89.8,90.42,73,360,335,0.6000000000000085,6.82,108,148,114,148,300,329,299,"-0.061","0.061","68.9","6.9","2.133860045",185,135,29,11,0,4,31,16.8,13,7,2.09207,0.77942,0.77349,-0.15648,"91.1",167,37.77777777777778,8.148148148148149,5.9459459459459465,4.57,-2.1,-0.03,2.32,0.344,11,"0.008776978",0.344,0.428,"-0.008776978",0.002,0,-0.012,-0.005,20.3,"16.9",5.176177148475961,1.3412726268856432,32.921350645392266,0.45714285714285713,37.20978850210094,27.105089542098018
694,676617,"O'Brien, Riley",698,99.4,0.225,0.079,0.302,0.305,0.296,0.331,0.241,34,151,86.8,1.6,2263,93.1,93.74,84,308,386,0.6000000000000085,6.77,111,147,111,148,300,324,299,"3.822","-3.822","68.4","7.1","4.088680593",180,110,26,6,0,2,44,24.4,17,9.4,2.5096,0.17513,0.43303,0.00795,"92.3",134,40.36697247706422,7.339449541284404,4.444444444444445,5.59,-1.72,0.14,2.07,0.337,8,"-0.550720461",0.354,0.379,"0.550720461",-0.016,-0.01699999999999996,-0.074,-0.035,27.3,"30.9",8.583981559832186,1.3055622339405186,33.005212482531476,0.45819397993311034,36.838851360869484,28.760731357052155
691,622554,"Domínguez, Seranthony",694,99.6,0.211,0.165,0.262,0.376,0.315,0.338,0.233,28,133,89.9,15.6,2182,92,92.29,90,301,390,0.29999999999999716,6.43,109,148,116,146,296,326,297,"-1.153","1.153","70.0","7.3","4.967635381",158,90,18,4,0,6,44,27.8,22,13.9,2.02634,0.70416,0.19699,-0.08052,"91.3",165,38.20224719101123,10.112359550561797,5.69620253164557,5.57,-1.77,0.12,2.19,0.329,9,"0.166859624",0.353,0.41,"-0.166859624",-0.022,-0.023999999999999966,-0.034,-0.023,29.9,"29.2",10.026285684319314,-2.8000221297417185,31.83561355115559,0.4915254237288136,36.93672598168989,31.574905444957313
691,666661,"Morillo, Juan",695,99.4,0.188,0.091,0.262,0.279,0.247,0.232,0.169,29,154,84.8,6.9,2312,95.2,95.29,109,339,352,0.09999999999999432,6.38,111,147,116,150,299,322,292,"8.611","-8.611","68.3","6.8","2.901841255",176,106,20,6,1,2,52,29.5,16,9.1,1.69923,0.84397,0.54583,-0.18245,"90.9",158,30.76923076923077,3.8461538461538463,2.272727272727273,5.74,-1.55,-0.11,2.31,0.269,4,"-1.246164978",0.256,0.247,"1.246164978",0.019,0.013000000000000012,0.032,0.015,32.2,"46.8",3.2903814386698844,8.752616145102882,32.54234661750657,0.3611111111111111,36.994949675264685,24.68740763050252
691,675911,"Strider, Spencer",691,100,0.232,0.268,0.27,0.5,0.354,0.29,0.188,33,142,88.5,21.6,2316,88.6,89.5,99,322,369,0.9000000000000057,6.74,114,147,120,150,298,324,301,"-5.245","5.245","70.2","7.3","3.618024362",165,98,14,9,1,9,46,27.9,20,12.1,2.15559,0.78687,0.31124,-0.14661,"91.6",187,36.734693877551024,11.224489795918368,6.666666666666667,5.81,-1.77,0.23,2.21,0.327,11,"0.759044863",0.291,0.359,"-0.759044863",0.044,0.03600000000000003,0.141,0.064,30.7,"45.1",11.60995409235904,-5.761596009363667,32.77344539185044,0.4375,36.23816283803628,33.708503641701924
687,500779,"Quintana, Jose",690,99.6,0.288,0.212,0.289,0.5,0.363,0.343,0.275,45,156,86.9,17.2,2004,85.8,86.08,68,323,364,0.29999999999999716,6.43,109,150,120,146,302,331,296,"-7.349","7.349","70.8","7.4","2.823143007",181,143,26,11,2,6,20,11,17,9.4,2.55305,0.5669,0.41258,-0.27758,"91.6",160,32.86713286713287,8.391608391608392,6.629834254143646,5.75,2.48,-0.05,2.02,0.352,12,"1.069723435",0.344,0.441,"-1.069723435",0.013,0.008000000000000007,0.059,0.02,21.1,"42.0",10.907295140694787,-2.2250063815813945,33.18080231568749,0.5509554140127388,37.137929762425465,31.55197374625799
686,672335,"Pérez, Cionel",686,100,0.272,0.154,0.322,0.426,0.336,0.349,0.265,44,162,91.1,5.2,2408,91.2,90.43,78,314,372,-0.7999999999999972,5.81,109,149,120,149,301,321,298,"-2.201","2.201","69.5","7.1","3.667536486",178,122,34,2,1,7,40,22.5,16,9,2.63516,0.13812,0.08283,0.05518,"93.1",131,51.2396694214876,13.223140495867769,8.98876404494382,5.52,1.35,-0.05,2.05,0.337,16,"0.320845481",0.332,0.474,"-0.320845481",0.007,0.0050000000000000044,-0.048,-0.013,24.8,"35.1",6.570742936161604,3.6221009442574643,32.84796132620889,0.4952076677316294,36.73911401183037,28.301165672116277
684,664875,"Lawrence, Justin",688,99.4,0.275,0.275,0.33,0.549,0.413,0.38,0.267,39,142,89.3,11.8,2677,89.7,89.96,73,278,406,0.29999999999999716,6.56,110,146,117,146,299,323,295,"-18.808","18.808","67.1","7.2","5.446824465",177,100,19,10,1,9,43,24.3,28,15.8,2.64151,0.2585,0.09871,-0.12959,"92.3",166,43,10,5.649717514124294,4.35,-2.87,0.24,2.13,0.412,10,"2.749707602",0.406,0.454,"-2.749707602",0.008,0.00599999999999995,0.095,0.033,26.3,"2.7",8.025939042734725,-1.3387018451030366,32.70462880580252,0.4166666666666667,37.42257218408431,29.640581839523566
683,676263,"Dreyer, Jack",690,99,0.206,0.148,0.26,0.355,0.271,0.291,0.231,32,155,87.5,10.7,2460,90,90.45,91,326,357,0.5,6.59,110,150,117,149,294,316,294,"7.88","-7.88","69.6","7.0","2.062508909",170,108,21,5,0,6,49,28.8,12,7.1,2.14075,0.70188,0.06347,-0.02291,"91.7",144,41.1214953271028,7.476635514018691,4.705882352941177,5.99,1.76,-0.02,2.52,0.268,8,"-1.153733529",0.291,0.382,"1.153733529",-0.025,-0.022999999999999965,-0.027,-0.02,27.9,"58.4",7.8459381370489245,1.5094638571898051,30.652483464712816,0.5849056603773585,36.8384204717893,28.567067979023072
682,573124,"Rogers, Taylor",690,98.8,0.291,0.132,0.35,0.424,0.344,0.313,0.249,44,151,83.5,14.5,2500,84.5,83.65,53,294,388,-0.7999999999999972,5.81,110,146,115,146,292,320,289,"-2.341","2.341","66.8","7.1","2.370239199",174,122,31,9,1,3,33,19,17,9.8,2.93208,0.3361,-0.16006,-0.12696,"91.1",157,27.049180327868854,5.737704918032787,4.022988505747127,5.56,1.87,-0.48,2.47,0.366,7,"0.343255132",0.333,0.368,"-0.343255132",0.042,0.032999999999999974,0.056,0.031,18,"28.8",10.314908101167548,-2.04484690847222,30.3637894026359,0.4878048780487805,36.260229169843676,31.296905938450546
682,657514,"Bernardino, Brennan",686,99.4,0.245,0.104,0.295,0.35,0.287,0.301,0.259,40,163,84.7,10.1,2305,84.9,84,76,327,355,-0.9000000000000057,5.59,108,146,117,146,299,330,300,"3.249","-3.249","67.9","7.1","2.948332051",183,134,27,11,0,2,34,18.6,12,6.6,2.94963,0.24996,0.23952,-0.0907,"90.9",162,30.597014925373134,4.477611940298507,3.278688524590164,4.81,3.16,-0.07,2.23,0.302,6,"-0.476392962",0.315,0.371,"0.476392962",-0.014,-0.013000000000000012,-0.021,-0.014,23.2,"12.7",7.8529209313050865,-1.518122446188217,33.61417854000313,0.4326923076923077,36.47204127473066,29.65895854851388
682,650556,"Abreu, Bryan",682,100,0.221,0.206,0.286,0.427,0.357,0.33,0.21,29,131,89.3,15.3,2500,90.8,91.02,89,275,407,0.20000000000000284,6.48,112,147,113,148,292,326,293,"-2.777","2.777","67.8","7.0","3.571313957",164,86,17,4,1,7,47,28.7,28,17.1,2.31383,0.47812,-0.0228,0.0186,"91.9",156,46.51162790697674,6.976744186046512,3.6585365853658534,5.68,-2.21,0.03,2.41,0.37,6,"0.407184751",0.361,0.359,"-0.407184751",0.011,0.009000000000000008,0.068,0.027,32.4,"42.1",8.651029563590924,-0.9387139039339655,31.574769912234856,0.4870848708487085,35.9156425026999,29.199590938073275
680,664199,"Clarke, Taylor",684,99.4,0.195,0.112,0.203,0.308,0.242,0.311,0.248,33,169,86.1,7.8,2074,91.4,91.34,64,326,354,-0.10000000000000853,6.17,113,148,114,150,299,323,293,"10.821","-10.821","71.2","7.5","3.050957621",185,148,23,5,1,4,25,13.5,9,4.9,2.19775,0.53708,0.51457,-0.24884,"91.8",132,32.432432432432435,8.108108108108109,6.486486486486487,6.04,-0.9,0.19,2.06,0.245,12,"-1.591323529",0.3,0.418,"1.591323529",-0.053,-0.05499999999999999,-0.11,-0.069,19.6,"43.9",11.544065174794149,-3.606403769567842,33.59911865560232,0.5825242718446602,36.60294736331006,31.559041477573565
678,670167,"Schreiber, John",688,98.5,0.262,0.188,0.278,0.45,0.336,0.341,0.274,39,149,88.4,11.8,2315,89.2,89.42,67,296,382,0.20000000000000284,6.41,113,148,119,149,291,320,290,"-6.276","6.276","68.6","6.9","1.986092806",170,123,25,7,0,7,29,17.1,17,10,2.63037,0.26412,0.28091,-0.12755,"92.3",165,43.44262295081967,7.377049180327869,5.294117647058823,4.51,-2.8,0.08,2.35,0.337,9,"0.925663717",0.349,0.453,"-0.925663717",-0.012,-0.011999999999999955,-0.003,-0.005,22.6,"8.1",5.965723463708184,3.538650432908019,32.622989656097246,0.479020979020979,36.52536742760281,28.48237999751564
677,679358,"Orze, Eric",685,98.8,0.264,0.113,0.323,0.377,0.317,0.312,0.253,42,159,85.5,12,2074,86.4,87.46,64,294,383,1.0999999999999943,7.1,110,146,115,147,291,320,288,"-1.865","1.865","70.3","7.5","2.952678588",189,130,27,13,1,1,36,19,21,11.1,2.61907,0.47654,0.66127,-0.21078,"91.3",138,29.457364341085274,6.976744186046512,4.761904761904762,5.76,-1.73,-0.02,2.26,0.348,9,"0.275480059",0.342,0.366,"-0.275480059",0.011,0.00599999999999995,0.011,0.005,21.8,"42.5",11.932114041829843,-6.775176956559192,31.07144363742556,0.5335689045936396,38.21304525833904,34.20823190935999
677,668873,"Kilian, Caleb",685,98.8,0.234,0.108,0.305,0.342,0.291,0.283,0.213,37,158,85.1,12.1,2485,91.5,92.07,92,331,346,0.5999999999999943,6.59,114,149,115,148,294,322,299,"3.608","-3.608","68.9","7.1","2.644334883",181,112,30,2,0,5,49,27.1,18,9.9,2.31972,0.45433,-0.05673,0.10613,"91.2",164,34.82142857142857,7.142857142857142,4.41988950276243,5.94,-2.47,0.03,2.19,0.315,8,"-0.532939439",0.297,0.346,"0.532939439",0.021,0.018000000000000016,-0.004,0.008,27.8,"46.5",6.860314132235647,1.1409359552294542,33.021748999934545,0.42857142857142855,36.02539295360397,27.40160635419056
676,701656,"Henderson, Logan",676,100,0.195,0.151,0.26,0.346,0.258,0.255,0.204,31,159,86.5,21.6,2422,88,87.92,104,369,307,-0.09999999999999432,6.25,116,149,122,151,298,326,302,"4.896","-4.896","70.3","7.2","2.762083188",169,105,18,7,1,5,54,32,9,5.3,1.94454,1.03018,0.88419,-0.53013,"91.0",170,34.285714285714285,7.6190476190476195,4.733727810650888,5.2,-1.65,-0.08,2.4,0.243,8,"-0.724260355",0.251,0.326,"0.724260355",-0.009,-0.008000000000000007,0.02,0.003,28.2,"30.9",9.37533986351553,-3.48356877658869,32.5259045092808,0.4657534246575342,37.07754714564508,31.27359522264419
674,544150,"Suárez, Albert",675,99.9,0.244,0.196,0.262,0.44,0.323,0.325,0.255,41,168,87.8,16.8,2223,89.1,89.53,79,326,348,0.4000000000000057,6.6,111,150,121,148,297,323,298,"-1.848","1.848","69.8","7.1","2.170081315",184,137,23,10,1,7,32,17.4,15,8.2,1.92634,0.98028,0.40212,-0.29357,"91.7",178,38.68613138686132,8.75912408759124,6.521739130434782,6.31,-1.38,0.06,2.58,0.304,12,"0.274183976",0.316,0.427,"-0.274183976",-0.011,-0.01200000000000001,0.013,-0.002,24.2,"42.3",9.774088521054525,-0.546565608726447,30.118342050664832,0.5607476635514018,38.2679935801624,30.58596482160512
668,663558,"Morán, Jovani",673,99.3,0.152,0.146,0.184,0.298,0.244,0.263,0.185,23,151,85.7,15,2175,87.3,87.63,100,302,366,0.29999999999999716,6.48,109,150,121,148,290,319,292,"9.391","-9.391","69.4","7.5","4.670386732",174,104,12,5,1,5,50,28.7,19,10.9,2.1503,0.86759,0.50772,-0.23422,"91.4",156,30.097087378640776,6.796116504854369,4.022988505747127,5.8,1.31,-0.05,2.09,0.249,7,"-1.405838323",0.278,0.309,"1.405838323",-0.033,-0.029000000000000026,-0.011,-0.019,33.1,"47.1",12.679908847826157,-7.8164629012400715,32.646441708493306,0.436241610738255,36.595576987588714,34.662076360818354
664,682608,"Gray, Peyton",674,98.5,0.24,0.117,0.306,0.357,0.286,0.284,0.24,37,154,85.9,18.8,2148,87.6,88.47,84,326,338,0.9000000000000057,6.91,112,149,113,149,301,328,302,"1.006","-1.006","70.2","7.4","2.969479308",172,115,27,5,2,3,42,24.4,12,7,2.21303,0.79003,0.90431,-0.17554,"90.9",155,32.743362831858406,5.3097345132743365,3.488372093023256,5.55,-3.02,-0.1,2.17,0.304,6,"-0.151506024",0.307,0.34,"0.151506024",0,-0.0030000000000000027,0.017,0.002,25.8,"38.1",11.212644999106328,-4.6809487185973655,31.667480403188197,0.4625,38.26884629584969,32.454681452186335
664,680730,"Parker, Mitchell",665,99.8,0.289,0.214,0.319,0.503,0.37,0.347,0.272,46,159,87.6,10.7,2225,86.1,86.9,94,334,330,0.8000000000000114,6.79,109,148,116,149,306,327,302,"-10.384","10.384","69.2","7.4","4.35248462",178,129,31,5,1,9,34,19.1,13,7.3,2.70084,0.41435,-0.28458,0.08205,"92.3",154,41.86046511627907,8.527131782945736,6.179775280898876,6.1,1.52,0.05,2.24,0.351,11,"1.563855422",0.335,0.462,"-1.563855422",0.017,0.01599999999999996,0.041,0.023,28.1,"56.8",10.339079623567041,-5.340787865935934,32.48330103902273,0.4608150470219436,36.40649080656346,33.00139685323495
663,670329,"Garcia, Rico",669,99.1,0.161,0.186,0.173,0.348,0.248,0.267,0.203,26,161,86,16.4,2443,89.9,89.27,112,328,335,-0.6000000000000085,5.93,115,150,115,149,294,321,298,"11.862","-11.862","69.9","7.5","3.44087041",176,113,12,6,0,8,49,27.8,14,8,1.9952,0.84537,0.71368,-0.52723,"91.1",152,35.39823008849557,7.079646017699115,4.545454545454546,5.92,-1.41,0.11,2.25,0.229,8,"-1.789140271",0.266,0.35,"1.789140271",-0.042,-0.037000000000000005,-0.002,-0.019,34.1,"46.9",12.771814324702904,-8.521827230972445,30.755509715512773,0.4938650306748466,38.42465404564206,34.57441722206755
660,669711,"Weissert, Greg",665,99.2,0.245,0.164,0.278,0.409,0.31,0.293,0.23,39,159,85.7,10.9,2282,90.3,89.52,73,330,330,-0.7999999999999972,5.93,108,149,118,147,290,317,291,"1.444","-1.444","68.9","7.1","2.112325515",175,122,27,5,0,7,38,21.7,12,6.9,2.44282,0.40037,0.58511,0.13889,"91.2",153,32.78688524590164,4.918032786885246,3.428571428571429,4.86,-2.97,-0.06,2.33,0.305,6,"-0.218787879",0.296,0.371,"0.218787879",0.015,0.009000000000000008,0.038,0.017,22.1,"13.5",8.283441800949506,-0.49346966076668286,31.28346663136328,0.5474006116207951,37.156099342619626,28.63061718878228
659,643511,"Rogers, Tyler",675,97.6,0.215,0.04,0.252,0.254,0.228,0.248,0.229,38,177,83.7,-2.5,2083,81.1,80.18,48,338,321,-0.8999999999999915,6.07,112,148,113,150,287,312,288,"13.894","-13.894","68.3","6.6","1.693997553",193,152,32,5,1,0,27,14,13,6.7,4.09628,-0.54818,-0.10459,-0.13846,"90.7",110,26,1.3333333333333335,1.0362694300518136,1.26,-3.81,0.01,2.28,0.267,2,"-2.108345979",0.281,0.289,"2.108345979",-0.014,-0.014000000000000012,-0.035,-0.02,14.2,"-60.7",-1.2124268783725143,12.706705677713146,33.50776733336621,0.2599388379204893,37.79394724614298,22.883467019572166
659,681911,"Vesia, Alex",671,98.2,0.148,0.086,0.23,0.234,0.239,0.265,0.171,19,128,87.6,20.5,2359,87.8,88.02,116,309,350,0.20000000000000284,6.36,107,151,118,149,294,313,293,"8.701","-8.701","68.8","7.2","3.332459981",152,76,13,3,1,2,52,34.2,24,15.8,1.76568,1.20481,0.13856,-0.18332,"90.6",177,36.84210526315789,6.578947368421052,3.289473684210526,6.07,0.12,-0.01,2.68,0.283,5,"-1.320333839",0.302,0.283,"1.320333839",-0.023,-0.019000000000000017,-0.049,-0.026,37.5,"70.3",9.15510878545721,-2.1050239751845568,29.6013230420626,0.4769736842105263,37.457188934160385,30.386547985186947
658,666808,"Doval, Camilo",664,99.1,0.248,0.161,0.282,0.409,0.314,0.292,0.223,37,149,90.2,6.2,2548,96.1,96.06,84,316,342,0,6.23,110,146,119,148,291,325,289,"-2.629","2.629","70.7","7.4","3.586213254",173,116,25,6,0,6,39,22.5,16,9.2,2.14502,0.33723,0.37958,-0.07839,"92.5",119,50.43478260869565,6.956521739130435,4.624277456647398,5.42,-1.66,-0.06,2.16,0.318,8,"0.399544073",0.306,0.346,"-0.399544073",0.025,0.01200000000000001,0.063,0.022,26.6,"18.3",9.494943707550332,-2.9944236211875257,32.84881461332393,0.5504885993485342,37.23410573212011,30.510768346859784
658,642207,"Williams, Devin",662,99.4,0.266,0.129,0.386,0.396,0.333,0.282,0.216,37,139,86.2,13.9,2467,89.1,90.4,115,329,329,1.3000000000000114,7.31,111,147,117,147,301,318,295,"-1.754","1.754","70.4","7.4","2.154704564",160,93,25,9,0,3,48,30,19,11.9,2.33717,0.59487,1.3624,-0.00456,"90.6",145,30.107526881720432,5.376344086021505,3.125,5.22,-2.37,-0.03,2.3,0.354,5,"0.26656535",0.311,0.312,"-0.26656535",0.05,0.04299999999999998,0.084,0.051,35,"18.3",11.073342445602139,-4.47647740777951,32.177685088328005,0.5093167701863354,36.91973163872707,32.84132305240354
658,687330,"Kelly, Kevin",662,99.4,0.2,0.1,0.231,0.3,0.242,0.31,0.273,34,170,89.8,1.1,2049,88.8,89.7,59,314,344,0.9000000000000057,7,109,150,113,150,300,332,298,"8.832","-8.832","71.4","7.1","1.625681956",182,134,25,5,0,4,37,20.3,8,4.4,3.20743,-0.27502,1.0129,-0.00661,"92.3",110,46.21212121212121,6.8181818181818175,4.945054945054945,3.67,-1.66,-0.1,2.1,0.247,9,"-1.34224924",0.316,0.392,"1.34224924",-0.073,-0.069,-0.092,-0.068,18.8,"0.9",6.189998596730314,1.7431761907570378,34.19480070178721,0.44089456869009586,35.809567839522956,28.366793250844598
654,663738,"Lynch IV, Daniel",654,100,0.181,0.113,0.216,0.294,0.242,0.289,0.234,29,160,87,10.6,2103,89.8,89.95,84,305,349,0.20000000000000284,6.32,114,149,120,150,293,323,290,"12.404","-12.404","69.3","7.4","3.89228128",175,127,16,10,1,2,34,19.4,12,6.9,2.2795,0.57022,0.72922,-0.19862,"92.1",140,36.22047244094488,5.511811023622047,4,6.05,1.72,0.19,2.18,0.246,7,"-1.896636086",0.294,0.359,"1.896636086",-0.053,-0.04799999999999999,-0.065,-0.047,27.5,"41.4",10.704139827647262,-5.53838005408447,33.27176032279099,0.4863013698630137,37.19291398133936,32.57926583697729
653,662253,"Muñoz, Andrés",653,100,0.214,0.11,0.325,0.324,0.279,0.287,0.216,31,145,87.3,7.3,2313,92.9,93.63,124,312,341,0.6999999999999886,6.64,115,146,113,146,291,319,297,"5.217","-5.217","67.8","7.4","4.985581357",163,87,23,4,0,4,59,36.2,16,9.8,2.22265,0.45051,0.14727,-0.02593,"91.7",149,42.5287356321839,8.045977011494253,4.294478527607362,5.39,-2.65,-0.15,1.98,0.294,7,"-0.798928025",0.3,0.334,"0.798928025",-0.002,-0.006000000000000005,-0.01,-0.008,39.7,"29.6",9.880719205046365,-4.283285168176255,33.63629718176067,0.3980263157894737,37.564705946993044,31.497845381760936
653,682842,"Uribe, Abner",662,98.6,0.205,0.073,0.262,0.278,0.249,0.266,0.228,31,151,86.2,7.9,2382,94.8,95.02,75,286,367,0.20000000000000284,6.46,111,149,118,149,299,325,301,"8.577","-8.577","68.2","7.3","5.37752736",168,112,26,2,0,3,41,24.4,15,8.9,2.08083,0.48784,0.41639,-0.09507,"91.2",131,31.53153153153153,1.8018018018018018,1.1904761904761905,5.88,-1.35,0.16,2.14,0.277,2,"-1.313476263",0.298,0.297,"1.313476263",-0.023,-0.020999999999999963,-0.019,-0.017,26.2,"37.4",8.814616792541878,-0.892527575102019,33.19136290022273,0.5431654676258992,38.467392282706946,29.00498682312945
652,681810,"Warren, Austin",652,100,0.252,0.193,0.309,0.444,0.349,0.35,0.261,34,135,89.4,12.7,2571,88.7,88.73,70,266,386,0,6.4,109,149,119,148,302,321,297,"-5.535","5.535","69.6","7.2","2.982119916",157,99,18,11,0,5,37,23.6,18,11.5,2.72798,0.20401,-0.15137,-0.04078,"92.0",163,43.29896907216495,13.402061855670103,8.280254777070063,4.92,-2.4,0.05,2.26,0.35,13,"0.84892638",0.36,0.435,"-0.84892638",-0.009,-0.010000000000000009,0.009,-0.001,26.3,"25.8",6.788757895881347,2.5125066175677886,33.13482907994361,0.5305343511450382,38.49808039571443,27.6656734713898
648,676755,"Mattson, Isaac",648,100,0.275,0.152,0.34,0.428,0.343,0.376,0.292,38,138,90.2,18.1,2226,91.2,91.8,71,321,327,0.5999999999999943,6.68,110,146,114,147,300,322,296,"-1.068","1.068","69.4","6.9","1.769282784",156,106,23,12,0,3,33,21.2,16,10.3,1.63785,1.13361,0.53722,-0.15142,"91.7",183,50,13.20754716981132,8.974358974358974,5.88,-1.35,-0.13,2.58,0.353,14,"0.164814815",0.367,0.506,"-0.164814815",-0.017,-0.014000000000000012,-0.078,-0.033,22.1,"46.0",4.877175846874071,5.381714916261353,31.10240867104641,0.42356687898089174,35.855924450924306,26.019409696188994
646,683618,"Henriquez, Edgardo",649,99.5,0.169,0.077,0.232,0.246,0.249,0.252,0.175,24,142,80.6,9,2570,96.2,96.73,85,313,333,0.5,6.54,112,149,121,148,296,317,295,"8.267","-8.267","68.4","7.1","2.880828151",166,102,16,6,1,1,42,25.3,18,10.8,1.75686,0.73583,0.40978,0.26616,"90.7",141,27.450980392156865,2.941176470588235,1.8072289156626504,6.04,-1.94,0.09,2.4,0.28,3,"-1.279721362",0.286,0.247,"1.279721362",-0.006,-0.00599999999999995,-0.001,-0.003,27.2,"38.1",6.8508067605626115,0.26642630051899957,31.36752910514676,0.47157190635451507,34.37719431728657,28.355411180839337
641,681895,"Sisk, Evan",642,99.8,0.231,0.108,0.326,0.338,0.303,0.265,0.192,30,130,83.4,12.5,2105,84.8,85.79,73,275,366,1,6.98,112,148,117,147,303,322,296,"1.716","-1.716","67.5","7.2","3.762155101",152,90,20,8,0,2,43,28.3,13,8.6,2.94493,0.28761,0.16033,-0.05905,"90.8",141,31.11111111111111,3.3333333333333335,1.9736842105263157,5.11,3.7,-0.14,2.22,0.327,3,"-0.267706708",0.293,0.279,"0.267706708",0.039,0.03400000000000003,0.059,0.038,26.5,"21.7",9.402674715573665,-4.89017138151662,32.177556758060256,0.45955882352941174,37.41684826570031,32.03110143703636
640,685126,"Eisert, Brandon",640,100,0.265,0.213,0.333,0.478,0.347,0.291,0.229,36,136,88.3,12,1989,86.7,88.12,88,291,349,1.3999999999999915,7.15,110,147,118,146,296,323,295,"-4.623","4.623","70.3","7.3","2.37763632",150,98,19,11,0,6,40,26.7,12,8,2.39298,0.65254,0.36221,-0.13983,"91.9",159,38.775510204081634,7.142857142857142,4.666666666666667,5.04,4.06,0.06,2.18,0.324,7,"0.72234375",0.291,0.37,"-0.72234375",0.036,0.03300000000000003,0.108,0.056,30.2,"33.9",9.459844200671268,-1.7033518160678043,34.0132959184592,0.46996466431095407,36.34573003722507,31.410393302379333
639,605540,"Woodruff, Brandon",643,99.4,0.174,0.13,0.207,0.304,0.231,0.263,0.2,28,161,89.4,23.3,2221,88.8,89.04,77,326,313,0.20000000000000284,6.48,113,149,118,149,298,324,301,"10.553","-10.553","70.8","7.1","2.612091473",174,116,17,6,0,5,47,27,10,5.7,1.8315,1.09523,0.62289,-0.05281,"91.4",179,34.48275862068966,7.758620689655173,5.172413793103448,5.94,-1.49,-0.12,2.41,0.224,9,"-1.651486698",0.251,0.358,"1.651486698",-0.026,-0.026999999999999996,-0.054,-0.032,23.6,"42.4",9.180060653782158,-2.0468186338647496,30.53906618637646,0.5170278637770898,36.216245293609795,30.754417148505336
639,666142,"Ragans, Cole",639,100,0.213,0.276,0.233,0.488,0.354,0.344,0.218,27,127,89.1,19.5,2474,90.2,89.6,92,290,349,-0.6000000000000085,6.06,112,150,123,150,294,324,288,"-4.374","4.374","70.0","7.3","3.269970835",151,83,12,5,0,10,45,29.8,23,15.2,1.9256,0.93314,0.73884,-0.31663,"91.5",168,39.75903614457831,15.66265060240964,8.609271523178808,6.28,1.24,-0.2,2.29,0.331,13,"0.684507042",0.336,0.452,"-0.684507042",-0.005,-0.0050000000000000044,0.036,0.01,31.7,"42.1",9.947079341567084,-1.1317227424919016,32.41540111733547,0.4842105263157895,36.22106026632297,29.323203682751853
639,673513,"Matsui, Yuki",647,98.8,0.186,0.171,0.221,0.357,0.294,0.292,0.171,24,129,85.1,24.7,2186,87.2,86.38,115,302,337,-0.7999999999999972,5.78,111,148,118,149,302,324,298,"2.075","-2.075","69.4","7.4","3.783058869",160,91,12,7,0,5,43,26.9,24,15,2.21646,0.80473,0.20274,-0.18506,"90.9",156,31.11111111111111,10,5.625,6.1,1.92,0.07,2.02,0.313,9,"-0.324726135",0.307,0.338,"0.324726135",0.015,0.006000000000000005,0.019,0.002,38.1,"54.3",11.611920612292225,-7.160478140511573,32.885907028466995,0.5513698630136986,37.38548608372347,33.63959537119328
636,641329,"Baker, Bryan",636,100,0.15,0.086,0.198,0.236,0.213,0.255,0.193,21,140,86.3,16.9,2113,91.4,91.29,97,333,303,-0.10000000000000853,6.36,111,150,117,150,302,337,301,"12.883","-12.883","70.4","7.4","2.178447779",155,98,13,6,0,2,43,27.7,13,8.4,1.63052,1.14708,0.72025,-0.1611,"90.8",154,32.6530612244898,6.122448979591836,3.870967741935484,6.55,-0.81,-0.27,2.31,0.226,6,"-2.025628931",0.268,0.288,"2.025628931",-0.043,-0.04200000000000001,-0.052,-0.042,29.1,"54.9",12.025294699885881,-5.230203683710889,31.544247790744432,0.5451713395638629,35.798088978110414,31.80781619571092
635,669020,"Rolison, Ryan",637,99.7,0.238,0.112,0.306,0.35,0.304,0.311,0.239,34,143,88.7,11.5,2425,89.3,89.96,62,282,353,0.7000000000000028,6.58,109,150,115,151,300,326,300,"3.976","-3.976","70.0","7.2","2.907004161",164,103,26,4,0,4,42,25.6,19,11.6,2.54791,0.34158,-0.19011,0.01579,"91.3",148,41.74757281553398,5.825242718446602,3.6585365853658534,5.91,1.71,-0.17,2.17,0.325,6,"-0.626141732",0.329,0.359,"0.626141732",-0.001,-0.0040000000000000036,-0.009,-0.007,22,"48.6",8.089667596985729,1.651775417913769,33.179525844153616,0.4782608695652174,37.01537911180594,29.76668735428528
635,676571,"Poulin, PJ",639,99.4,0.206,0.145,0.225,0.351,0.302,0.353,0.256,27,131,91.3,13.5,2153,84.8,84.77,43,254,381,0,6.39,110,148,117,150,305,326,301,"2.014","-2.014","71.0","7.4","3.591113746",153,106,16,7,0,4,25,16.3,21,13.7,2.85551,0.37064,0.60699,-0.06372,"92.9",145,45.19230769230769,9.615384615384617,6.535947712418301,4.36,2.41,-0.1,2.04,0.32,10,"-0.317165354",0.365,0.441,"0.317165354",-0.05,-0.044999999999999984,-0.09,-0.051,16.9,"14.7",9.946015373093472,-3.711563918071273,33.63150203100977,0.4897959183673469,36.14046392913783,32.23970624833766
628,642528,"Loáisiga, Jonathan",636,98.7,0.232,0.093,0.273,0.325,0.259,0.284,0.243,35,151,85.4,5.8,2224,94.1,94.14,77,329,299,0,6.37,111,147,115,149,298,323,290,"9.148","-9.148","69.7","7.1","2.356985488",166,125,25,8,0,2,31,18.7,9,5.4,2.03457,0.55761,0.96266,-0.16442,"91.1",142,32.800000000000004,4,3.0120481927710845,5.41,-1.92,-0.14,2.26,0.274,5,"-1.456687898",0.29,0.357,"1.456687898",-0.011,-0.01599999999999996,-0.032,-0.025,23.4,"42.4",7.535105469746748,3.8832136218577267,32.09947828939574,0.46688741721854304,37.43889162268644,27.681158278993873
625,667297,"Nance, Tommy",629,99.4,0.236,0.122,0.286,0.358,0.296,0.318,0.253,35,148,86.2,8.8,2597,89.1,88.87,76,303,322,-0.19999999999998863,6.14,113,149,117,150,289,320,291,"2.419","-2.419","68.3","7.3","4.328499226",168,111,27,3,0,5,40,23.8,17,10.1,3.02974,-0.13995,0.03329,0.10655,"91.2",133,33.33333333333333,6.306306306306306,4.166666666666666,6.35,-1.16,0.24,2.18,0.311,7,"-0.38704",0.327,0.402,"0.38704",-0.017,-0.016000000000000014,-0.044,-0.022,25.1,"46.0",10.171141159463648,-2.7240712223187886,32.06502887707314,0.5286195286195287,37.603890186816194,30.772781558538345
619,657044,"Thompson, Ryan",632,97.9,0.3,0.131,0.344,0.431,0.341,0.314,0.279,48,160,87,5.6,2091,85.6,85.77,58,300,319,0.20000000000000284,6.67,109,147,119,148,300,323,291,"-4.222","4.222","69.9","7.2","4.978627098",177,135,33,12,0,3,27,15.3,12,6.8,3.39444,-0.21081,0.27166,-0.06578,"91.9",123,33.33333333333333,4.444444444444445,3.389830508474576,3.5,-3.86,0.12,2,0.358,6,"0.682067851",0.339,0.386,"-0.682067851",0.021,0.01899999999999996,0.045,0.027,19.3,"-12.5",7.4296207468858695,-2.820292937722523,35.08974816853814,0.4225352112676056,36.5646413045105,31.369152050197332
619,694346,"Gibson, Trey",619,100,0.284,0.194,0.316,0.478,0.384,0.391,0.291,38,134,91.2,8.7,2189,91.2,92.16,58,255,364,1,6.85,109,150,113,148,297,324,296,"-9.764","9.764","70.5","7.3","2.565156809",161,105,26,5,0,7,30,18.6,25,15.5,2.47079,0.28698,0.2534,0.07793,"93.1",147,48.07692307692308,9.615384615384617,6.211180124223603,5.85,-2.52,-0.19,2.23,0.398,10,"1.577382876",0.406,0.487,"-1.577382876",-0.007,-0.008000000000000007,-0.009,-0.007,22.7,"37.7",6.8491788281634305,1.8469426356819243,33.66345109850202,0.43873517786561267,36.80631493834711,27.828896859947434
619,621381,"Strahm, Matt",620,99.8,0.257,0.264,0.257,0.521,0.365,0.308,0.222,36,140,89.3,24.4,2469,87.1,86.71,72,305,314,-0.3999999999999915,6.16,109,150,120,149,294,322,288,"-6.545","6.545","69.6","7.2","3.253431902",156,111,19,7,0,10,29,18.6,14,9,2.23244,0.81716,0.6159,-0.25541,"91.7",186,38.73873873873874,9.90990990990991,7.051282051282051,5.28,2.24,-0.08,2.55,0.333,11,"1.057350565",0.302,0.406,"-1.057350565",0.035,0.031000000000000028,0.115,0.057,23.6,"30.4",10.043625392711544,-2.793965553789616,31.747169041489343,0.5933333333333334,35.193082962887964,31.355412249016933
618,596133,"Weaver, Luke",623,99.2,0.162,0.088,0.204,0.25,0.215,0.264,0.2,24,148,86.7,16.4,2248,92,91.64,97,324,294,-0.4000000000000057,6.11,111,150,120,150,301,320,298,"12.453","-12.453","70.4","7.3","2.839823641",163,107,18,2,1,3,43,26.4,11,6.7,1.62832,1.08018,0.61767,-0.13546,"91.3",155,33.64485981308411,8.411214953271028,5.521472392638037,5.57,-1.44,0,2.23,0.228,9,"-2.015048544",0.264,0.339,"2.015048544",-0.038,-0.036000000000000004,-0.089,-0.049,29.9,"46.7",10.17356225205901,-3.6491696900644883,32.01863402250672,0.5202492211838006,37.292828308944266,31.517737555196298
617,670059,"Holderman, Colin",621,99.4,0.142,0.043,0.192,0.184,0.202,0.276,0.202,20,141,87.6,6.8,2426,91.6,91.71,74,271,346,0.10000000000000853,6.45,112,150,121,149,297,324,303,"16.103","-16.103","69.0","7.3","3.786562759",159,100,17,1,1,1,41,25.8,15,9.4,2.3771,0.38874,0.37473,0.00848,"92.2",131,47.474747474747474,8.080808080808081,5.031446540880504,5.42,-2.18,0.01,2.09,0.239,8,"-2.609886548",0.293,0.325,"2.609886548",-0.06,-0.05399999999999999,-0.141,-0.074,27.3,"24.6",9.525137856270488,-1.2207157765384733,32.78772007817919,0.42857142857142855,37.77017185795334,29.77817160770845
617,669062,"Miller, Erik",622,99.2,0.198,0.099,0.303,0.297,0.289,0.277,0.178,22,111,81.3,4.8,2404,91.8,92.34,85,239,378,0.5,6.64,110,149,118,147,296,321,297,"2.957","-2.957","67.7","7.3","4.343958505",136,69,15,5,0,2,44,32.4,22,16.2,2.29139,0.4521,0.65349,-0.10443,"91.0",141,27.941176470588236,7.352941176470589,3.6764705882352944,6.49,1.48,-0.36,2.15,0.333,5,"-0.479254457",0.318,0.285,"0.479254457",0.02,0.015000000000000013,0.012,0.012,35.6,"39.2",11.081130351129058,-4.721119608035092,33.03199413072508,0.40772532188841204,36.32495900758703,31.475274398591658
614,674444,"Cruz, Steven",623,98.6,0.227,0.241,0.259,0.468,0.335,0.305,0.226,32,141,87.3,13.7,2192,95.6,96.21,102,322,292,0.6000000000000085,6.64,116,148,120,150,293,323,291,"-2.8","2.8","69.4","6.9","1.267729636",160,96,18,4,0,10,46,28.7,17,10.6,1.58305,0.92392,0.43953,-0.10404,"91.2",170,34.375,11.458333333333332,6.875000000000001,5.46,-3.14,0.09,2.46,0.314,11,"0.456026059",0.314,0.385,"-0.456026059",0.001,0,0.083,0.03,31.7,"27.7",5.255961960248854,6.494519827728842,31.65372636868107,0.445141065830721,35.78139767703411,25.211672191909507
614,606996,"Hart, Kyle",614,100,0.219,0.175,0.255,0.394,0.3,0.296,0.221,30,137,84.9,7.5,2177,88.3,88.17,52,273,341,-0.09999999999999432,6.28,117,149,119,149,301,325,297,"0.882","-0.882","68.9","7.3","3.808472282",156,108,15,10,1,4,33,21.2,12,7.7,2.58982,0.37153,0.08596,-0.2456,"91.3",151,30.555555555555557,7.4074074074074066,5.128205128205128,5.6,2.42,0.03,1.95,0.292,8,"-0.143648208",0.296,0.373,"0.143648208",-0.002,-0.0040000000000000036,0.021,0.004,19,"37.3",8.222794998267105,-3.542548913368293,34.40391499467548,0.4367816091954023,36.91155816905026,32.24411131772641
611,641755,"Kinley, Tyler",619,98.7,0.232,0.217,0.261,0.449,0.329,0.279,0.198,32,138,85.3,20.8,2562,87.7,86.83,74,265,346,-0.9000000000000057,5.54,116,148,120,149,303,322,300,"-3.969","3.969","68.3","7.8","4.858843357",155,100,18,6,0,8,38,24.5,16,10.3,2.69512,0.2633,-0.11729,0.02469,"91.2",158,27.27272727272727,7.07070707070707,4.516129032258064,6.47,-0.78,0.2,2.04,0.316,7,"0.649590835",0.287,0.351,"-0.649590835",0.034,0.029000000000000026,0.098,0.05,27.9,"45.1",15.81853341651994,-12.24093418448517,32.86687968528706,0.5576923076923077,36.70450201499179,36.821789355675556
610,680767,"Vodnik, Victor",615,99.2,0.301,0.147,0.342,0.449,0.362,0.327,0.257,41,136,90.4,4.5,2227,94.8,95.95,68,286,324,1.1000000000000085,6.77,110,148,118,148,300,329,298,"-5.251","5.251","70.1","7.1","2.869808768",159,114,28,9,1,3,25,15.7,19,11.9,1.98489,0.55785,0.41304,-0.05583,"92.4",141,42.47787610619469,6.1946902654867255,4.40251572327044,5.33,-2.14,0.08,2.3,0.384,7,"0.860819672",0.349,0.395,"-0.860819672",0.044,0.03500000000000003,0.054,0.035,23.8,"43.6",6.321188357261274,4.189413873201178,31.42408462090108,0.4584837545126354,37.47758756938859,26.7110387528476
610,691951,"Aldegheri, Sam",610,100,0.238,0.162,0.245,0.4,0.318,0.355,0.271,31,130,86,19.7,2084,86.1,85,57,279,331,-1.0999999999999943,5.73,107,150,114,148,307,327,301,"1.443","-1.443","72.2","7.4","4.024043512",151,111,21,4,1,5,22,14.6,17,11.3,2.29284,0.84969,0.47241,-0.31797,"91.4",160,35.13513513513514,9.00900900900901,6.622516556291391,6.11,1.49,-0.13,2.24,0.325,10,"-0.236557377",0.357,0.45,"0.236557377",-0.033,-0.03199999999999997,-0.05,-0.037,20.4,"41.4",11.590297079681712,-5.641848882044528,31.152299034797384,0.48161764705882354,36.81769392102343,33.94727064662174
609,820862,"Fermin, José",611,99.7,0.187,0.114,0.244,0.301,0.278,0.313,0.227,23,123,89.6,10.3,2423,92.7,92.22,92,296,313,-0.5,6.09,110,149,115,149,306,329,302,"5.455","-5.455","70.4","7.4","3.431746727",144,85,15,5,0,3,38,26.4,18,12.5,2.10984,0.56167,0.58806,-0.02663,"91.6",149,42.35294117647059,7.0588235294117645,4.166666666666666,6.27,-1.84,0.04,2.04,0.306,6,"-0.895730706",0.34,0.355,"0.895730706",-0.04,-0.03400000000000003,-0.054,-0.035,31.1,"44.1",9.759536884067279,-4.986021702088816,33.91155428409511,0.49480968858131485,36.98250214245383,30.783891236677082
608,607455,"Banda, Anthony",610,99.7,0.235,0.167,0.292,0.402,0.334,0.325,0.234,31,132,88.4,15.5,2064,90,89.79,73,273,335,-0.20000000000000284,6.32,108,147,116,146,294,320,288,"-2.361","2.361","69.1","7.2","3.530743604",156,100,15,13,0,3,33,21.2,15,9.6,2.34508,0.51886,0.35781,-0.17557,"91.6",163,39.39393939393939,7.07070707070707,4.487179487179487,5.48,2.6,-0.3,2.37,0.348,7,"0.388322368",0.348,0.375,"-0.388322368",0.001,0,0.027,0.009,26.7,"34.9",8.61984846176558,-0.9314906065137587,31.27513630269672,0.5037037037037037,37.399214918811886,30.05587347898536
608,548384,"Raley, Brooks",612,99.3,0.209,0.115,0.267,0.324,0.275,0.29,0.218,29,139,83.9,15.5,2601,84.8,83.93,66,288,320,-0.8999999999999915,5.82,108,150,118,148,301,319,293,"4.809","-4.809","70.3","7.4","2.681011266",162,105,18,8,1,2,39,24.1,15,9.3,2.82561,0.37919,-0.18563,0.03028,"91.2",148,30.476190476190478,4.761904761904762,3.0864197530864197,5.63,3.14,-0.08,2.35,0.294,5,"-0.790953947",0.307,0.336,"0.790953947",-0.009,-0.013000000000000012,-0.012,-0.015,22.9,"32.0",10.96886582506812,-2.6504450238579764,32.51994745672142,0.45878136200716846,36.61837600055093,31.499746276359367
606,656945,"Scott, Tanner",614,98.7,0.187,0.12,0.264,0.307,0.227,0.26,0.227,28,150,88.2,16.4,2605,93,93.1,122,338,268,0.09999999999999432,6.19,111,152,120,149,296,315,293,"10.763","-10.763","69.4","7.3","2.768542465",159,97,18,6,0,4,55,34.6,6,3.8,1.88716,0.75445,-0.00091,0.01259,"91.5",160,32.98969072164948,7.216494845360824,4.40251572327044,5.15,2.61,-0.14,2.2,0.223,7,"-1.776072607",0.261,0.345,"1.776072607",-0.04,-0.038000000000000006,-0.038,-0.033,36.1,"33.0",8.570940126885517,-1.0607870995678172,32.67670923891567,0.46987951807228917,36.01146005426863,29.713962460869713
602,664126,"Fairbanks, Pete",604,99.7,0.252,0.252,0.316,0.504,0.36,0.332,0.226,32,127,90.5,25.3,2440,92.2,91.98,84,285,317,-0.20000000000000284,6.18,113,150,113,149,304,325,297,"-6.143","6.143","68.5","7.3","3.287736729",145,84,18,4,2,8,44,30.3,14,9.7,2.03807,0.68115,-0.13677,0.02166,"91.7",186,43.373493975903614,13.253012048192772,7.586206896551724,6.9,-0.44,-0.03,2.44,0.338,11,"1.020431894",0.317,0.45,"-1.020431894",0.026,0.02100000000000002,0.054,0.028,29.5,"53.7",10.608871694851649,-1.6146928153684614,30.149674706675846,0.5289855072463768,36.79374491244389,29.468226070051156
601,669947,"Scholtens, Jesse",602,99.8,0.248,0.228,0.259,0.477,0.337,0.346,0.271,37,149,87.4,17.8,2163,88.9,89.33,57,295,306,0.3999999999999915,6.68,106,148,116,149,298,335,300,"-4.68","4.68","71.0","7.3","1.851216633",164,120,20,8,1,8,30,18.3,11,6.7,2.14052,0.78109,0.2408,-0.01331,"91.8",151,37.5,10.833333333333334,7.926829268292683,5.78,-1.09,0.09,2.12,0.311,13,"0.778702163",0.333,0.466,"-0.778702163",-0.023,-0.02200000000000002,0.011,-0.009,19.3,"40.1",10.575421691762358,-2.2338594384060304,33.12493130135291,0.5517241379310345,34.816900761172455,31.965735182814306
599,680742,"Bowlan, Jonathan",599,100,0.211,0.098,0.284,0.308,0.254,0.243,0.194,28,133,84.7,10.8,2303,93,93.65,102,302,297,0.5999999999999943,6.66,110,147,118,146,289,320,293,"4.21","-4.21","69.2","6.9","2.624530485",145,91,22,2,1,3,44,30.3,8,5.5,1.83012,0.83707,0.43424,-0.19621,"90.6",155,30.76923076923077,4.395604395604396,2.7586206896551726,6.24,-2.57,0.06,2.48,0.262,4,"-0.702838063",0.252,0.287,"0.702838063",0.017,0.010000000000000009,0.021,0.011,33.8,"41.8",6.668894774688888,5.268161340719399,31.727821050117104,0.47491638795986624,36.38812678254134,25.751950871648127
599,607192,"Glasnow, Tyler",604,99.2,0.149,0.164,0.185,0.313,0.234,0.252,0.18,20,134,90.4,14.4,2625,90.3,92.23,77,258,341,1.9000000000000057,7.39,116,150,119,151,295,320,300,"7.228","-7.228","68.8","7.1","3.873405458",148,86,9,5,1,5,49,33.1,13,8.8,2.52801,0.3108,0.06418,0.02027,"91.7",157,38.372093023255815,8.13953488372093,4.72972972972973,6.13,-1.41,0.29,2.18,0.223,7,"-1.206677796",0.251,0.324,"1.206677796",-0.031,-0.027999999999999997,-0.011,-0.018,29.8,"56.9",10.095111096762642,-2.241087466821976,32.02127114318113,0.53515625,35.53388403001851,30.4513948274007
597,656730,"Megill, Trevor",601,99.3,0.194,0.049,0.292,0.243,0.226,0.262,0.209,28,144,88.9,17.1,2515,94.4,94.84,99,310,287,0.3999999999999915,6.57,115,150,119,150,302,327,300,"12.583","-12.583","68.5","7.2","4.909222404",159,98,21,7,0,0,49,30.8,11,6.9,1.63044,0.95757,0.16963,0.01662,"91.4",178,43.87755102040816,5.1020408163265305,3.1446540880503147,6.58,-0.02,0.12,2.19,0.255,5,"-2.107705193",0.268,0.326,"2.107705193",-0.015,-0.013000000000000012,-0.083,-0.036,31.9,"54.5",9.012887658200732,-1.152136318395131,30.893586580904028,0.494949494949495,37.95214615723778,29.320980809416184
597,542888,"Armstrong, Shawn",601,99.3,0.236,0.146,0.287,0.382,0.324,0.309,0.209,29,123,87.1,15.2,2345,90.3,90.77,70,290,307,0.5,6.57,110,149,120,147,299,323,294,"-0.663","0.663","70.1","7.0","1.821277268",146,92,19,6,0,4,33,22.6,19,13,1.8969,0.91529,0.00218,0.0198,"91.2",160,34.78260869565217,6.521739130434782,4.10958904109589,5.81,-1.59,0.15,2.46,0.345,6,"0.111055276",0.326,0.363,"-0.111055276",0.027,0.01899999999999996,0.019,0.015,24.1,"40.2",7.071535379131861,2.958080486709637,30.34574838233134,0.4946236559139785,36.89994551313649,28.433356222261832
597,665152,"Kremer, Dean",598,99.8,0.271,0.321,0.283,0.593,0.383,0.34,0.257,38,140,86.3,15.2,2042,86.4,86.45,80,282,315,0,6.25,112,150,118,149,291,322,301,"-8.927","8.927","70.3","7.5","4.349304235",153,104,19,5,2,12,38,24.8,11,7.2,2.43504,0.65536,0.41097,-0.17928,"91.2",172,34.61538461538461,8.653846153846153,5.88235294117647,6.04,-1.94,0,2.16,0.32,9,"1.495309883",0.309,0.483,"-1.495309883",0.014,0.01100000000000001,0.11,0.043,28.4,"42.8",15.659820061638314,-9.026549881778617,31.673749655041508,0.43636363636363634,37.82829524362474,36.450161601349635
596,669438,"Englert, Mason",607,98.2,0.297,0.255,0.321,0.552,0.369,0.365,0.28,43,145,88.2,18.7,2281,86.1,85.81,75,314,282,-0.29999999999999716,6.31,106,149,117,148,299,332,302,"-4.006","4.006","70.1","7.4","3.150347372",157,116,24,10,0,9,32,20.4,8,5.1,2.88633,0.27476,0.48118,0.14747,"92.5",163,37.719298245614034,14.912280701754385,10.828025477707007,5.97,-1.46,0.07,2.19,0.333,17,"0.672147651",0.322,0.549,"-0.672147651",0.017,0.01100000000000001,0.003,0.004,23.9,"41.9",13.081700967915305,-7.0255024787239675,33.69459333252163,0.49829351535836175,35.81639789512189,34.28747805530778
592,623149,"Sewald, Paul",592,100,0.207,0.3,0.205,0.507,0.32,0.311,0.207,29,140,91.2,28.3,2530,88.1,87.95,89,306,286,-0.09999999999999432,6.34,115,149,114,151,299,325,293,"-1.828","1.828","70.4","7.2","2.979844231",153,100,11,5,2,11,43,28.1,9,5.9,2.1653,0.80792,0.17819,-0.04802,"91.9",202,44,16,10.457516339869281,4.47,-3.63,0.01,2.61,0.257,16,"0.308783784",0.257,0.482,"-0.308783784",0,0,0.025,0.009,29.1,"15.2",9.013449481931584,-0.6708891642570056,31.358833537572462,0.47333333333333333,37.08959501635967,29.79418994282586
592,683769,"Gaddis, Hunter",593,99.8,0.255,0.109,0.304,0.365,0.302,0.319,0.265,35,137,85,19,2261,89.1,90.23,93,305,287,1.1000000000000085,7,111,151,120,148,301,327,297,"1.775","-1.775","69.5","7.3","2.832457766",152,106,28,3,0,4,33,21.7,12,7.9,2.12228,0.79154,0.27245,-0.21516,"91.0",164,29.523809523809526,7.6190476190476195,5.263157894736842,6.12,-2.14,0.18,2.32,0.316,8,"-0.299831081",0.325,0.404,"0.299831081",-0.01,-0.009000000000000008,-0.039,-0.017,30.5,"35.2",11.631980184276022,-4.027103885653347,30.248732408566106,0.5699658703071673,38.18989156830762,31.391872770688124
584,596001,"Junis, Jakob",588,99.3,0.234,0.071,0.279,0.305,0.261,0.301,0.264,36,154,87.2,13.5,2107,86.7,86.17,52,277,307,-0.5,6,113,149,111,149,300,325,303,"10.041","-10.041","71.1","7.4","3.081995655",164,124,29,5,0,2,30,18.3,7,4.3,2.75498,0.31448,-0.08458,-0.20705,"91.6",148,34.67741935483871,3.225806451612903,2.4390243902439024,5.63,-1.92,0.13,2.26,0.28,4,"-1.719349315",0.309,0.381,"1.719349315",-0.03,-0.02899999999999997,-0.076,-0.04,18.8,"30.3",10.639468381205575,-1.7751221789089802,33.04175714943526,0.4962962962962963,37.50807478552412,30.558450041402875
581,605130,"Barlow, Scott",589,98.6,0.21,0.226,0.211,0.435,0.341,0.358,0.236,26,124,87.9,19,2393,80.9,81.3,82,248,333,0.3999999999999915,6.62,113,148,115,148,304,326,300,"-0.833","0.833","69.6","7.8","5.146553588",153,97,12,7,0,7,29,19,20,13.1,3.2974,0.23619,-0.56981,-0.17164,"92.2",158,36.08247422680412,9.278350515463918,5.88235294117647,5.17,-2.51,0.15,1.8,0.346,9,"0.143373494",0.37,0.448,"-0.143373494",-0.026,-0.02400000000000002,-0.013,-0.017,33.1,"23.7",16.263387651100704,-15.847475407980891,33.840023331996804,0.5072463768115942,36.7713042795431,40.069558840419674
580,667463,"King, John",584,99.3,0.161,0.126,0.173,0.287,0.236,0.29,0.213,23,143,89.3,11,2342,84.9,84.38,63,272,308,-0.5,5.98,108,149,112,148,298,321,297,"11.751","-11.751","70.2","7.3","2.513337777",161,114,14,4,1,4,31,19.3,12,7.5,3.27736,-0.08733,0.16848,-0.11376,"92.0",139,38.05309734513274,7.964601769911504,5.590062111801243,5.49,2.04,0.05,1.97,0.242,9,"-2.026034483",0.291,0.366,"2.026034483",-0.052,-0.04899999999999999,-0.079,-0.054,23.2,"25.8",9.36248967395742,-0.8709998425373469,34.00223255809121,0.5114503816793893,36.73944728823668,31.336953655352705
579,661395,"Duran, Jhoan",579,100,0.226,0.045,0.367,0.271,0.245,0.235,0.204,30,133,90.3,1.5,1964,95.8,95.2,113,298,281,-0.5999999999999943,5.98,117,148,119,148,287,320,295,"10.978","-10.978","68.4","6.9","2.809940988",141,80,26,3,0,1,53,37.6,6,4.3,2.13803,0.36704,0.80592,-0.24716,"91.8",128,45.56962025316456,3.79746835443038,2.127659574468085,6.18,-2.22,-0.02,2.17,0.27,3,"-1.896027634",0.249,0.271,"1.896027634",0.022,0.02100000000000002,0,0.01,37.9,"38.2",5.069864413409856,6.0450457536017215,33.70593132638465,0.44745762711864406,36.181484256807025,24.636679780839646
578,687606,"Schultz, Paxton",580,99.7,0.298,0.168,0.354,0.466,0.357,0.336,0.265,39,131,89.6,20.5,2173,89.8,89.48,49,255,323,-0.29999999999999716,5.99,111,147,120,150,304,326,302,"-3.445","3.445","69.6","7.1","2.21013819",147,102,28,5,1,5,31,21.1,12,8.2,1.98381,0.84159,0.20314,-0.07627,"91.7",167,38.23529411764706,8.823529411764707,6.122448979591836,5.84,-2.52,0.09,2.38,0.359,9,"0.596020761",0.331,0.446,"-0.596020761",0.033,0.02799999999999997,0.02,0.021,19.2,"33.7",7.712286434685917,0.4457317339934831,31.615848606960967,0.5308641975308642,36.73119299708511,27.801178310478484
572,682120,"Herrin, Tim",583,98.1,0.231,0.171,0.253,0.402,0.319,0.317,0.213,27,117,87.1,14.1,2260,88.2,88.27,81,264,308,0.09999999999999432,6.43,110,150,117,148,297,324,299,"0.728","-0.728","69.1","7.4","5.594457826",147,96,17,4,2,4,28,19,19,12.9,2.68976,0.29541,0.12458,0.10965,"91.8",143,37.5,8.333333333333332,5.442176870748299,5.82,1.98,-0.14,1.97,0.342,8,"-0.127272727",0.34,0.37,"0.127272727",0.018,0.0020000000000000018,0.032,0.002,30.7,"33.4",11.816644414453183,-7.017567493404586,34.188364880687004,0.490272373540856,36.244836791171814,33.3431434984919
571,547973,"Chapman, Aroldis",572,99.8,0.202,0.085,0.301,0.287,0.271,0.264,0.189,26,129,86.2,12.5,2300,94.5,96.1,86,297,274,1.5999999999999943,7.18,107,150,119,147,291,318,291,"3.021","-3.021","70.0","7.2","2.541816797",147,84,18,6,1,1,45,30.6,17,11.6,1.45615,1.11573,0.24345,-0.21912,"91.4",162,38.095238095238095,7.142857142857142,4.081632653061225,6.2,0.35,-0.02,2.44,0.299,6,"-0.529071804",0.289,0.284,"0.529071804",0.013,0.010000000000000009,0.003,0.007,29,"53.4",7.837974349167055,-0.09823081408437409,30.51563633994277,0.4828767123287671,36.94536977115228,28.331649915778865
571,663767,"Shugart, Chase",575,99.3,0.246,0.238,0.295,0.484,0.346,0.323,0.232,31,126,87.7,14.7,2317,90.9,90.86,61,227,344,0,6.23,113,149,122,147,292,320,295,"-3.792","3.792","69.9","7.0","1.597079911",144,86,18,4,1,8,42,29.2,13,9,2.15792,0.62942,0.20525,-0.01916,"91.4",172,36.04651162790697,11.627906976744185,6.944444444444445,5.43,-2.8,0.15,2.35,0.326,10,"0.664098074",0.317,0.426,"-0.664098074",0.014,0.009000000000000008,0.058,0.023,26.9,"38.1",7.1081448239541745,4.192010147733458,32.60193895065822,0.45045045045045046,36.69554426873117,26.980390319961156
569,690928,"Dobbins, Hunter",569,100,0.26,0.153,0.316,0.412,0.323,0.299,0.242,34,131,89.4,12.9,2455,89.7,89.83,61,268,301,0.09999999999999432,6.27,112,148,114,149,303,319,295,"2.469","-2.469","71.0","7.2","2.950300762",143,99,23,6,1,4,32,22.4,11,7.7,2.36,0.50513,-0.05405,-0.08712,"91.9",163,44.44444444444444,7.07070707070707,4.895104895104895,5.97,-1.72,0.02,2.17,0.322,7,"-0.433919156",0.306,0.371,"0.433919156",0.018,0.016000000000000014,0.041,0.024,22.8,"44.6",10.063898068129005,-1.2689698040665929,33.4457855280604,0.5037878787878788,36.51060300231085,30.76245676819816
568,571948,"Milner, Hoby",572,99.3,0.256,0.143,0.265,0.398,0.31,0.351,0.296,34,133,87.6,12.3,1831,83.5,84.07,44,258,310,0.5999999999999943,6.82,109,151,115,151,297,325,300,"2.199","-2.199","70.2","7.1","2.658210815",149,119,23,7,0,4,18,12.1,9,6,3.27805,0.03462,0.60762,-0.2647,"91.7",150,38.13559322033898,5.932203389830509,4.697986577181208,4.18,4.29,-0.04,2.05,0.313,7,"-0.387147887",0.353,0.451,"0.387147887",-0.04,-0.03999999999999998,-0.053,-0.041,17.1,"-4.5",6.601109226232323,1.4100373918681623,34.336534750552374,0.4878048780487805,36.91121961931628,29.653487744128483
567,579328,"Kikuchi, Yusei",567,100,0.282,0.161,0.352,0.444,0.346,0.34,0.258,35,124,90.2,15.5,2187,89.4,90.34,71,274,293,0.8999999999999915,6.86,108,150,115,147,304,330,298,"-2.384","2.384","71.1","7.3","2.439003781",142,94,21,11,0,3,33,23.2,14,9.9,2.20765,0.68312,0.22653,-0.20165,"92.5",157,42.5531914893617,8.51063829787234,5.633802816901409,5.76,2,0,2.2,0.352,8,"0.420458554",0.335,0.446,"-0.420458554",0.024,0.01699999999999996,-0.002,0.006,25.9,"49.4",8.10044817439323,0.3690292175623263,32.96100362137853,0.45149253731343286,35.87257327528876,29.14018610634672
566,687473,"Gusto, Ryan",566,100,0.246,0.123,0.298,0.37,0.303,0.321,0.26,34,138,89.8,14.5,2208,88.9,89.3,58,272,294,0.3999999999999915,6.5,113,149,111,148,305,328,299,"1.896","-1.896","70.4","7.1","3.531391935",151,107,24,6,1,3,31,20.5,11,7.3,2.36032,0.54756,0.2045,-0.09177,"91.8",154,43.925233644859816,8.411214953271028,5.960264900662252,5.81,-1.57,-0.08,2.36,0.311,9,"-0.334982332",0.324,0.405,"0.334982332",-0.014,-0.013000000000000012,-0.035,-0.018,21.3,"47.6",7.900267263880249,0.8777758171492923,31.279548149589186,0.4810606060606061,36.06601926046271,29.129280307138266
565,681402,"Varland, Gus",570,99.1,0.326,0.265,0.367,0.591,0.411,0.399,0.302,43,132,91.9,19.6,2244,92,92.69,61,282,283,0.7000000000000028,6.69,110,146,117,149,305,327,301,"-12.883","12.883","69.0","6.9","2.245179586",151,106,23,12,1,7,30,19.9,15,9.9,1.75408,0.95877,0.43062,-0.11827,"92.7",198,50.476190476190474,16.19047619047619,11.258278145695364,5.32,-1.25,0.1,2.49,0.387,17,"2.280176991",0.369,0.576,"-2.280176991",0.024,0.018000000000000016,0.015,0.012,21.6,"51.2",6.92047618494384,0.627363818184365,29.985501829060347,0.509090909090909,36.82196752883272,29.138438330165354
564,668390,"Winn, Cole",565,99.8,0.266,0.217,0.307,0.483,0.341,0.34,0.276,38,143,87.8,12.4,2386,90.6,91.66,85,306,258,1.1000000000000085,6.92,111,149,115,149,301,327,302,"-3.973","3.973","69.9","7.3","3.136903561",156,109,23,6,2,7,36,23.1,10,6.4,2.16415,0.6259,0.26386,-0.13059,"91.8",165,44.03669724770643,7.339449541284404,5.128205128205128,5.45,-1.84,-0.09,2.38,0.316,8,"0.704432624",0.329,0.458,"-0.704432624",-0.01,-0.013000000000000012,0.025,0.001,27.8,"39.4",9.626293353563193,-0.6580108303820136,31.416859434230417,0.5185185185185185,38.06801013231625,30.115364593350233
562,669270,"Kuhnel, Joel",565,99.5,0.288,0.18,0.301,0.468,0.357,0.355,0.297,40,139,89.1,9.7,2287,92.8,93.4,60,265,297,0.6000000000000085,6.6,112,149,117,149,304,328,303,"-5.355","5.355","70.1","7.2","2.382163971",157,119,27,7,0,6,22,14,12,7.6,2.22436,0.43394,0.60986,-0.07731,"92.3",126,40.17094017094017,5.982905982905983,4.45859872611465,6.31,-1.15,-0.09,2.12,0.357,7,"0.952846975",0.367,0.441,"-0.952846975",-0.009,-0.010000000000000009,0.027,0.002,22.6,"37.9",10.007838239995639,-1.474977685239372,34.47331640024849,0.6008403361344538,35.953638356005975,29.90205511799464
561,669456,"Bieber, Shane",561,100,0.27,0.246,0.277,0.516,0.378,0.407,0.307,33,122,89,8.1,2271,88.3,88.71,59,241,320,0.4000000000000057,6.55,114,149,115,150,293,324,297,"-4.563","4.563","71.8","7.4","4.076464611",141,101,17,9,0,7,22,15.6,18,12.8,2.46351,0.47679,0.48827,-0.12349,"92.8",147,45.54455445544555,10.891089108910892,7.801418439716312,5.59,-1.63,0.09,2.15,0.362,11,"0.813368984",0.394,0.554,"-0.813368984",-0.037,-0.03200000000000003,-0.038,-0.029,24.5,"38.9",10.761563685412161,-1.5235365009248303,31.415465286931415,0.5431034482758621,37.4351246546244,31.334558167838953
554,628452,"Iglesias, Raisel",555,99.8,0.23,0.122,0.304,0.353,0.275,0.269,0.221,32,139,87.6,19.3,2201,91.9,91.81,95,306,248,-0.10000000000000853,6.17,119,149,119,150,303,322,302,"6.348","-6.348","70.4","7.2","2.816601147",147,96,23,5,0,4,43,29.3,8,5.4,1.92747,0.7806,0.98368,-0.16181,"91.5",164,35.78947368421053,8.421052631578947,5.442176870748299,5.39,-1.82,0.08,2.17,0.272,8,"-1.145848375",0.263,0.351,"1.145848375",0.009,0.009000000000000008,0.002,0.006,31,"29.6",10.623949847471007,-2.8294442739429444,32.47229645808398,0.4769736842105263,36.50048312757667,30.686539228936176
552,518886,"Kimbrel, Craig",556,99.3,0.231,0.179,0.274,0.41,0.316,0.31,0.246,27,117,88.7,18,2334,91.5,91.95,67,271,281,0.4000000000000057,6.73,112,149,120,149,302,327,301,"0.748","-0.748","68.9","7.0","2.813442562",134,89,15,7,1,4,30,22.4,13,9.7,1.90681,0.85372,0.54754,-0.02978,"91.8",183,34.831460674157306,3.3707865168539324,2.2388059701492535,4.74,-3.16,0.13,2.55,0.316,3,"-0.135507246",0.329,0.374,"0.135507246",-0.015,-0.013000000000000012,0.036,0.006,24.7,"23.3",6.3309781337908975,2.2327149356972136,31.363621045237757,0.49063670411985016,36.5534949991796,26.64676628680553
552,701519,"Adams, Travis",552,100,0.242,0.177,0.305,0.419,0.327,0.319,0.238,30,124,84.8,11.3,2273,89.8,89.75,74,264,288,-0.09999999999999432,6.13,109,148,118,148,293,324,293,"-0.746","0.746","69.1","7.3","2.815827358",140,88,20,3,2,5,37,26.4,15,10.7,2.1548,0.67755,0.40398,-0.2626,"91.6",167,30.681818181818183,6.8181818181818175,4.285714285714286,5.92,-1.45,0.24,2.07,0.324,6,"0.135144928",0.321,0.403,"-0.135144928",0.004,0.0030000000000000027,0.016,0.008,28,"42.1",10.738811083080707,-5.822239571623211,32.41556979847288,0.5405405405405406,37.523308690390216,33.385870024816924
551,643410,"Leiter Jr., Mark",552,99.8,0.258,0.086,0.348,0.344,0.303,0.316,0.269,33,128,86.8,14.4,1661,85.7,86.03,77,254,297,0.29999999999999716,6.56,114,148,118,149,301,326,298,"4.008","-4.008","70.7","7.6","4.434891555",144,91,26,5,0,2,38,26.4,11,7.6,2.88508,0.29276,0.36257,-0.05841,"91.2",146,31.868131868131865,3.296703296703297,2.083333333333333,5.8,-1.14,-0.07,2.07,0.333,3,"-0.727404719",0.344,0.365,"0.727404719",-0.011,-0.010999999999999954,-0.021,-0.013,30.3,"46.4",13.945850241991854,-9.337383404549328,32.336610565311304,0.4703389830508475,36.91633281041785,36.58383955653073
551,621383,"Banks, Tanner",555,99.3,0.344,0.252,0.409,0.595,0.422,0.323,0.262,45,131,85.8,14.9,2182,87.3,86.29,64,276,275,-1,5.64,107,148,117,145,291,320,293,"-14.898","14.898","68.8","6.8","1.864106661",146,101,28,8,2,7,32,21.9,13,8.9,2.43612,0.57725,-0.15147,0.07693,"91.4",174,34,7.000000000000001,4.794520547945205,6.42,2.57,-0.1,2.53,0.4,7,"2.703811252",0.327,0.419,"-2.703811252",0.082,0.07300000000000001,0.176,0.099,23.2,"49.3",5.466599573938276,7.536026943665261,32.55293806160169,0.4354243542435424,35.96600049554508,25.799299487103852
551,592094,"Adam, Jason",551,100,0.242,0.161,0.258,0.403,0.308,0.288,0.224,30,124,87.3,11.5,2379,87.3,87.32,84,294,257,0,6.29,117,150,119,150,301,325,298,"0.994","-0.994","70.4","7.6","4.325137165",134,102,20,5,0,5,22,16.4,8,6,2.59118,0.42608,0.54364,-0.10756,"91.9",149,36.27450980392157,6.862745098039216,5.223880597014925,6.28,-1.09,-0.15,2.3,0.299,7,"-0.180399274",0.282,0.371,"0.180399274",0.018,0.017000000000000015,0.032,0.02,28.6,"35.0",14.00933607043417,-9.553504311385108,32.41034239916728,0.5474452554744526,37.85839429204861,35.14492485331955
551,608337,"Giolito, Lucas",554,99.5,0.281,0.132,0.304,0.412,0.369,0.357,0.262,32,114,89.3,19.3,1887,84.5,85.47,54,225,326,1,6.97,115,148,116,149,303,325,301,"-5.536","5.536","69.5","7.2","3.08899837",138,96,25,3,0,4,18,13,23,16.7,2.22071,1.02162,0.50058,-0.06485,"92.4",172,43.75,4.166666666666666,2.898550724637681,6.3,-1.41,0.09,2.3,0.406,4,"1.004718693",0.391,0.406,"-1.004718693",0.019,0.015000000000000013,0.006,0.012,24,"54.8",11.05584444884373,-4.2205794940732515,31.391160483940087,0.4343891402714932,36.74305539994452,32.379330933812
551,702474,"Paredes, Mike",552,99.8,0.269,0.201,0.27,0.47,0.351,0.349,0.279,36,134,91.1,15.7,2080,87.8,88.41,53,274,277,0.6000000000000085,6.55,111,146,117,148,298,325,294,"-4.946","4.946","71.3","7.3","3.077024712",154,118,23,5,2,6,19,12.3,13,8.4,2.38624,0.59815,-0.00266,-0.17197,"92.7",163,50.847457627118644,6.779661016949152,5.194805194805195,5.2,-1.48,0.17,2.27,0.342,8,"0.897640653",0.352,0.446,"-0.897640653",-0.01,-0.009999999999999953,0.024,0.002,19.3,"37.2",12.155901471014399,-4.79233335577355,32.40771355440052,0.5131086142322098,36.55497377897293,31.942892603621267
549,676477,"Whitlock, Garrett",549,100,0.2,0.1,0.258,0.3,0.234,0.262,0.23,28,140,86.7,14.4,2126,90.6,92.17,89,317,232,1.6000000000000085,7.24,112,150,117,149,290,318,292,"7.709","-7.709","68.7","7.1","3.950344896",148,101,20,5,0,3,41,27.7,6,4.1,2.09974,0.7109,0.764,-0.2495,"90.6",161,33.663366336633665,3.9603960396039604,2.7027027027027026,5.94,-0.96,0.24,2.27,0.231,4,"-1.404189435",0.261,0.336,"1.404189435",-0.03,-0.03,-0.036,-0.028,28.1,"42.3",7.946076639513312,1.7481717531270344,32.793662360663106,0.42948717948717946,36.676810952865864,29.329527414122946
547,573204,"Thielbar, Caleb",553,98.9,0.214,0.222,0.246,0.436,0.308,0.318,0.216,25,117,87.9,21.9,2395,86.2,86.03,83,287,260,-0.20000000000000284,6.2,109,151,117,151,299,323,298,"-0.057","0.057","68.9","7.3","3.132210446",130,78,15,2,0,8,40,30.8,12,9.2,2.69845,0.43729,-0.23521,-0.09927,"91.3",163,40.25974025974026,14.285714285714285,8.461538461538462,6.12,0.02,-0.19,2.33,0.287,11,"0.010420475",0.29,0.462,"-0.010420475",-0.002,-0.0030000000000000027,-0.026,-0.01,28.9,"54.6",11.517302036358085,-4.180614109868579,31.812918655097537,0.5373665480427047,36.94811808709589,31.67633270351673
546,683175,"Phillips, Connor",547,99.8,0.208,0.149,0.254,0.356,0.346,0.377,0.24,21,101,89.8,20.7,2478,92.1,91.32,59,220,326,-0.7999999999999972,6.04,109,148,114,148,292,323,292,"-3.564","3.564","69.6","7.3","6.332949148",133,74,13,4,1,3,28,21.1,28,21.1,2.01534,0.73638,-0.22049,-0.24455,"91.8",179,40.54054054054054,9.45945945945946,5.263157894736842,5.68,-1.71,0.2,2.06,0.391,7,"0.652747253",0.418,0.407,"-0.652747253",-0.032,-0.02699999999999997,-0.051,-0.031,26.8,"37.2",11.011419571327425,-4.265253841991441,32.43993210178269,0.4036697247706422,37.98754726046358,32.454033056469875
546,681870,"Sabrowski, Erik",554,98.6,0.178,0.15,0.286,0.327,0.282,0.265,0.153,19,107,91.2,24.5,2570,90.6,90.91,80,252,294,0.30000000000001137,6.63,108,151,119,147,297,325,300,"2.755","-2.755","68.9","7.1","3.665632795",130,59,10,5,1,3,50,38.5,21,16.2,1.88018,0.94316,0.43087,-0.13046,"91.3",181,41.37931034482759,10.344827586206897,4.615384615384616,6,1.33,-0.03,2.47,0.308,6,"-0.504578755",0.294,0.284,"0.504578755",0.025,0.014000000000000012,0.043,0.017,31.7,"45.6",8.464640144383655,-1.4735741635868218,30.693038392172543,0.5327868852459017,36.13806853514598,30.37344175754281
546,664208,"Maton, Phil",546,100,0.306,0.207,0.372,0.514,0.398,0.389,0.294,34,111,87.4,8.1,2700,84.6,85.66,66,257,289,1.1000000000000085,6.96,108,149,116,150,300,327,300,"-8.057","8.057","70.1","7.1","3.041010548",136,84,23,4,2,5,31,22.8,16,11.8,3.01844,0.23038,-0.48476,-0.16528,"91.4",156,42.857142857142854,11.904761904761903,7.352941176470589,5.1,-1.41,0.09,2.34,0.407,10,"1.475641026",0.402,0.487,"-1.475641026",0.012,0.004999999999999949,0.027,0.009,25.7,"25.0",7.176900814252813,-1.7047978246729898,32.22771211252143,0.43673469387755104,37.115256138038966,31.91373686256003
544,656234,"Bird, Jake",545,99.8,0.298,0.174,0.364,0.471,0.369,0.341,0.254,36,121,89.4,11.8,2555,89,88.25,60,224,320,-0.7999999999999972,5.92,107,148,123,149,293,325,288,"-4.929","4.929","69.6","7.2","2.611070546",139,92,23,9,0,4,31,22.3,11,7.9,2.63202,0.30096,-0.09355,0.02083,"92.4",144,38.04347826086957,9.782608695652174,6.474820143884892,5.26,-2.96,-0.04,2.37,0.374,9,"0.906066176",0.337,0.441,"-0.906066176",0.044,0.03699999999999998,0.03,0.028,26.8,"18.6",10.83899715894575,-3.808247533839201,31.862206683033826,0.5315315315315315,36.75325977254028,31.092935904501495
543,687377,"Ribalta, Orlando",543,100,0.216,0.126,0.266,0.342,0.282,0.291,0.205,24,111,84.4,16.4,2294,91.4,91.64,74,280,263,0.19999999999998863,6.41,111,146,118,148,302,326,303,"3.323","-3.323","69.0","7.4","3.068602552",125,83,16,5,0,3,30,24,12,9.6,1.85541,0.89626,0.42194,0.04869,"90.9",154,33.734939759036145,7.228915662650602,4.8,6.56,-2.02,-0.12,2.32,0.29,6,"-0.611970534",0.28,0.381,"0.611970534",0.011,0.009999999999999953,-0.039,-0.009,26.4,"42.9",11.586681499858956,-5.0365736469686,30.821934360056886,0.5238095238095238,37.004211651845935,32.22319408237774
542,657612,"Hill, Tim",549,98.7,0.255,0.168,0.248,0.423,0.322,0.328,0.261,38,149,88.8,-4,2100,86.8,86.79,36,275,267,0,6.53,109,146,117,148,285,318,289,"-1.672","1.672","69.4","6.7","1.182011559",166,133,27,4,0,7,18,10.8,10,6,3.38419,-0.30489,1.101,0.25519,"92.8",113,44.3609022556391,6.7669172932330826,5.421686746987952,3.16,3.91,0.33,2.38,0.321,9,"0.308487085",0.327,0.429,"-0.308487085",-0.006,-0.006000000000000005,-0.006,-0.006,13.1,"-21.5",2.6220553581077968,5.58452465083473,32.79114271437643,0.3694029850746269,35.65145601641147,25.725066329411902
541,663362,"Waldron, Matt",541,100,0.319,0.237,0.356,0.556,0.393,0.306,0.24,43,135,87.3,15.1,1600,86.3,86.95,46,267,274,0.6000000000000085,6.63,117,148,117,150,302,325,298,"-9.431","9.431","69.0","6.9","1.762240431",147,109,27,7,2,7,28,19,8,5.4,2.58817,0.50111,0.18675,0.08263,"91.7",144,40.36697247706422,6.422018348623854,4.761904761904762,5.48,-1.07,0.09,2.44,0.363,7,"1.743253235",0.293,0.403,"-1.743253235",0.079,0.07,0.153,0.087,17.2,"29.4",7.689373134564915,0.788269400232044,32.46866300977514,0.46511627906976744,35.348780992896685,28.50801655255906
540,676775,"Winn, Keaton",544,99.3,0.211,0.094,0.255,0.305,0.273,0.298,0.233,27,128,85.4,6,1956,92.4,92.5,62,261,279,0.09999999999999432,6.25,112,149,115,147,293,319,298,"4.808","-4.808","69.9","7.3","3.100128565",145,101,19,6,0,2,28,19.3,14,9.7,2.22576,0.44909,0.98035,0.11275,"91.4",132,30.693069306930692,3.9603960396039604,2.7586206896551726,6.17,-1.46,0.05,2.2,0.299,4,"-0.89037037",0.319,0.348,"0.89037037",-0.022,-0.020000000000000018,-0.043,-0.025,23.8,"39.1",9.023436790047201,-3.3044357077178246,32.4350700806471,0.48638132295719844,36.91622572509778,30.334229359004716
539,663992,"Lovelady, Richard",552,97.6,0.286,0.16,0.341,0.445,0.37,0.361,0.282,34,119,85.1,9.1,2399,87,88.56,55,240,299,1.5999999999999943,7.28,108,148,115,149,304,325,299,"-5.887","5.887","68.6","6.9","3.009743873",146,95,23,7,0,4,27,18.5,21,14.4,2.70593,0.33925,-0.12074,0.13061,"91.6",154,33.33333333333333,6.451612903225806,4.10958904109589,5.32,2.52,0.09,2.26,0.406,6,"1.092207792",0.404,0.422,"-1.092207792",0.004,0.0020000000000000018,0.023,0.009,22.9,"20.2",4.437590985936918,5.2029149438428925,33.045790896287436,0.36752136752136755,35.96065086224208,28.15066139317299
539,669084,"Hall, DL",539,100,0.14,0.06,0.191,0.2,0.255,0.307,0.203,14,100,86.2,11.2,2299,89.4,90.27,63,213,326,0.8999999999999915,6.93,111,149,119,149,297,322,298,"5.276","-5.276","68.5","7.2","4.74427312",126,69,10,3,0,1,32,25.4,24,19,2.45787,0.44401,0.479,-0.31599,"90.8",142,30.88235294117647,5.88235294117647,3.1746031746031744,5.49,2.69,-0.1,2.27,0.31,4,"-0.978849722",0.361,0.286,"0.978849722",-0.063,-0.05099999999999999,-0.086,-0.052,29.6,"44.1",8.814564095190152,-0.7722950493464315,30.50314093109986,0.45933014354066987,38.828612537160936,29.822278264109038
539,669622,"Bender, Anthony",543,99.3,0.169,0.056,0.241,0.226,0.224,0.254,0.194,21,124,88.4,12.2,2635,88.3,86.87,52,217,322,-1.3999999999999915,5.6,113,149,114,148,302,324,296,"8.832","-8.832","68.2","7.3","6.00948931",140,84,16,4,0,1,41,29.3,12,8.6,2.81241,0.17493,-0.41471,-0.26904,"91.4",150,33.33333333333333,7.142857142857142,4.285714285714286,5.43,-2.09,0.11,2.29,0.257,6,"-1.638589981",0.279,0.283,"1.638589981",-0.025,-0.02200000000000002,-0.057,-0.03,24,"15.3",9.059956043988809,-0.48939932213823106,31.956442176642344,0.43333333333333335,38.24694034212588,29.607110014411848
536,623474,"Herget, Jimmy",544,98.5,0.315,0.225,0.37,0.541,0.395,0.334,0.244,35,111,87.3,18.4,2588,85.1,83.52,69,251,285,-1.5999999999999943,5.12,109,147,115,146,299,327,296,"-7.299","7.299","69.9","7.5","3.063179584",135,88,20,10,0,5,29,21.5,16,11.9,2.84657,0.32848,0.05522,-0.07793,"91.9",165,39.77272727272727,11.363636363636363,7.4074074074074066,5.03,-2.62,0.01,2.33,0.398,10,"1.361753731",0.345,0.426,"-1.361753731",0.071,0.05300000000000005,0.115,0.061,27.5,"4.4",12.84593888851352,-9.038199116850969,32.719477551397794,0.4959349593495935,38.53276218866251,34.42230134380119
533,641745,"Keller, Brad",533,100,0.246,0.119,0.298,0.364,0.309,0.284,0.226,29,118,85.5,12.7,2396,92.7,92.44,54,240,293,-0.29999999999999716,6.06,110,149,117,147,290,321,297,"2.069","-2.069","69.2","7.0","3.162704584",135,88,23,2,0,4,32,23.7,13,9.6,2.12152,0.54683,0.06521,-0.12362,"90.7",158,32.18390804597701,4.597701149425287,2.9629629629629632,6.32,-1.36,-0.15,2.36,0.326,4,"-0.388180113",0.311,0.313,"0.388180113",0.02,0.015000000000000013,0.051,0.025,22.5,"48.9",6.263784907162339,4.086857795181997,32.194487547653985,0.4810126582278481,37.59432463514822,27.42268079428303
533,690925,"Beeter, Clayton",541,98.5,0.184,0.158,0.211,0.342,0.29,0.308,0.205,21,114,87.4,3.2,2593,90.9,90.61,67,236,297,-0.30000000000001137,5.95,112,147,116,150,304,328,301,"2.63","-2.63","67.3","7.1","4.165499631",139,83,13,3,0,5,34,24.5,20,14.4,2.26743,0.50092,-0.00015,-0.00391,"91.2",150,41.46341463414634,6.097560975609756,3.597122302158273,6.02,-1.12,0.02,2.26,0.314,5,"-0.493433396",0.337,0.343,"0.493433396",-0.021,-0.02300000000000002,-0.001,-0.018,28.4,"51.9",7.207059696928432,2.332650705613159,33.13954264186298,0.41025641025641024,36.06492546907617,28.016207592024152
533,572955,"Johnson, Pierce",533,100,0.239,0.222,0.256,0.462,0.332,0.371,0.278,28,117,90.3,15.8,2642,89.6,88.66,57,244,289,-0.8999999999999915,5.69,108,147,113,146,295,322,291,"-0.638","0.638","68.9","7.2","3.863921513",133,93,15,6,1,6,27,20.3,13,9.8,2.61567,0.2425,-0.0437,-0.05683,"91.5",175,41.75824175824176,13.186813186813188,9.022556390977442,6.16,-1.33,0.01,2.39,0.311,12,"0.119699812",0.346,0.524,"-0.119699812",-0.039,-0.034999999999999976,-0.062,-0.039,23.4,"41.4",8.652077112468818,0.3197237339823985,32.62462283728404,0.548936170212766,37.95215024274421,28.611481148601715
533,665660,"Alvarado, Elvis",533,100,0.232,0.259,0.275,0.491,0.346,0.352,0.224,26,112,89.9,13.6,2307,95.6,94.69,86,280,253,-0.8999999999999915,5.87,111,147,115,148,298,325,297,"-5.536","5.536","70.8","7.3","2.334606692",127,76,11,8,0,7,37,29.1,13,10.2,1.68902,0.84191,0.8527,0.00862,"91.9",186,51.31578947368421,18.421052631578945,11.023622047244094,5.71,-2.34,-0.09,2.51,0.315,14,"1.038649156",0.313,0.49,"-1.038649156",0.008,0.0020000000000000018,0.001,-0.006,30.7,"21.2",8.835764578314475,1.457353312953226,32.29512123050165,0.4897959183673469,36.50692050341709,28.365792778017983
532,666974,"Cano, Yennier",532,100,0.203,0.06,0.252,0.263,0.23,0.272,0.219,27,133,89.1,1.8,2001,92.5,91.62,67,251,281,-0.9000000000000057,5.9,109,150,114,146,298,321,295,"7.819","-7.819","70.0","7.3","2.08827994",142,104,21,5,0,1,30,21.1,7,4.9,2.87015,-0.18184,0.86145,0.0534,"92.4",96,41,6,4.225352112676056,5.48,-2.39,0.02,1.86,0.246,6,"-1.469736842",0.269,0.342,"1.469736842",-0.016,-0.02300000000000002,-0.079,-0.042,26.7,"16.8",7.307027323184588,1.1508355027316417,34.77021954629366,0.5564516129032258,35.43550902866738,28.111147701234156
530,680802,"Weiss, Ryan",530,100,0.315,0.252,0.37,0.568,0.425,0.379,0.269,35,111,90.3,16.8,2311,89.9,89.76,56,236,294,-0.10000000000000853,6.41,110,148,116,150,296,329,294,"-13.045","13.045","69.9","7.2","4.121425758",131,81,24,2,1,8,30,22.9,20,15.3,2.25758,0.6176,0.03815,-0.03472,"92.2",170,49.382716049382715,11.11111111111111,6.870229007633588,5.91,-2.31,0.01,2.16,0.42,9,"2.461320755",0.381,0.488,"-2.461320755",0.046,0.03899999999999998,0.08,0.046,23.7,"41.0",10.300400448891718,-2.063346355616105,33.07791523619013,0.4956521739130435,36.98309636489969,30.506987812770767
529,622088,"Antone, Tejay",533,99.2,0.187,0.146,0.213,0.333,0.261,0.283,0.21,23,123,86.1,13.4,2769,86.5,86.38,67,255,274,-0.09999999999999432,6.22,109,148,114,147,297,324,291,"6.513","-6.513","68.5","7.3","4.235321107",138,95,14,4,1,4,30,21.7,9,6.5,2.84461,0.22835,-0.60731,-0.13383,"91.3",151,37.07865168539326,7.865168539325842,5.072463768115942,5.6,-1.89,0.3,2.18,0.259,7,"-1.231190926",0.283,0.36,"1.231190926",-0.023,-0.023999999999999966,-0.027,-0.022,26.3,"27.0",10.272447820021567,-2.9355731142479375,33.37225268608818,0.4637096774193548,37.652094517631014,31.544926121690565
528,664991,"Wolfram, Grant",533,99.1,0.264,0.136,0.356,0.4,0.317,0.283,0.233,33,125,85.3,10.7,2325,92.2,92,63,258,270,-0.20000000000000284,6.2,109,148,114,147,294,320,297,"0.172","-0.172","67.3","6.9","3.002409954",140,93,20,10,2,1,35,25,8,5.7,2.0672,0.63727,0.48268,0.0642,"91.1",143,37.634408602150536,5.376344086021505,3.571428571428571,6.2,2.14,-0.1,2.37,0.326,5,"-0.032575758",0.298,0.343,"0.032575758",0.031,0.028000000000000025,0.057,0.034,24.4,"41.7",4.789637126870089,-0.6828345286486633,32.64384132239435,0.43873517786561267,35.43357344863731,28.82882254944902
528,664076,"Cleavinger, Garrett",531,99.4,0.227,0.164,0.304,0.391,0.301,0.294,0.22,25,110,85.8,13,2568,90,89.58,66,245,283,-0.4000000000000057,6.08,106,151,114,149,303,334,300,"-0.472","0.472","69.7","7.3","3.508781983",130,73,16,4,1,4,42,32.3,14,10.8,2.39417,0.46362,0.08265,-0.0525,"92.2",153,41.0958904109589,8.21917808219178,4.615384615384616,5.16,1.2,-0.3,2.14,0.308,6,"0.089393939",0.308,0.353,"-0.089393939",0.007,0,0.038,0.007,26.9,"30.5",9.674639888446974,-4.696191328753517,32.5399328184723,0.4149377593360996,35.15542000686233,32.79747156299257
526,657424,"Gage, Matt",527,99.8,0.267,0.238,0.278,0.505,0.376,0.352,0.257,28,105,86.1,11.5,2069,87.7,88,61,250,276,0.29999999999999716,6.33,109,149,117,147,295,321,296,"-5.296","5.296","68.7","7.1","2.859375949",126,86,16,5,1,6,22,17.5,17,13.5,2.35059,0.62012,0.09996,-0.14034,"90.9",160,31.3953488372093,10.465116279069768,7.142857142857142,6.42,0.9,-0.29,2.3,0.368,9,"1.006844106",0.363,0.43,"-1.006844106",0.01,0.0050000000000000044,0.075,0.024,24.4,"49.0",7.029650197418137,2.4036610681649377,32.09049275863565,0.44081632653061226,36.52678811849467,28.78959311879037
518,682227,"Williamson, Brandon",518,100,0.255,0.176,0.268,0.431,0.36,0.389,0.276,26,102,88.1,18.7,2256,86.8,86.14,54,224,294,-0.7000000000000028,5.99,105,150,114,146,296,323,285,"-4.988","4.988","69.9","7.2","2.791416962",128,86,17,4,1,4,19,14.8,20,15.6,2.38137,0.70181,0.28869,-0.41247,"91.8",174,41.86046511627907,10.465116279069768,7.03125,6.51,1.16,-0.02,2.41,0.383,9,"0.962934363",0.404,0.486,"-0.962934363",-0.021,-0.02100000000000002,-0.055,-0.029,24.1,"42.3",10.781483778949429,-4.021105853186067,31.681866913158856,0.4863636363636364,37.06938294185044,31.593947759396325
518,676979,"Crochet, Garrett",518,100,0.27,0.197,0.35,0.467,0.358,0.344,0.262,33,122,89,13.4,2406,92.3,92.95,61,254,264,0.7000000000000028,6.79,109,151,118,146,291,317,284,"-7.244","7.244","69.8","7.1","2.090462209",138,86,19,9,0,5,37,26.8,11,8,1.94606,0.76544,0.36418,-0.21083,"92.0",160,46.42857142857143,10.714285714285714,6.521739130434782,6.08,2.45,0.17,2.47,0.35,9,"1.398455598",0.344,0.442,"-1.398455598",0.008,0.006000000000000005,0.025,0.014,24,"31.8",7.94364288608089,2.79621512365162,31.61815008390924,0.46153846153846156,36.76618769615336,27.588703978774088
516,806188,"Gibson, Cade",520,99.2,0.272,0.087,0.333,0.359,0.325,0.303,0.247,28,103,85.3,8,2795,84.8,84.06,47,231,285,-0.7000000000000028,5.87,106,146,113,145,301,322,294,"-1.427","1.427","68.1","7.2","2.987737932",127,84,21,6,0,1,25,19.7,13,10.2,3.27535,-0.05533,-0.43762,-0.12471,"91.6",130,35.714285714285715,2.380952380952381,1.574803149606299,5.62,1.49,-0.28,2.2,0.368,2,"0.276550388",0.35,0.318,"-0.276550388",0.025,0.018000000000000016,0.041,0.022,20.3,"31.4",9.56692948878489,-0.46662546205555533,32.31677065498756,0.5111111111111111,37.953005719769564,29.71373406642676
514,663855,"Hicks, Jordan",522,98.5,0.213,0.074,0.297,0.287,0.285,0.272,0.204,23,108,87.2,11.2,2040,94.5,94.34,54,217,297,-0.20000000000000284,6.22,106,148,119,146,297,319,293,"3.488","-3.488","68.9","7.1","6.088188786",132,75,17,5,0,1,35,26.5,21,15.9,2.11204,0.47402,0.66066,-0.00786,"90.9",149,29.72972972972973,1.3513513513513513,0.7575757575757576,5.84,-1.94,0.12,2.25,0.341,1,"-0.678599222",0.336,0.256,"0.678599222",0.009,0.0050000000000000044,0.031,0.013,24.9,"33.7",5.956967616735563,1.3518168509380908,32.33606576401902,0.2904761904761905,35.13761768374783,26.79773580727068
513,681892,"Funderburk, Kody",514,99.8,0.193,0.064,0.216,0.257,0.279,0.322,0.236,21,109,81.9,1.6,2370,89.7,90.72,41,215,298,1,6.95,110,148,114,149,293,322,287,"2.946","-2.946","67.9","6.7","1.625338845",133,91,18,1,0,2,20,15,20,15,2.334,0.52943,0.28129,0.06953,"90.7",127,27.472527472527474,4.395604395604396,3.007518796992481,5.72,2.42,-0.35,2.47,0.326,4,"-0.574269006",0.362,0.338,"0.574269006",-0.043,-0.035999999999999976,-0.081,-0.043,19.1,"32.5",3.827841015803469,7.275319857512464,31.173389595258985,0.4,36.51364519769879,25.576091813679284
512,669165,"Hurt, Kyle",516,99.2,0.228,0.106,0.309,0.333,0.301,0.301,0.221,28,123,88.5,10.9,1831,92.8,93.08,91,263,249,0.29999999999999716,6.47,109,151,119,149,297,318,293,"2.927","-2.927","71.5","7.3","2.145175932",143,85,21,4,0,3,39,27.3,18,12.6,1.78797,0.87886,0.80049,0.01638,"92.2",149,41.17647058823529,7.0588235294117645,4.195804195804196,5.7,-1.06,0.13,2.33,0.331,6,"-0.571679688",0.325,0.346,"0.571679688",0.007,0.006000000000000005,-0.013,0,34.6,"44.5",8.34360170712335,-0.23411978520820323,31.158182833432416,0.5175097276264592,36.34806676617008,29.218172679166813
509,646241,"De Jesus, Enmanuel",509,100,0.227,0.092,0.299,0.319,0.281,0.303,0.236,27,119,89.5,13.6,2353,90.3,89.74,57,237,272,-0.5999999999999943,6.01,110,149,117,148,295,326,298,"3.834","-3.834","69.2","7.1","2.242534643",134,90,21,2,3,1,31,23.1,13,9.7,1.97921,0.85055,0.7253,-0.21674,"91.8",165,44.44444444444444,6.666666666666667,4.477611940298507,5.86,2.91,0.04,2.34,0.303,6,"-0.75324165",0.311,0.368,"0.75324165",-0.009,-0.008000000000000007,-0.049,-0.022,24.1,"43.5",7.094414604973642,2.1061280122876376,30.57161187226672,0.5258620689655172,37.24513540728116,28.259942502679163
500,453286,"Scherzer, Max",501,99.8,0.307,0.297,0.293,0.604,0.423,0.374,0.269,31,101,88.6,22.2,2231,87.8,87.57,43,257,243,-0.20000000000000284,6.21,111,146,116,150,288,324,294,"-11.574","11.574","70.7","7.3","2.642435494",117,84,19,3,0,9,18,15.4,14,12,2.26904,0.7393,0.3368,-0.18296,"91.4",164,36.904761904761905,13.095238095238097,9.401709401709402,5.68,-3.15,0.06,2.18,0.393,11,"2.3148",0.363,0.5,"-2.3148",0.038,0.030000000000000027,0.104,0.049,16.7,"32.6",9.757678073576095,-3.8098725419034394,33.098180239168826,0.48360655737704916,36.14168978680205,31.502771986739237
498,663574,"Santillan, Tony",498,100,0.248,0.248,0.247,0.496,0.353,0.348,0.253,29,117,90.3,15.8,2294,91.1,90.34,51,228,270,-0.7999999999999972,6.01,112,149,115,148,295,322,291,"-4.433","4.433","69.0","7.0","4.511758303",134,92,18,2,0,9,28,20.9,14,10.4,2.20954,0.58062,0.32365,-0.1453,"92.1",182,47.77777777777778,11.11111111111111,7.462686567164178,5.23,-2.31,0.04,2.42,0.326,10,"0.890160643",0.331,0.476,"-0.890160643",-0.005,-0.0050000000000000044,0.02,0.005,22.4,"24.0",6.65447733801229,-1.7252811613548396,30.512667651070235,0.5068493150684932,37.66219420525988,28.169309349038883
490,676254,"Walker, Ryan",500,98,0.308,0.168,0.345,0.477,0.377,0.324,0.26,33,107,84.5,6.1,2393,91.7,91.79,32,211,279,0.09999999999999432,6.37,110,149,120,146,294,321,296,"-6.571","6.571","68.9","7.1","3.705814489",125,90,25,2,2,4,19,15.2,15,12,2.46949,0.28241,0.58529,-0.04149,"91.5",156,35.55555555555556,6.666666666666667,4.8,5,-3.54,-0.01,2.3,0.398,6,"1.341020408",0.356,0.389,"-1.341020408",0.048,0.04200000000000004,0.088,0.053,15.2,"16.7",5.149152287137099,7.043853569278945,32.89660648093464,0.4068627450980392,37.3858408550486,26.23906510818693
485,689266,"Dodd, Dylan",489,99.2,0.139,0.12,0.169,0.259,0.206,0.254,0.198,15,108,88.3,24.2,2141,91,91.05,71,252,233,0.09999999999999432,6.24,116,149,124,149,303,323,303,"8.238","-8.238","71.4","7.2","2.295621087",118,75,8,4,0,3,34,28.8,9,7.6,1.73779,1.02155,0.52337,-0.05671,"91.2",172,38.666666666666664,6.666666666666667,4.23728813559322,6.03,2.09,-0.29,2.54,0.205,5,"-1.698556701",0.26,0.32,"1.698556701",-0.059,-0.05500000000000002,-0.061,-0.048,28.2,"42.3",9.984851623616409,-2.0752708125997685,30.350496106995337,0.5381526104417671,35.39489063581513,30.734090161937264
484,676684,"Vest, Will",484,100,0.275,0.108,0.351,0.382,0.326,0.307,0.244,28,102,88.3,2.2,2282,92.7,92.79,64,233,251,0.09999999999999432,6.37,113,148,117,149,295,325,300,"-0.741","0.741","69.4","7.1","2.327327719",116,77,21,5,0,2,27,23.3,10,8.6,1.88607,0.7879,0.45791,-0.018,"91.9",144,35.526315789473685,5.263157894736842,3.4482758620689653,5.66,-1.94,-0.09,2.07,0.348,4,"0.153099174",0.322,0.365,"-0.153099174",0.031,0.025999999999999968,0.017,0.019,27.5,"50.7",6.325703885619799,3.722996527095931,32.20618273848709,0.4336283185840708,36.82698424894218,27.26335456287257
481,677955,"Hill, Jaden",489,98.4,0.257,0.133,0.329,0.39,0.337,0.316,0.235,27,105,88.7,14.4,2262,92.3,91.84,70,230,251,-0.5,5.89,112,148,116,146,298,330,300,"-0.308","0.308","69.2","7.3","3.41588102",127,78,19,4,2,2,28,22,17,13.4,2.19547,0.4992,0.63301,-0.02956,"91.7",163,39.24050632911392,3.79746835443038,2.3622047244094486,5.6,-1.22,0.12,2.44,0.373,3,"0.064033264",0.355,0.353,"-0.064033264",0.022,0.018000000000000016,0.037,0.021,30.4,"24.2",10.037649606790984,-2.2904869195897883,31.39332212290626,0.5136363636363637,37.70938551267233,29.45900701328609
478,519141,"Pomeranz, Drew",494,96.8,0.278,0.217,0.272,0.496,0.368,0.351,0.267,32,115,87.9,26.3,2491,90,89.14,42,238,240,-0.9000000000000057,5.78,108,148,115,148,301,327,298,"-4.702","4.702","70.0","7.2","1.961233614",135,100,21,4,0,7,17,12.6,16,11.9,1.91525,0.91527,0.11826,0.00242,"91.8",174,37.37373737373738,9.090909090909092,6.666666666666667,6.07,2.04,-0.07,2.45,0.373,9,"0.983682008",0.364,0.463,"-0.983682008",0.011,0.009000000000000008,0.033,0.017,17.6,"37.0",9.841428500132412,-1.9149846497028062,31.89207508960345,0.6223175965665236,37.875403640538394,28.413460940411618
476,657756,"Seabold, Connor",476,100,0.306,0.122,0.354,0.429,0.351,0.308,0.253,30,98,87.5,11.1,2283,89,88.81,45,225,251,-0.20000000000000284,6.2,112,147,118,147,294,324,294,"-2.982","2.982","70.0","7.1","2.484879425",113,81,22,6,0,2,20,17.7,9,8,2.14305,0.77611,0.64145,-0.28611,"91.6",178,37.5,6.25,4.424778761061947,5.31,-2.78,-0.05,2.4,0.372,5,"0.626470588",0.328,0.364,"-0.626470588",0.053,0.043999999999999984,0.065,0.043,20,"32.6",6.716233729666188,3.296468119975602,30.924200087479647,0.4474885844748858,38.27691689976759,28.229781132724852
466,663158,"Suarez, Robert",467,99.8,0.184,0.035,0.23,0.219,0.203,0.282,0.252,21,114,84.4,8.5,2230,95.8,96.59,60,250,216,0.7999999999999972,6.74,117,149,122,150,302,324,300,"11.601","-11.601","69.9","7.1","2.65000934",121,88,19,1,0,1,26,21.5,6,5,1.38964,1.10451,0.7009,-0.17957,"90.7",153,32.95454545454545,3.4090909090909087,2.479338842975207,6.11,-1.66,0.01,2.36,0.225,3,"-2.489484979",0.289,0.351,"2.489484979",-0.068,-0.06399999999999997,-0.132,-0.079,24,"43.0",8.256290468202558,1.7778670065473858,31.563680263638723,0.49795918367346936,37.35826595624629,28.13218974902157
462,681867,"Criswell, Cooper",466,99.1,0.257,0.128,0.294,0.385,0.301,0.286,0.24,28,109,86.6,5.3,2116,86.3,86.63,49,223,239,0.29999999999999716,6.57,111,145,114,146,293,319,298,"2.36","-2.36","67.8","7.0","1.991443827",121,89,21,3,1,3,23,19,8,6.6,3.06091,0.03407,0.37115,-0.06307,"91.6",115,35.95505617977528,4.49438202247191,3.3057851239669422,4.77,-1.91,0.04,2.34,0.308,4,"-0.510822511",0.295,0.357,"0.510822511",0.017,0.013000000000000012,0.028,0.015,22,"7.3",5.1822483867603575,2.3353508148916045,33.07758716700721,0.4056603773584906,36.56508032230506,26.85339803670129
459,445276,"Jansen, Kenley",463,99.1,0.173,0.163,0.19,0.337,0.282,0.29,0.201,17,98,85.9,25,2625,91.8,92.93,62,221,238,1.1000000000000085,6.94,115,149,118,149,295,329,301,"4.826","-4.826","71.4","7.2","1.241343471",116,68,11,1,0,5,31,26.7,17,14.7,1.44946,1.26002,-0.41583,-0.00181,"90.8",173,30.88235294117647,5.88235294117647,3.4482758620689653,6.45,-1.59,-0.03,2.72,0.293,4,"-1.051416122",0.317,0.327,"1.051416122",-0.028,-0.02400000000000002,0.01,-0.008,28.1,"63.3",9.61890691669841,-2.787478044750055,29.60620562730548,0.5576036866359447,35.51296945302862,30.290836969302454
459,669684,"Murphy, Chris",459,100,0.237,0.134,0.296,0.371,0.324,0.301,0.215,23,97,86.2,21.2,2386,88.4,88.31,75,238,221,-0.10000000000000853,6.19,108,149,115,147,291,323,294,"-0.038","0.038","69.5","7.2","2.58722416",115,73,15,5,1,2,25,21.7,14,12.2,2.57776,0.40319,-0.15346,-0.05241,"91.0",171,35.61643835616438,8.21917808219178,5.217391304347826,5.31,1.95,-0.1,2.4,0.348,6,"0.008278867",0.329,0.33,"-0.008278867",0.022,0.01899999999999996,0.041,0.023,31.5,"38.5",9.210600462926799,-2.160121508300067,31.407594688696896,0.4957627118644068,37.040426681394706,30.563588070283874
458,552640,"Kittredge, Andrew",466,98.3,0.264,0.16,0.301,0.424,0.317,0.306,0.258,33,125,86.9,6.9,2473,92.1,92.53,58,246,212,0.4000000000000057,6.51,110,147,116,146,296,319,296,"0.625","-0.625","69.6","7.4","2.635760024",137,99,23,5,0,5,28,20.4,10,7.3,2.11631,0.5858,0.30782,-0.0831,"92.0",142,40.4040404040404,7.07070707070707,5.109489051094891,5.92,-1.59,0.01,2.08,0.316,7,"-0.136462882",0.311,0.405,"0.136462882",0.006,0.0050000000000000044,0.019,0.011,23.6,"40.6",10.977798655006401,-3.2839250981673365,33.772072070549065,0.5443037974683544,36.390991377259006,30.917882838377892
450,668933,"Ashcraft, Graham",451,99.8,0.183,0.129,0.254,0.312,0.278,0.286,0.197,17,93,88.9,12.9,2726,94.4,93.34,66,204,246,-1.1000000000000085,5.56,111,150,116,149,294,322,289,"2.804","-2.804","67.7","7.0","3.987956765",109,61,10,4,1,2,32,29.4,16,14.7,2.06376,0.50445,-0.35749,-0.04197,"92.0",165,40,7.2727272727272725,3.669724770642202,6.4,0,0.35,2.27,0.303,4,"-0.623111111",0.322,0.307,"0.623111111",-0.014,-0.019000000000000017,0.005,-0.008,32.4,"54.5",7.101149800454935,4.186258157007049,32.792483377674934,0.44221105527638194,36.8712625189211,26.42434038857054
448,663423,"Thornton, Trent",449,99.8,0.207,0.144,0.207,0.351,0.277,0.345,0.275,23,111,90.6,11.1,2652,89.4,89.37,48,222,226,0,6.18,111,151,115,152,301,326,300,"4.666","-4.666","69.3","7.2","2.67413134",123,97,15,4,0,4,15,12.2,10,8.1,2.41625,0.47251,-0.19447,-0.06585,"92.8",149,46.391752577319586,8.24742268041237,6.504065040650407,5.52,-2.11,0.15,2.33,0.279,8,"-1.041517857",0.34,0.461,"1.041517857",-0.068,-0.061,-0.11,-0.068,21.6,"46.2",7.075861638099077,0.9436934584195504,31.675093597171347,0.5159817351598174,37.44012134525486,29.23589247331169
446,686560,"Collyer, Gavin",450,99.1,0.188,0.087,0.246,0.275,0.316,0.318,0.192,15,80,86.7,17.2,2619,92.2,91.66,45,166,280,-0.5,6.11,113,149,119,149,302,329,301,"-0.971","0.971","69.8","6.9","1.690681144",105,58,10,4,0,1,22,21,19,18.1,2.24879,0.46825,0.26088,0.03255,"91.2",156,29.310344827586203,3.4482758620689653,1.9047619047619049,5.04,-3.72,-0.07,2.77,0.381,2,"0.217713004",0.384,0.278,"-0.217713004",-0.004,-0.0030000000000000027,-0.003,-0.002,27.1,"17.5",7.417206159670042,6.555356664032071,30.961135173626303,0.44785276073619634,36.98273035371674,26.212339833780707
445,696070,"Rojas, Kendry",445,100,0.195,0.08,0.281,0.276,0.297,0.276,0.167,17,87,83,14,2122,92.8,93.59,53,194,251,0.7999999999999972,6.72,109,150,115,148,290,320,290,"0.733","-0.733","68.8","7.0","2.251762331",110,61,12,4,0,1,29,26.4,19,17.3,1.76712,0.88863,0.41977,-0.14077,"90.6",162,27.86885245901639,6.557377049180328,3.6363636363636362,5.89,1.62,-0.2,2.29,0.346,4,"-0.164719101",0.322,0.25,"0.164719101",0.028,0.023999999999999966,0.026,0.021,27.3,"43.3",5.52941101433721,4.343810946448785,32.417415435769406,0.425531914893617,37.6967636200119,26.5140981114774
444,680744,"Madden, Ty",444,100,0.173,0.082,0.231,0.255,0.237,0.257,0.185,17,98,87.4,18.6,2306,88.7,88.32,58,208,236,-0.4000000000000057,5.89,113,149,117,150,295,329,298,"6.27","-6.27","69.5","7.3","3.443585594",109,67,13,2,0,2,31,28.4,10,9.2,2.37264,0.53181,0.35867,0.06269,"91.7",143,34.32835820895522,5.970149253731343,3.669724770642202,5.85,-2.04,0.06,2.27,0.257,4,"-1.412162162",0.268,0.3,"1.412162162",-0.012,-0.01100000000000001,-0.045,-0.02,27.9,"41.6",9.79115706176194,-2.842243423337362,30.948414138854087,0.5317073170731708,36.646799087636744,30.80418998253494
443,669211,"Akin, Keegan",443,100,0.284,0.157,0.31,0.441,0.337,0.298,0.246,29,102,84.3,21.4,2314,90.2,88.93,42,218,225,-1.2999999999999972,5.65,111,149,117,146,297,320,296,"-1.193","1.193","70.5","7.3","2.470023843",114,88,21,3,2,3,17,14.9,9,7.9,1.81948,1.01138,0.75495,-0.41912,"90.7",170,29.069767441860467,5.813953488372093,4.385964912280701,5.86,1.94,-0.09,2.24,0.336,5,"0.269300226",0.304,0.371,"-0.269300226",0.038,0.03200000000000003,0.07,0.039,19.3,"39.2",8.578475480281297,0.11490297865759347,32.79554831286941,0.49065420560747663,37.337052940189814,29.05300715584258
443,663765,"Woodford, Jake",443,100,0.348,0.179,0.398,0.527,0.386,0.367,0.329,39,112,90.7,13.2,2078,88.9,89.51,41,206,237,0.5999999999999943,6.61,112,149,123,150,297,321,295,"-6.751","6.751","70.8","7.3","2.460100532",123,93,29,4,2,4,23,18.7,7,5.7,2.52569,0.37927,0.2359,0.04451,"92.6",160,48.38709677419355,8.60215053763441,6.504065040650407,4.95,-2.08,0.15,2.17,0.377,8,"1.523927765",0.365,0.483,"-1.523927765",0.019,0.01200000000000001,0.044,0.019,19.9,"24.9",9.01331833796774,-0.044013480165036395,33.258899408041486,0.485,36.52151999357869,30.330897310756487
442,688883,"Pallette, Peyton",442,100,0.218,0.128,0.278,0.346,0.332,0.356,0.25,17,78,89.5,16.1,2449,89.8,88.44,50,176,266,-1.3999999999999915,5.7,111,149,122,148,298,325,303,"-1.09","1.09","69.3","7.1","3.522867583",97,56,11,4,0,2,22,22.7,16,16.5,2.5269,0.36823,0.2697,-0.02702,"91.9",159,42.857142857142854,7.142857142857142,4.123711340206185,5.97,-2.63,0.34,2.29,0.371,4,"0.246606335",0.397,0.384,"-0.246606335",-0.032,-0.026000000000000023,-0.038,-0.024,28.4,"39.4",7.814713998274778,1.3157271456678894,31.195930432660997,0.514792899408284,37.01050257717216,28.40989228730013
438,686930,"Barnett, Mason",442,99.1,0.228,0.228,0.25,0.457,0.336,0.334,0.247,21,92,89.1,18.3,2419,88.9,88.7,41,193,245,-0.20000000000000284,6.13,112,148,118,148,297,322,294,"-1.696","1.696","69.7","7.1","2.907403046",105,69,11,4,1,5,23,21.9,13,12.4,2.69308,0.23069,-0.34258,-0.13872,"91.3",156,42.028985507246375,8.695652173913043,5.714285714285714,6.09,-2.15,0.14,2.1,0.324,6,"0.387214612",0.34,0.425,"-0.387214612",-0.019,-0.016000000000000014,0.032,0.002,21.2,"56.5",10.105388291463807,0.5162987834114862,31.35511685723854,0.45454545454545453,36.02226576299626,30.551161301499775
436,681799,"Roberts, Ethan",437,99.8,0.237,0.14,0.26,0.376,0.331,0.342,0.255,22,93,91.1,13.9,2893,89.4,89.61,43,190,246,0.19999999999998863,6.33,110,151,118,151,301,327,299,"-1.647","1.647","71.3","7.2","2.664938843",110,76,16,2,1,3,17,15.5,14,12.7,2.27239,0.59901,-0.44919,-0.06729,"92.0",158,44.73684210526316,3.9473684210526314,2.727272727272727,5.24,-1.53,-0.05,2.11,0.355,3,"0.377752294",0.37,0.391,"-0.377752294",-0.018,-0.015000000000000013,-0.015,-0.011,22.6,"34.7",7.951824329514214,2.234840382493618,32.276954532638136,0.5243243243243243,37.273902921955454,28.55190002753811
436,660604,"Rangel, Alan",436,100,0.269,0.204,0.328,0.473,0.363,0.313,0.236,25,93,86.4,18.2,2157,84.8,85.32,51,217,219,0.5,6.51,112,149,120,147,294,320,295,"-1.858","1.858","69.6","7.4","4.621005829",108,68,15,5,1,4,26,24.1,12,11.1,2.36032,0.86243,0.35553,-0.16218,"90.9",153,30.88235294117647,5.88235294117647,3.7037037037037033,6.22,0.43,0.19,2.3,0.361,4,"0.426146789",0.333,0.365,"-0.426146789",0.033,0.02799999999999997,0.108,0.05,23.5,"69.9",14.718874401841289,-9.466199467132515,33.143366992084815,0.4672897196261682,35.7436476000791,35.208835621156574
434,676664,"Sears, JP",434,100,0.226,0.17,0.244,0.396,0.3,0.32,0.249,24,106,90.3,14.6,1981,87.5,87.56,42,204,230,0.09999999999999432,6.32,114,152,121,149,304,326,299,"0.41","-0.41","70.1","7.0","1.665127402",116,83,16,3,0,5,23,19.8,9,7.8,2.41786,0.6,0.58118,-0.51325,"91.9",156,45.78313253012048,8.433734939759036,6.0344827586206895,4.86,1.24,0.13,2.33,0.287,7,"-0.094470046",0.308,0.425,"0.094470046",-0.023,-0.02100000000000002,-0.029,-0.02,20.6,"26.1",4.969551837314841,2.3062365256891995,32.478067398533256,0.375,37.392078960493315,29.710783476914223
433,642100,"Speier, Gabe",437,99.1,0.2,0.15,0.23,0.35,0.28,0.295,0.204,20,100,87.2,13,2212,91.8,91.46,53,223,210,-0.29999999999999716,6.07,112,146,111,146,293,320,292,"3.326","-3.326","68.4","6.9","3.308430574",117,79,11,6,0,3,25,21.4,10,8.5,2.11201,0.61926,0.64758,0.01658,"91.5",153,37.17948717948718,11.538461538461538,7.6923076923076925,5.45,1.95,-0.08,2.32,0.287,9,"-0.76812933",0.292,0.386,"0.76812933",-0.004,-0.0050000000000000044,-0.036,-0.015,23.8,"28.8",6.8367575344619835,3.803910424113953,31.98422346104317,0.5,35.748378711562275,28.20575630181336
429,489446,"Yates, Kirby",429,100,0.189,0.144,0.259,0.333,0.286,0.294,0.205,17,90,91.3,16.2,1950,88.5,88,76,221,208,-0.5,6.1,113,148,117,149,306,328,302,"3.679","-3.679","70.1","7.0","1.472771507",108,61,8,7,0,2,32,29.6,11,10.2,2.24732,0.69077,1.10063,0.09779,"92.2",174,49.18032786885246,8.19672131147541,4.62962962962963,5.15,-2.35,0,2.23,0.299,5,"-0.857575758",0.315,0.326,"0.857575758",-0.016,-0.016000000000000014,0.007,-0.008,34.4,"19.2",6.674694089897355,-1.5197338248924217,33.70562505848573,0.45933014354066987,34.874709343902325,28.970808680687195
428,695380,"Hoppe, Alex",428,100,0.26,0.12,0.352,0.38,0.319,0.307,0.26,26,100,90,4.7,2299,93.2,93.71,58,198,230,0.5,6.45,111,144,115,144,293,321,296,"-2.104","2.104","68.0","6.9","3.574056871",113,72,16,9,0,1,29,25.7,11,9.7,2.22671,0.40376,0.08484,0.1511,"92.4",158,43.05555555555556,2.7777777777777777,1.7699115044247788,5.73,-1.12,0.13,1.89,0.336,2,"0.491588785",0.336,0.35,"-0.491588785",0,0,0.03,0.012,29.3,"51.3",4.96380514714193,2.348549185170996,32.52367448686926,0.4642857142857143,35.5184577231961,28.03686945386461
424,592836,"Walker, Taijuan",424,100,0.353,0.304,0.359,0.657,0.454,0.411,0.312,36,102,87.5,13.4,2025,86.1,85.75,32,191,233,-0.3999999999999915,5.97,110,147,113,148,291,328,297,"-19.262","19.262","70.2","7.4","3.430942255",115,86,22,5,1,8,17,14.8,11,9.6,2.51498,0.59515,0.39127,-0.15057,"91.6",156,36.470588235294116,12.941176470588237,9.565217391304348,6.55,-1.76,-0.01,2.27,0.417,11,"4.542924528",0.383,0.582,"-4.542924528",0.041,0.033999999999999975,0.075,0.043,16.8,"43.6",11.961772254643797,-2.561598699134671,32.21715612702017,0.5351351351351351,38.753467882948755,32.88380356471395
424,686580,"Slaten, Justin",424,100,0.283,0.16,0.382,0.443,0.333,0.269,0.225,30,106,87,8,2524,93.2,94.25,55,212,212,1.0999999999999943,6.81,108,148,115,148,291,318,294,"-2.514","2.514","69.4","7.1","2.443623051",114,74,21,5,0,4,34,29.8,6,5.3,1.80165,0.83194,-0.22727,-0.00552,"91.7",157,39.189189189189186,5.405405405405405,3.508771929824561,5.91,-1.07,0.16,2.22,0.321,4,"0.592924528",0.267,0.343,"-0.592924528",0.058,0.05399999999999999,0.1,0.064,25.9,"47.5",6.619765830459032,2.2802031070397604,31.861365176083243,0.42857142857142855,35.67154597242008,27.85327960913338
420,677961,"Wilcox, Cole",424,99.1,0.239,0.057,0.308,0.295,0.303,0.363,0.29,21,88,90.7,5,2059,91.2,91.2,61,198,222,0,6.36,110,146,114,147,294,320,294,"1.502","-1.502","70.2","7.3","3.497461993",106,66,18,2,0,1,23,21.7,15,14.2,2.55017,0.21995,0.49601,0.12742,"92.1",139,43.07692307692308,7.6923076923076925,4.716981132075472,5.73,-2.26,0.14,2.25,0.358,5,"-0.357619048",0.402,0.417,"0.357619048",-0.051,-0.04400000000000004,-0.122,-0.06,30.8,"26.9",9.308664646554353,-1.0226113583747969,31.951521664458557,0.43617021276595747,36.83853495645082,30.098741099100305
412,807743,"Sullivan, Sean",412,100,0.343,0.333,0.367,0.677,0.46,0.335,0.241,34,99,87.9,28.6,2182,83,85.51,32,197,215,2.5,7.63,110,149,114,147,302,334,300,"-11.365","11.365","71.1","7.2","2.651845284",114,84,13,14,2,5,16,14,11,9.6,2.62767,0.69316,0.38483,-0.17677,"91.7",199,34.523809523809526,9.523809523809524,7.017543859649122,5.51,3.32,-0.14,2.39,0.421,8,"2.758495146",0.334,0.431,"-2.758495146",0.102,0.08699999999999997,0.246,0.125,16.2,"31.4",11.242286174433787,-3.7875031325050985,32.39618897139548,0.41509433962264153,36.18717066116128,32.52666346759001
407,656222,"Beeks, Jalen",411,99,0.272,0.223,0.289,0.495,0.35,0.363,0.282,28,103,88.2,12.2,2132,90.1,90.31,45,192,215,0.20000000000000284,6.47,112,149,112,149,300,327,303,"-3.498","3.498","70.3","7.1","2.712312254",113,84,17,5,0,6,21,18.6,8,7.1,1.85025,0.98123,0.79939,-0.14543,"92.9",163,42.857142857142854,10.714285714285714,7.964601769911504,5.92,1.13,-0.12,2.22,0.324,9,"0.859459459",0.333,0.522,"-0.859459459",-0.01,-0.009000000000000008,-0.027,-0.013,23.4,"45.1",8.591942479443558,-1.348966256962936,31.106430866087464,0.5384615384615384,35.77352959271334,29.815661484508148
407,695534,"Petty, Chase",407,100,0.229,0.165,0.223,0.394,0.299,0.346,0.273,25,109,88.1,15.4,2084,91.3,91.51,39,201,206,0.20000000000000284,6.42,114,150,117,149,295,323,291,"1.501","-1.501","71.0","7.5","5.318137259",121,98,15,6,0,4,13,10.7,7,5.8,2.19388,0.57333,0.68892,-0.24209,"92.2",154,38.54166666666667,7.291666666666667,5.785123966942149,5.29,-1.77,-0.16,2.39,0.289,7,"-0.368796069",0.342,0.433,"0.368796069",-0.044,-0.05300000000000005,-0.039,-0.047,19.4,"32.7",12.70730444787538,-6.31553222524369,31.109436453946888,0.5879396984924623,37.52842068729676,33.82832372446061
402,804267,"Thornton, Zac",402,100,0.196,0.098,0.231,0.294,0.243,0.328,0.265,20,102,90.6,12.1,2358,87.7,87.69,43,202,200,0,6.26,109,151,118,148,302,325,295,"6.959","-6.959","71.3","7.3","2.330467318",110,81,14,4,0,2,22,20,7,6.4,2.24656,0.74165,-0.00007,-0.10471,"92.6",167,44.44444444444444,11.11111111111111,8.181818181818182,6.19,2.5,-0.24,2.25,0.248,9,"-1.731094527",0.312,0.445,"1.731094527",-0.069,-0.064,-0.151,-0.085,21.3,"50.1",10.352193250430723,-0.981160636422924,31.80174749869068,0.5477386934673367,36.12446902777742,31.621690173115784
402,696062,"Dotel, Wilber",407,98.8,0.233,0.111,0.297,0.344,0.287,0.307,0.244,21,90,89.9,10.4,2180,93.7,94.37,48,195,207,0.7000000000000028,6.69,112,147,116,148,301,323,296,"4.605","-4.605","69.4","7.2","3.077477991",102,67,15,4,0,2,25,24.5,10,9.8,1.75445,0.86759,0.37953,-0.18132,"91.9",165,49.25373134328358,4.477611940298507,2.941176470588235,5.81,-1.81,-0.05,2.36,0.307,3,"-1.145522388",0.322,0.374,"1.145522388",-0.011,-0.015000000000000013,-0.03,-0.02,24.6,"43.0",8.020126684450231,-0.5516312539837662,31.238332026846898,0.484375,36.998050085149906,28.977982346857832
400,671936,"Macko, Adam",409,97.8,0.279,0.128,0.35,0.407,0.34,0.338,0.259,24,86,86.2,13.9,2329,88.2,87.59,61,186,214,-0.6000000000000085,5.92,106,147,118,149,289,316,288,"-1.15","1.15","70.3","7.3","4.413506655",99,63,19,2,0,3,23,23.2,10,10.1,2.38777,0.5806,0.18598,-0.16302,"91.7",150,34.92063492063492,6.349206349206349,4.040404040404041,5.65,1.79,-0.25,2.24,0.374,4,"0.2875",0.356,0.436,"-0.2875",0.02,0.018000000000000016,-0.029,0.002,32.8,"44.1",11.347150208184587,-5.971708020669319,32.11555775907893,0.5055555555555555,35.77367388573066,34.166269297770825
398,688158,"Morgan, David",403,98.8,0.295,0.136,0.4,0.432,0.371,0.284,0.217,26,88,83.3,4.6,2407,91.6,91.05,64,200,198,-0.5,6,114,148,120,149,302,327,299,"-3.722","3.722","66.7","7.1","5.109908787",105,63,18,6,0,2,26,24.8,13,12.4,2.50178,0.26501,0.25595,0.16601,"91.0",135,26.984126984126984,1.5873015873015872,0.9523809523809524,5.33,-1.98,0,2.14,0.404,1,"0.935175879",0.338,0.274,"-0.935175879",0.078,0.066,0.158,0.087,32,"35.4",10.367646038584425,-1.270472046337952,33.89118041876475,0.521505376344086,34.94756221052048,30.176190313991455
395,664299,"Javier, Cristian",395,100,0.286,0.19,0.35,0.476,0.389,0.359,0.258,24,84,89.9,22.2,2339,88.2,87.7,57,198,197,-0.5,6.09,109,147,115,147,297,325,296,"-6.989","6.989","71.1","7.2","2.778399841",101,63,15,5,1,3,21,20.8,15,14.9,2.05018,0.94247,0.12314,-0.09762,"91.7",187,39.682539682539684,11.11111111111111,6.9306930693069315,5.53,-1.72,0.09,2.58,0.406,7,"1.769367089",0.383,0.419,"-1.769367089",0.028,0.02300000000000002,0.057,0.03,28.8,"34.7",9.783040810620735,-2.7433122780537387,31.122286034424864,0.5425531914893617,37.53550313974571,30.61842590848995
394,656529,"Hentges, Sam",395,99.7,0.221,0.026,0.315,0.247,0.297,0.31,0.207,17,77,85.4,11.3,2191,89.7,91.2,48,170,224,1.5,7.03,111,148,116,147,296,325,300,"3.608","-3.608","68.8","6.9","3.189649615",97,54,15,2,0,0,24,24.7,16,16.5,2.25881,0.58774,0.26386,0.05716,"91.1",151,33.33333333333333,3.7037037037037033,2.0618556701030926,6.26,1.88,-0.37,2.36,0.371,2,"-0.915736041",0.361,0.302,"0.915736041",0.014,0.010000000000000009,-0.055,-0.013,28.2,"37.4",5.909172624933172,5.402777771488544,31.559204319841744,0.4583333333333333,36.09111147795987,27.21795583417017
394,699823,"Davis, Tyler",403,97.8,0.191,0.09,0.224,0.281,0.262,0.288,0.22,17,89,89.9,17.6,2392,92.7,93.66,46,197,197,1,6.8,106,147,117,145,295,324,296,"4.542","-4.542","68.8","7.0","2.873933533",106,69,13,2,0,2,22,20.8,15,14.2,1.68848,0.9839,0.29216,-0.1019,"91.8",163,43.47826086956522,4.3478260869565215,2.8301886792452833,5.82,-1.15,0.18,2.48,0.302,3,"-1.152791878",0.326,0.324,"1.152791878",-0.029,-0.02400000000000002,-0.043,-0.026,23.4,"45.3",7.881757464651375,3.1004658727380514,30.563660982837796,0.5412371134020618,36.656461319866466,27.35786346036403
391,675989,"Bolton, Cody",391,100,0.269,0.192,0.333,0.462,0.371,0.38,0.276,21,78,89.1,12.9,2425,90.1,89.85,32,163,228,-0.19999999999998863,6.21,110,147,119,149,293,325,295,"-4.119","4.119","71.3","7.0","1.515371444",95,58,12,6,0,3,22,23.2,14,14.7,2.37969,0.47487,0.05164,0.01764,"91.5",164,48.275862068965516,10.344827586206897,6.315789473684211,5.64,-2.35,-0.01,2.55,0.383,6,"1.053452685",0.392,0.472,"-1.053452685",-0.007,-0.009000000000000008,-0.01,-0.009,19.6,"36.8",6.555868823915427,5.6882032287551,30.190141418964355,0.5063291139240507,38.12228825433224,26.965670465448493
389,694360,"Way, Beck",389,100,0.293,0.141,0.333,0.435,0.349,0.341,0.257,27,92,90.3,4,2341,93.1,93.24,45,174,215,0.10000000000000853,6.27,112,149,121,150,295,324,290,"-1.595","1.595","70.9","7.3","3.128670362",105,73,22,1,0,4,21,20,10,9.5,2.22959,0.40195,0.33313,-0.13514,"92.8",133,42.465753424657535,6.8493150684931505,4.761904761904762,5.54,-1.87,-0.05,2.15,0.362,5,"0.410025707",0.341,0.395,"-0.410025707",0.036,0.020999999999999963,0.04,0.008,25.9,"29.4",8.80825907336508,1.3766932355179657,32.704614720224505,0.5174418604651163,36.75830028570429,28.931726026699888
386,543056,"Coulombe, Danny",386,100,0.225,0.05,0.246,0.275,0.299,0.321,0.251,18,80,81.5,8.3,2440,85.9,85.39,29,170,216,-0.5,5.94,106,148,115,147,287,317,293,"2.076","-2.076","68.1","7.1","2.202267701",96,70,16,1,0,1,10,10.4,15,15.6,2.6186,0.49497,-0.04265,0.13205,"91.4",138,21.428571428571427,1.4285714285714286,1.0416666666666665,6.06,-0.35,-0.41,2.33,0.354,1,"-0.537823834",0.376,0.311,"0.537823834",-0.026,-0.02200000000000002,-0.036,-0.022,17.1,"55.7",8.888597212355657,-1.8370747845266724,32.436485610314065,0.5389221556886228,34.41324431385032,30.893022840729436
386,657571,"Ferguson, Caleb",395,97.7,0.27,0.169,0.323,0.438,0.339,0.295,0.239,24,89,86.3,6,2495,89.2,89.29,35,176,210,0.09999999999999432,6.32,108,149,117,149,293,324,293,"-1.714","1.714","71.2","7.0","1.844912096",101,68,16,4,1,3,21,20.8,11,10.9,2.35995,0.52912,0.33668,0.34753,"91.0",137,34.32835820895522,4.477611940298507,2.9702970297029703,5.63,2.58,-0.26,2.2,0.35,3,"0.444041451",0.323,0.353,"-0.444041451",0.031,0.02699999999999997,0.085,0.044,19.9,"39.6",6.262191932307007,4.07966868438592,32.656431774278026,0.48255813953488375,35.59555409146565,27.263283392658078
380,621366,"Borucki, Ryan",385,98.7,0.293,0.185,0.32,0.478,0.364,0.31,0.253,27,92,88.3,14.2,2192,88,88.34,53,188,192,0.29999999999999716,6.46,109,148,115,146,294,321,296,"-4.679","4.679","70.8","7.5","4.145366367",104,78,16,8,0,3,15,14.4,9,8.7,2.63089,0.33454,0.56882,-0.09337,"92.6",140,39.743589743589745,5.128205128205128,3.8461538461538463,5.64,1.28,-0.16,2.21,0.365,4,"1.231315789",0.33,0.373,"-1.231315789",0.04,0.034999999999999976,0.105,0.054,28.2,"27.6",14.104310608770865,-9.663133111593178,32.89278640170759,0.4088397790055249,35.234492152267066,35.99449461797476
379,805299,"Garcia, Brandyn",383,99,0.177,0.031,0.27,0.208,0.211,0.21,0.17,17,96,87,-1.6,2392,93.6,92.23,43,171,208,-1.3999999999999915,5.47,108,147,115,149,300,324,292,"7.928","-7.928","69.4","7.1","4.162892829",106,64,14,3,0,0,33,31.1,6,5.7,2.31488,0.3088,0.32019,0.01035,"92.0",114,32.8125,3.125,1.8867924528301887,5.57,1.79,-0.18,2.37,0.248,2,"-2.09182058",0.241,0.219,"2.09182058",0.007,0.007000000000000006,-0.011,0.001,25.1,"16.7",6.1730430674597,5.7413893225665,32.71131161350889,0.3803680981595092,36.50043453925218,25.94186125196084
378,677053,"Nardi, Andrew",378,100,0.244,0.198,0.309,0.442,0.342,0.348,0.241,21,86,88.7,11.1,2302,89.9,90.14,55,181,197,0.19999999999998863,6.66,111,151,117,149,301,325,298,"-0.805","0.805","69.3","7.0","3.046040436",99,60,12,5,0,4,27,27.3,11,11.1,2.02585,0.84942,0.11566,-0.18566,"92.4",182,45,13.333333333333334,8.080808080808081,5.6,3.06,-0.12,2.35,0.337,8,"0.212962963",0.334,0.465,"-0.212962963",0.003,0.0030000000000000027,-0.023,-0.006,30.4,"40.3",7.320508125183659,4.667117980864393,31.423697938987626,0.47701149425287354,37.22307090910404,27.800448377731225
375,678020,"Halvorsen, Seth",379,98.9,0.272,0.185,0.311,0.457,0.368,0.395,0.312,22,81,90.2,12.5,2329,94.4,95.61,41,175,200,1.1999999999999886,6.83,111,148,117,146,303,330,297,"-8.148","8.148","69.4","7.1","4.227252141",96,64,14,4,1,3,17,17.7,15,15.6,1.85368,0.72307,0.41344,0.00613,"92.0",162,39.0625,6.25,4.166666666666666,6.13,-2.12,0.22,2.47,0.385,4,"2.1728",0.419,0.49,"-2.1728",-0.04,-0.033999999999999975,-0.033,-0.027,23.4,"50.7",6.805605474927367,3.194137236571039,31.092626184632138,0.47297297297297297,37.29156527309676,27.540221736367084
374,595014,"Treinen, Blake",379,98.7,0.239,0.159,0.311,0.398,0.311,0.348,0.261,21,88,84.6,9.9,2405,89.9,88.9,46,179,195,-1,5.73,111,150,119,148,296,314,293,"0.564","-0.564","68.8","7.1","4.343021717",100,64,12,6,1,2,25,25,10,10,2.50198,0.36059,0.18272,0.26949,"92.2",164,42.857142857142854,12.698412698412698,8,6.23,-2.91,0.28,2.17,0.323,8,"-0.150802139",0.344,0.475,"0.150802139",-0.022,-0.020999999999999963,-0.077,-0.037,25.7,"32.5",8.612696078567538,-3.776337399808633,34.49330031210328,0.46285714285714286,36.09596126479887,30.57241850868913
370,696519,"Natera Jr., Samy",370,100,0.122,0.095,0.195,0.216,0.216,0.219,0.134,9,74,87.2,29.6,2352,92.7,93.39,60,172,198,0.7000000000000028,6.81,112,148,117,149,302,326,300,"6.785","-6.785","70.6","7.1","2.254037628",85,42,4,4,0,1,32,37.6,10,11.8,1.2303,1.44838,0.2567,-0.04654,"90.5",191,30.952380952380953,4.761904761904762,2.3529411764705883,6.03,1.25,-0.17,2.33,0.235,2,"-1.833783784",0.246,0.208,"1.833783784",-0.012,-0.01100000000000001,0.008,-0.003,34.9,"47.8",8.726974383599172,-0.8851744865756827,31.434516951658257,0.4911242603550296,36.766350792158626,29.15708414529034
369,683000,"Cornelio, Riley",369,100,0.262,0.108,0.314,0.369,0.344,0.321,0.2,17,65,84.8,19.2,2316,90.2,90.49,60,178,191,0.29999999999999716,6.44,108,145,116,147,305,328,300,"-2.292","2.292","68.8","7.4","7.312309105",87,53,12,4,0,1,17,19.5,17,19.5,2.05171,0.78715,0.32303,0.02899,"91.1",178,43.39622641509434,11.320754716981133,6.896551724137931,5.94,-2.61,0.19,2.24,0.395,6,"0.621138211",0.359,0.309,"-0.621138211",0.062,0.03600000000000003,0.06,0.023,33.7,"42.9",12.649173249292868,-9.634619261548115,32.21255222845523,0.3546511627906977,36.43624972735084,35.04658377334517
366,594027,"Guerrero, Tyron",366,100,0.234,0.085,0.313,0.319,0.264,0.249,0.21,22,94,84.8,2,2179,98.6,100.16,56,206,160,1.6000000000000085,7.11,108,148,115,147,289,318,297,"5.056","-5.056","69.4","6.8","1.634872926",99,66,18,2,0,2,28,28.3,3,3,1.39773,0.9524,0.98333,-0.07242,"91.1",151,30.303030303030305,4.545454545454546,3.0303030303030303,6.32,-1.81,0.04,2.3,0.273,3,"-1.381420765",0.251,0.313,"1.381420765",0.024,0.02200000000000002,0.006,0.015,27.2,"42.7",2.891837007359353,9.820087983525749,31.501730539664575,0.3786407766990291,36.08531483674378,23.88601631999776
365,641941,"Pagán, Emilio",366,99.7,0.231,0.218,0.259,0.449,0.32,0.33,0.225,18,78,91.9,26.3,2192,90.7,91.51,53,184,181,0.7999999999999972,6.86,114,148,112,148,292,324,293,"-2.024","2.024","70.4","7.2","2.486261169",91,58,10,3,1,4,23,25.3,8,8.8,1.76734,1.03932,0.48227,-0.19318,"92.5",194,56.896551724137936,12.068965517241379,7.6923076923076925,5.49,-1.37,-0.13,2.36,0.308,7,"0.554520548",0.308,0.474,"-0.554520548",0.006,0,-0.025,-0.01,28.8,"40.6",10.800389265671543,-4.565140457832613,30.7293356516755,0.5586592178770949,36.371763877513715,31.397189028048313
365,668881,"Greene, Hunter",365,100,0.253,0.161,0.345,0.414,0.316,0.332,0.269,22,87,90.1,23.3,2273,94.2,94.99,53,195,170,0.7999999999999972,6.64,113,148,109,148,297,330,300,"-1.948","1.948","69.9","7.1","4.381999666",94,58,14,5,0,3,29,30.9,7,7.4,1.69356,0.88967,0.25521,-0.08025,"91.7",188,47.368421052631575,5.263157894736842,3.1914893617021276,6.09,-1.89,0.19,2.39,0.309,3,"0.53369863",0.324,0.441,"-0.53369863",-0.016,-0.015000000000000013,-0.027,-0.016,27.2,"40.0",9.335825105224128,-1.6980522121139219,32.81938586830012,0.4381443298969072,35.366155477807276,30.79136143417657
362,663878,"Pearson, Nate",364,99.5,0.219,0.068,0.268,0.288,0.298,0.333,0.237,16,73,85.3,14,2390,92.5,93.48,37,161,201,1,6.83,109,147,113,149,288,324,293,"0.771","-0.771","69.7","7.2","2.976997093",87,57,13,2,0,1,16,18.4,13,14.9,2.09177,0.60807,0.06635,0.06785,"92.0",158,33.92857142857143,7.142857142857142,4.597701149425287,5.73,-1.41,0.03,2.43,0.345,4,"-0.212983425",0.361,0.373,"0.212983425",-0.018,-0.016000000000000014,-0.085,-0.035,23,"43.0",9.59444578943111,-2.518082798697941,31.501026127144772,0.5379746835443038,36.7242493726036,30.00366189817355
360,676428,"Hurter, Brant",364,98.9,0.174,0.093,0.206,0.267,0.25,0.304,0.235,15,86,85.8,2.5,2172,88.9,88.17,32,156,204,-0.7000000000000028,6.02,110,148,114,147,295,325,299,"4.554","-4.554","67.8","7.0","4.394167643",101,70,9,5,0,1,18,17.8,12,11.9,2.76017,0.16994,0.658,-0.02672,"91.5",110,33.33333333333333,4.3478260869565215,2.9702970297029703,5.93,3.57,0.07,2.39,0.28,3,"-1.265",0.339,0.331,"1.265",-0.061,-0.059,-0.064,-0.054,20.5,"29.2",6.654710083988988,0.6201036088215243,32.05284343200119,0.45454545454545453,36.477324309670124,30.15928713187856
359,623437,"Topa, Justin",359,100,0.346,0.192,0.359,0.538,0.414,0.376,0.291,27,78,91.2,6.1,2242,89.8,89.03,22,156,203,-0.7999999999999972,5.8,105,148,118,146,294,321,285,"-7.642","7.642","70.2","7.1","1.750460728",92,68,20,3,0,4,12,13,11,12,2.65652,0.19712,0.7032,0.19607,"92.3",143,46.96969696969697,9.090909090909092,6.521739130434782,4.95,-2.49,0.15,2.28,0.424,6,"2.128690808",0.379,0.491,"-2.128690808",0.055,0.044999999999999984,0.047,0.038,14.1,"11.2",5.191302554366977,4.1880056645669335,32.165930423094686,0.527027027027027,36.67621452333852,26.316293573507416
357,690953,"Abel, Mick",361,98.9,0.275,0.075,0.386,0.35,0.329,0.349,0.274,22,80,85.6,13.2,2391,89.5,90.6,51,177,180,1.0999999999999943,6.94,114,146,119,147,295,321,282,"0.104","-0.104","69.2","7.1","2.439436587",93,57,16,6,0,0,23,24.7,10,10.8,2.24838,0.63034,0.15919,-0.21734,"91.2",162,40.35087719298245,5.263157894736842,3.225806451612903,5.48,-1.78,0.13,2.38,0.376,3,"-0.029131653",0.375,0.413,"0.029131653",0.001,0.0010000000000000009,-0.063,-0.02,28.8,"27.2",7.240422171173803,2.6010816963116494,32.4034241904493,0.4659090909090909,37.475404825018984,28.369556751961543
355,689546,"Davila, Nick",355,100,0.205,0.077,0.214,0.282,0.28,0.336,0.268,16,78,88.1,8,2062,89.9,89.53,26,166,189,-0.4000000000000057,6,109,145,112,146,288,319,298,"3.928","-3.928","69.1","7.0","2.198388984",94,71,12,3,0,1,9,9.6,11,11.7,2.91673,-0.0891,0.41821,0.03131,"91.0",127,25.352112676056336,2.8169014084507045,2.127659574468085,5.84,-1.64,-0.02,2.26,0.319,2,"-1.106478873",0.372,0.373,"1.106478873",-0.063,-0.05299999999999999,-0.091,-0.056,15.7,"27.3",8.46698446403307,-3.375914229232304,33.36523543160379,0.46987951807228917,35.44405913474677,29.500618265083084
353,623352,"Hader, Josh",353,100,0.132,0.053,0.214,0.184,0.202,0.197,0.131,10,76,82.6,19,2347,91.3,91.68,72,188,165,0.4000000000000057,6.68,110,150,112,147,299,329,295,"9.041","-9.041","68.8","7.2","3.867095787",86,43,8,1,0,1,33,38.4,10,11.6,1.71708,1.06554,0.45662,-0.16781,"89.7",168,23.25581395348837,4.651162790697675,2.3255813953488373,5.66,3.02,-0.14,2.49,0.233,2,"-2.561189802",0.232,0.174,"2.561189802",0.001,0.0010000000000000009,0.01,0.005,38.3,"31.4",10.01201223660232,-1.3411068349192403,30.687550975476405,0.4919786096256685,35.825505535198985,29.020702228041987
348,683742,"Franco, Jose",348,100,0.25,0.211,0.271,0.461,0.363,0.347,0.236,19,76,88,19.6,2325,90.1,90.27,32,155,193,0.20000000000000284,6.38,109,147,115,147,293,319,291,"-2.821","2.821","70.1","7.3","4.91220193",92,62,10,5,1,3,15,16.3,15,16.3,2.06063,0.77443,0.45534,-0.20448,"91.1",181,35,10,6.521739130434782,5.84,-1.09,0.16,2.17,0.37,6,"0.810632184",0.367,0.392,"-0.810632184",0.014,0.0030000000000000027,0.069,0.016,20.6,"37.3",10.086181133519764,-2.076287344026408,31.252632767896458,0.543046357615894,37.552436128645766,30.819434435359014
343,695239,"Ahlstrom, Robby",347,98.8,0.263,0.132,0.316,0.395,0.318,0.307,0.258,20,76,84.3,12.4,2110,90.5,90.67,44,164,179,0.20000000000000284,6.39,109,148,112,147,299,325,299,"1.365","-1.365","70.6","7.1","2.235666735",85,59,15,2,1,2,17,20,8,9.4,1.95956,0.8465,0.42499,-0.09863,"90.3",153,31.666666666666664,3.3333333333333335,2.3529411764705883,6.07,2.3,0.09,2.58,0.333,2,"-0.397959184",0.329,0.372,"0.397959184",0.005,0.0040000000000000036,0.023,0.011,26.8,"49.1",8.587555661047876,4.291848066043342,31.312495589620866,0.5283018867924528,37.8395340410462,28.575652523794137
343,680604,"Castaño, Blas",343,100,0.289,0.237,0.321,0.526,0.376,0.367,0.288,22,76,92.7,7,2234,90.3,89.03,31,157,186,-1.2999999999999972,5.37,109,149,116,147,305,335,300,"-2.731","2.731","69.6","7.2","2.822226673",85,60,14,2,2,4,17,20,6,7.1,2.46382,0.3445,0.39012,-0.0907,"93.9",155,50.847457627118644,10.16949152542373,7.0588235294117645,4.92,-2.19,0.19,2.26,0.353,6,"0.796209913",0.353,0.502,"-0.796209913",0.001,0,0.024,0.009,19.7,"30.5",9.52782442720605,-3.682030269177667,32.27009347154318,0.5347222222222222,35.38880817618906,30.654618434012303
341,683232,"Mears, Nick",344,99.1,0.257,0.186,0.296,0.443,0.344,0.382,0.298,18,70,90.3,14.5,2295,89,89.16,28,150,191,0.20000000000000284,6.5,115,147,120,149,289,320,291,"-1.191","1.191","69.0","7.2","3.75133805",83,57,10,5,1,2,15,18.1,11,13.3,2.42868,0.49531,0.38407,-0.11617,"92.3",164,51.78571428571429,12.5,8.433734939759036,6.19,-1.81,0.15,2.15,0.354,7,"0.349266862",0.389,0.506,"-0.349266862",-0.041,-0.03500000000000003,-0.063,-0.038,18.7,"54.6",9.938923725641226,-3.5018027708330717,32.96945961672253,0.5570469798657718,35.31195138280128,31.129442703844074
339,669212,"Morgan, Eli",339,100,0.3,0.225,0.322,0.525,0.395,0.399,0.324,24,80,88.9,19.6,2300,84.8,84.84,38,158,181,0,6.33,114,150,121,150,290,321,289,"-4.189","4.189","67.8","7.3","3.500536389",91,64,16,3,0,5,16,17.6,9,9.9,2.48773,0.73504,0.73445,-0.18543,"91.5",173,42.1875,6.25,4.395604395604396,5.83,-0.53,0.18,2.51,0.385,4,"1.235693215",0.407,0.513,"-1.235693215",-0.024,-0.021999999999999964,0.012,-0.004,24.1,"49.6",11.942485356289232,-5.107151916052337,30.74020235621955,0.5384615384615384,37.20664835009536,32.92910086138727
337,661563,"Gil, Luis",337,100,0.211,0.296,0.161,0.507,0.367,0.385,0.262,15,71,92.2,13.9,2307,91.9,92.32,24,130,207,0.3999999999999915,6.78,111,149,125,151,285,323,292,"-5.373","5.373","69.9","7.2","2.905301006",85,62,6,3,0,6,9,10.6,11,12.9,1.79766,0.94515,0.38021,0.04644,"93.3",156,46.774193548387096,9.67741935483871,7.0588235294117645,5.66,-2.8,0.04,2.46,0.341,6,"1.594362018",0.384,0.498,"-1.594362018",-0.051,-0.04299999999999998,0.009,-0.018,18.5,"34.6",10.644546561038569,-3.3564638497879207,31.212012212618614,0.5736434108527132,36.56792045025679,30.34422528570248
333,688297,"Roycroft, Chris",335,99.4,0.338,0.237,0.356,0.575,0.428,0.377,0.287,27,80,86.4,-3,2162,93.6,94.78,26,155,178,1.2000000000000028,6.96,108,148,115,149,298,329,300,"-10.185","10.185","68.5","6.8","1.964080867",93,66,20,1,0,6,15,16.1,11,11.8,2.33916,0.27758,0.67242,0.21326,"92.2",137,43.93939393939394,12.121212121212121,8.60215053763441,5.37,-1.49,0.07,2.23,0.424,8,"3.058558559",0.381,0.49,"-3.058558559",0.051,0.04299999999999998,0.085,0.051,16.8,"25.4",4.07084551372899,6.984944119518256,33.425189566500826,0.3881578947368421,35.48259414422554,24.31922289184071
333,696131,"Black, Mason",333,100,0.279,0.162,0.314,0.441,0.369,0.408,0.291,19,68,92.6,21.5,2288,89.7,90.12,33,142,191,0.3999999999999915,6.56,113,149,122,150,291,323,289,"-4.218","4.218","70.4","6.9","1.337828933",82,54,14,2,0,3,15,18.3,11,13.4,2.4264,0.43877,0.42523,0.05278,"92.7",190,53.70370370370371,14.814814814814813,9.75609756097561,5.14,-2.55,0.06,2.55,0.39,8,"1.266666667",0.408,0.527,"-1.266666667",-0.012,-0.01799999999999996,-0.086,-0.039,23.2,"27.1",6.937286359528214,7.186748046919542,31.114026483066827,0.45255474452554745,35.3142998775051,25.190506725609854
331,677976,"Dobnak, Randy",331,100,0.239,0.127,0.254,0.366,0.31,0.343,0.288,17,71,91,4.5,2045,87.7,87,29,149,182,-0.7000000000000028,5.75,116,150,119,151,299,327,292,"2.694","-2.694","70.2","7.5","4.434841867",80,61,12,3,0,2,10,12.5,9,11.3,2.93867,0.03933,0.58737,-0.26616,"92.6",124,41.66666666666667,5,3.75,5.43,-2.02,0,1.93,0.325,3,"-0.813897281",0.369,0.405,"0.813897281",-0.049,-0.043999999999999984,-0.039,-0.033,19.5,"20.2",12.016974835423632,-4.328957220292809,35.20642186075289,0.547945205479452,35.3482695652656,31.684162118203393
326,605447,"Romano, Jordan",326,100,0.283,0.117,0.41,0.4,0.354,0.318,0.241,17,60,88,17.7,2214,89.1,90.85,42,140,186,1.8000000000000114,7.37,114,145,115,148,297,328,297,"-0.469","0.469","69.7","7.3","4.604519207",72,40,12,4,0,1,21,29.2,10,13.9,2.34712,0.55083,0.00604,-0.02653,"91.4",160,40,5,2.7777777777777777,6.02,-1.64,0.17,2.12,0.389,2,"0.143865031",0.354,0.344,"-0.143865031",0.042,0.03500000000000003,0.056,0.036,30,"52.6",10.696844073622655,-1.6592850211680161,34.05217659680698,0.44776119402985076,36.06380811865133,31.06475747743557
325,684049,"Bidois, Brandan",325,100,0.297,0.25,0.341,0.547,0.407,0.363,0.253,19,64,89.6,20.9,2448,92.3,92.93,60,159,166,0.6000000000000085,6.52,108,143,116,145,304,322,294,"-9.084","9.084","68.0","7.2","3.24772912",80,47,13,1,0,5,20,25,12,15,1.83102,0.8613,-0.01877,-0.02265,"91.9",197,46.808510638297875,17.02127659574468,10,6.22,-0.46,0.06,2.28,0.405,8,"2.795076923",0.37,0.469,"-2.795076923",0.044,0.03500000000000003,0.078,0.044,37.7,"64.7",10.32576670555643,-2.249037398284358,32.148031987063646,0.5448717948717948,35.18700172821469,30.28357727464109
322,669093,"Estrada, Jeremiah",323,99.7,0.183,0.113,0.239,0.296,0.266,0.294,0.213,13,71,82.7,17.7,1868,90.4,91.78,51,153,169,1.3999999999999915,7.14,117,149,117,149,297,324,297,"4.076","-4.076","68.8","7.1","3.592572135",82,49,9,2,0,2,23,28,10,12.2,1.67904,1.16658,0.36666,-0.13078,"90.5",175,32.6530612244898,8.16326530612245,4.878048780487805,5.79,-0.41,0.04,2.59,0.284,4,"-1.265838509",0.31,0.341,"1.265838509",-0.03,-0.026000000000000023,-0.045,-0.028,33.3,"68.7",8.48492917965788,-2.837185460830094,30.419598390884648,0.5133333333333333,35.53293565006584,30.61904270350067
321,642546,"Hernández, Jonathan",322,99.7,0.268,0.225,0.288,0.493,0.374,0.37,0.286,19,71,87.8,14.3,2366,93.5,93.71,23,129,192,0.20000000000000284,6.32,113,151,123,150,298,318,296,"-4.06","4.06","70.4","7.3","3.497855138",83,56,11,4,0,4,15,18.1,12,14.5,2.18953,0.42463,0.62069,0.2825,"91.9",138,36.36363636363637,7.2727272727272725,4.819277108433735,5.58,-2.39,0.01,1.98,0.373,4,"1.264797508",0.391,0.456,"-1.264797508",-0.018,-0.018000000000000016,0.037,0.004,17.8,"28.9",10.146957160271615,-2.3522910459548845,33.322687089028626,0.5079365079365079,36.21060173682216,30.05124339308651
319,621345,"Minter, A.J.",319,100,0.244,0.209,0.266,0.453,0.305,0.299,0.24,21,86,87.1,17.6,2400,90,90.34,40,171,148,0.29999999999999716,6.35,108,149,120,148,297,315,293,"0.045","-0.045","71.9","7.3","1.995947588",88,68,13,2,2,4,18,20.5,2,2.3,2.0974,0.70777,0.10223,-0.04592,"91.4",172,35.294117647058826,11.76470588235294,9.090909090909092,5.64,2.5,-0.19,2.37,0.261,8,"-0.014106583",0.257,0.443,"0.014106583",0.004,0.0040000000000000036,0.01,0.006,23.4,"41.9",9.328034061798599,-0.2961941679855444,31.44646536947161,0.6024096385542169,37.101147087460326,31.496421435877284
319,685801,"Bigge, Hunter",323,98.8,0.2,0.129,0.232,0.329,0.296,0.311,0.23,14,70,89.6,18.7,2310,92.5,93.14,36,139,180,0.5999999999999943,6.78,108,147,115,147,301,337,298,"0.839","-0.839","70.3","7.2","2.630333823",85,57,7,6,0,1,14,16.5,14,16.5,1.77737,0.91646,0.0427,0.00552,"91.9",171,36.84210526315789,5.263157894736842,3.5294117647058822,5.67,-0.82,-0.24,2.38,0.329,3,"-0.263009404",0.354,0.341,"0.263009404",-0.03,-0.024999999999999967,-0.012,-0.015,25.9,"54.5",7.015668715247125,-0.46349416919551006,32.17218033124278,0.463768115942029,34.852196846872936,29.201092640509305
318,695684,"Rodríguez, Elmer",318,100,0.284,0.075,0.316,0.358,0.349,0.367,0.272,19,67,86.1,10.4,1958,90.2,90.58,34,126,192,0.3999999999999915,6.6,110,148,122,151,294,329,289,"-2.533","2.533","70.6","7.1","3.918912286",83,58,16,2,0,1,10,12,11,13.3,2.54387,0.32453,0.5028,-0.1267,"92.3",154,33.89830508474576,5.084745762711865,3.614457831325301,5.62,-2.67,0.11,2.17,0.402,3,"0.796540881",0.4,0.386,"-0.796540881",0.012,0.0020000000000000018,-0.028,-0.018,27,"29.0",8.850560963052995,0.49837110411714697,32.87192174068507,0.44166666666666665,36.22620585088649,30.078483141678934
317,805326,"Schweitzer, Tyler",317,100,0.253,0.12,0.277,0.373,0.307,0.342,0.275,19,75,91.5,14.6,2420,90.3,90.43,39,173,144,0.10000000000000853,6.31,108,151,121,147,295,327,295,"1.392","-1.392","71.5","7.2","1.474153946",82,66,12,6,0,1,9,11,7,8.5,2.12748,0.68054,0.0654,-0.1393,"92.3",168,50.76923076923077,9.230769230769232,7.317073170731707,5.8,2.18,-0.06,2.28,0.317,6,"-0.439116719",0.338,0.443,"0.439116719",-0.022,-0.02100000000000002,-0.07,-0.035,22.5,"45.2",7.912449182211177,3.6466355586040797,31.08859503106134,0.5,37.74180348422636,27.598581359131174
317,687312,"Hughes, Gabriel",317,100,0.229,0.086,0.308,0.314,0.267,0.232,0.189,16,70,88.9,18.8,2187,90,91.7,31,161,156,1.7000000000000028,6.9,117,148,118,149,306,333,303,"4.06","-4.06","68.7","6.9","2.75738686",77,52,11,4,1,0,19,24.7,6,7.8,2.27707,0.51886,-0.19241,0.01421,"90.8",152,28.846153846153843,1.9230769230769231,1.2987012987012987,5.47,-2.43,0.18,2.29,0.286,1,"-1.280757098",0.252,0.252,"1.280757098",0.04,0.033999999999999975,0.062,0.035,19.3,"42.3",5.659284436570489,6.147366776432374,34.50421213358565,0.39751552795031053,34.96684938627675,26.07794449579383
317,674370,"Bido, Osvaldo",317,100,0.224,0.179,0.226,0.403,0.343,0.377,0.273,15,67,88.5,18.8,2364,90.6,90.4,34,145,172,-0.19999999999998863,6.25,114,150,122,148,302,327,300,"-2.456","2.456","68.5","7.2","3.872377982",81,56,9,3,0,3,11,13.6,10,12.3,2.18284,0.62571,0.32186,-0.14552,"91.7",168,41.07142857142857,8.928571428571429,6.172839506172839,5.88,-2.16,0.1,2.26,0.358,5,"0.774763407",0.399,0.449,"-0.774763407",-0.049,-0.041000000000000036,-0.046,-0.034,23.4,"32.6",10.109847121955887,-2.989990903007824,31.911012476935593,0.48201438848920863,35.871779901425846,31.52343243741249
314,701719,"Samaniego, Tyler",315,99.7,0.286,0.065,0.35,0.351,0.324,0.331,0.268,22,77,85.8,8.1,2208,90.3,91.29,30,139,175,1,7.03,107,148,118,148,288,318,293,"0.325","-0.325","66.9","6.7","2.430412991",90,63,19,2,0,1,17,18.9,8,8.9,2.11204,0.72172,0.53594,0.02067,"92.1",145,36.507936507936506,3.1746031746031744,2.2222222222222223,5.63,1.64,-0.04,2.26,0.364,2,"-0.103503185",0.348,0.398,"0.103503185",0.018,0.016000000000000014,-0.047,-0.007,21.6,"36.7",3.3889794734107235,-0.06365331689454734,33.86997780106519,0.3851851851851852,34.67832427502593,27.031372431071432
313,673929,"Leasure, Jordan",318,98.4,0.217,0.29,0.196,0.507,0.336,0.406,0.269,15,69,92.4,26.9,2318,92,92.96,43,162,151,1,6.82,110,150,122,147,299,324,297,"0.141","-0.141","69.0","7.1","2.468168313",78,52,7,2,0,6,18,23.1,8,10.3,1.68466,1.03196,-0.01543,-0.08315,"92.1",192,44.230769230769226,25,16.666666666666664,5.92,-1.02,0.21,2.46,0.295,13,"-0.045047923",0.346,0.624,"0.045047923",-0.052,-0.05099999999999999,-0.117,-0.07,26.5,"53.8",8.787286371590868,-0.41611179672169263,29.97916877469606,0.5283018867924528,37.17056294852539,30.194569043009214
313,689818,"Sandlin, David",313,100,0.214,0.214,0.239,0.429,0.325,0.305,0.213,15,70,87.9,9.6,2338,90.9,91.21,34,145,168,0.29999999999999716,6.46,116,149,120,148,293,328,298,"0.779","-0.779","68.9","7.3","3.885651308",80,50,9,1,1,4,20,25,10,12.5,2.29556,0.49879,0.15375,-0.08849,"91.7",157,36,12,7.5,5.97,-2.28,0.15,2.23,0.313,6,"-0.248881789",0.311,0.372,"0.248881789",0.001,0.0020000000000000018,0.057,0.02,23.4,"44.1",9.641412825476618,-2.1764647468773277,31.224297870745538,0.5586206896551724,36.84896451915475,30.49138710600137
308,684974,"Yoho, Craig",308,100,0.132,0.162,0.128,0.294,0.247,0.294,0.202,9,68,85.6,14,2478,86.9,88.23,41,148,160,1.2999999999999972,7.09,115,150,123,151,301,330,304,"5.397","-5.397","67.9","7.2","3.680343352",78,50,4,2,0,3,18,23.1,8,10.3,2.86503,0.22006,1.22591,-0.25416,"90.5",153,30.612244897959183,8.16326530612245,5.128205128205128,4.88,-2.09,-0.06,2.25,0.244,4,"-1.752272727",0.306,0.343,"1.752272727",-0.07,-0.062,-0.049,-0.047,27.7,"18.6",10.04469340754132,-5.720836879319689,33.33812187429817,0.3877551020408163,38.11965160681363,33.21425272910962
308,679775,"Backhus, Kyle",308,100,0.312,0.169,0.368,0.481,0.363,0.298,0.238,24,77,87,9.6,2106,85.5,86.68,26,137,171,1.2000000000000028,7.17,106,147,119,145,292,323,295,"-2.263","2.263","67.8","6.9","5.083611412",84,60,18,2,1,3,18,21.4,4,4.8,3.0338,0.1503,0.6886,-0.23523,"91.5",160,33.89830508474576,5.084745762711865,3.571428571428571,4.25,3.14,-0.11,2.18,0.357,3,"0.73474026",0.292,0.386,"-0.73474026",0.074,0.065,0.095,0.065,19,"5.6",6.187531327970697,1.7664992186160693,34.03383993911781,0.4166666666666667,37.03453875004857,29.199889049895237
306,686751,"Johnson, Seth",306,100,0.226,0.113,0.317,0.339,0.327,0.312,0.208,14,62,87.5,12,2459,93.1,93.64,41,132,174,0.5,6.49,109,148,119,146,291,319,292,"-0.609","0.609","70.3","7.1","1.822375497",76,42,9,4,0,1,20,26.3,13,17.1,1.83343,0.82274,0.17958,0.05343,"91.6",146,38.095238095238095,9.523809523809524,5.263157894736842,5.67,-1.6,0.04,2.41,0.368,4,"0.199019608",0.354,0.316,"-0.199019608",0.018,0.014000000000000012,0.023,0.015,31.1,"45.6",9.469571476814371,1.4730831344370185,31.939660268265307,0.5,36.14845492977088,26.72750413455662
304,621074,"Rucker, Michael",304,100,0.25,0.139,0.326,0.389,0.313,0.289,0.235,18,72,86,8.5,2513,89.9,89.9,43,155,149,0,6.3,114,147,112,148,289,318,296,"0.087","-0.087","69.0","7.1","2.63537066",80,50,14,1,0,3,23,28.7,6,7.5,2.58132,0.28444,-0.18132,0.27145,"90.7",160,40,6,3.75,5.36,-2.16,0.07,2.22,0.316,3,"-0.028618421",0.303,0.342,"0.028618421",0.015,0.013000000000000012,0.047,0.024,27.7,"35.1",6.218734210781976,2.1090617228740207,32.30671502697216,0.42207792207792205,36.70986476974081,26.7985340861494
304,681151,"Murray, Jayden",305,99.7,0.362,0.232,0.415,0.594,0.437,0.363,0.273,25,69,91.4,20.9,2398,91.1,90.73,41,148,156,-0.3999999999999915,6.16,112,146,116,150,293,325,294,"-7.074","7.074","70.0","7.1","2.203864533",79,56,15,7,0,3,14,17.7,9,11.4,2.00053,0.80235,0.28408,-0.19493,"92.5",202,42.857142857142854,14.285714285714285,10.126582278481013,5.74,-2.16,0.08,2.52,0.43,8,"2.326973684",0.352,0.495,"-2.326973684",0.089,0.07800000000000001,0.099,0.074,27.7,"29.8",9.191873906648492,0.9210387992344267,30.05490645258811,0.5069444444444444,37.418057502109306,29.19596104141074
304,700249,"Povich, Cade",304,100,0.257,0.216,0.259,0.473,0.349,0.352,0.271,19,74,91.2,17.1,2359,86.8,86.39,37,142,162,-0.3999999999999915,6.2,109,151,122,147,296,317,290,"-1.316","1.316","69.6","7.4","2.570586917",82,62,11,4,0,4,12,14.6,7,8.5,2.44641,0.655,0.2402,-0.04336,"92.9",163,45.16129032258064,9.67741935483871,7.317073170731707,6.02,1.09,-0.14,2.23,0.329,6,"0.432894737",0.343,0.465,"-0.432894737",-0.014,-0.014000000000000012,0.008,-0.003,26.1,"47.9",10.496987754751835,-1.9053507083397172,31.945250355447136,0.5367647058823529,36.863727512352014,29.539217511042946
302,669724,"Hanifee, Brenan",302,100,0.273,0.195,0.262,0.468,0.349,0.367,0.299,21,77,88.4,2.6,2087,93.1,92.8,17,134,168,-0.29999999999999716,6.13,112,151,119,148,301,329,296,"0.034","-0.034","70.7","7.0","1.405823388",85,70,14,3,0,4,8,9.4,6,7.1,2.31238,0.32937,0.96914,0.50788,"92.6",129,43.47826086956522,7.246376811594203,5.88235294117647,5.46,-2.78,0.15,2.26,0.333,5,"-0.011258278",0.358,0.489,"0.011258278",-0.026,-0.024999999999999967,-0.021,-0.018,12.7,"30.9",7.023757842188097,4.568165495357931,31.377328433259315,0.5075757575757576,35.957248828385765,26.430679941942504
299,669920,"Alexander, Jason",300,99.7,0.28,0.28,0.298,0.56,0.391,0.333,0.258,21,75,87.1,12.9,2097,85.8,85.99,27,133,166,0.20000000000000284,6.5,116,149,118,151,297,327,293,"-2.996","2.996","70.2","7.3","2.771335154",84,61,11,3,3,4,14,16.7,8,9.5,2.7305,0.4154,1.0299,-0.41786,"91.8",148,38.333333333333336,10,7.142857142857142,5.56,-1.65,-0.11,2.16,0.357,6,"1.002006689",0.338,0.416,"-1.002006689",0.022,0.01899999999999996,0.144,0.058,20.3,"23.5",10.527964757859454,-4.159742635471989,32.72340195198481,0.42748091603053434,36.44976045046144,31.811444290029932
299,806960,"Morales, Luis",299,100,0.344,0.328,0.356,0.672,0.475,0.419,0.304,21,61,88.6,18.8,2525,91.9,91.52,26,126,173,-0.4000000000000057,6.09,111,147,117,147,302,324,298,"-11.428","11.428","69.5","7.3","6.143525097",76,50,11,5,0,5,12,15.8,13,17.1,1.91174,0.83114,0.23632,0.00408,"92.2",170,42,12,7.894736842105263,5.63,-1.85,-0.05,2.2,0.461,6,"3.822073579",0.429,0.541,"-3.822073579",0.04,0.03200000000000003,0.131,0.056,20.6,"41.5",10.228506961986119,-5.74549997018669,31.918097714809818,0.4959349593495935,35.9387512185579,31.927334824149316
296,689520,"Laweryson, Cody",296,100,0.227,0.182,0.255,0.409,0.32,0.33,0.245,15,66,92.4,14.2,2236,89.8,90,28,138,158,0.20000000000000284,6.46,111,146,119,146,296,323,292,"-3.016","3.016","69.8","6.8","1.958346606",78,50,9,3,0,3,18,23.1,8,10.3,2.01855,0.84082,0.95037,-0.1251,"91.7",170,51.02040816326531,8.16326530612245,5.128205128205128,5.2,-1.82,0.02,2.37,0.321,4,"1.018918919",0.346,0.389,"-1.018918919",-0.018,-0.024999999999999967,0.02,-0.01,20.3,"25.0",5.03446076725773,7.591238924987735,31.42572790013969,0.4552238805970149,36.93418443313048,25.785522915455235
295,689441,"Crow, Coleman",299,98.7,0.276,0.197,0.288,0.474,0.339,0.34,0.269,21,76,89.2,17.3,2781,85.4,85.43,25,153,142,0,6.37,115,149,119,149,301,324,295,"-2.517","2.517","69.6","7.1","2.12528595",85,68,11,7,1,2,10,11.8,6,7.1,2.89047,0.31397,-0.20488,0.11675,"91.7",165,36.76470588235294,7.352941176470589,5.88235294117647,5.19,-1.48,0.25,2.45,0.329,5,"0.853220339",0.334,0.448,"-0.853220339",0.007,-0.0050000000000000044,0.026,-0.001,16.3,"29.3",8.295837604910966,-4.572688325647374,29.923583175184973,0.4714285714285714,38.19232454770798,31.30499157489826
293,669060,"Wilson, Bryse",293,100,0.303,0.145,0.351,0.447,0.343,0.33,0.285,23,76,90.6,15.7,1994,89.7,90.04,28,165,128,0.29999999999999716,6.41,111,150,122,150,299,325,298,"-0.378","0.378","70.3","6.9","2.239937126",80,60,19,0,1,3,16,20,2,2.5,2.16427,0.67498,0.44394,-0.11408,"91.7",166,50,3.3333333333333335,2.5,5.84,-2.93,0,2.57,0.338,2,"0.129010239",0.321,0.441,"-0.129010239",0.018,0.017000000000000015,0.006,0.013,17,"42.5",5.669294354024235,5.972439861956266,31.595712207500487,0.4233128834355828,36.63747829262046,26.457722685683105
292,592155,"Booser, Cam",292,100,0.143,0.186,0.146,0.329,0.222,0.236,0.159,10,70,89,28.2,2006,90.4,90.74,46,167,125,0.29999999999999716,6.56,110,150,114,150,300,331,301,"5.243","-5.243","68.9","7.3","2.6754109",75,45,5,1,0,4,26,34.7,4,5.3,2.17616,0.64634,0.06151,-0.11815,"91.1",157,40,8.88888888888889,5.333333333333334,5.52,2.63,-0.07,2.31,0.187,4,"-1.795547945",0.204,0.34,"1.795547945",-0.016,-0.016999999999999987,-0.011,-0.014,27.5,"33.2",10.093550811197916,-4.259591581665086,31.47530856089856,0.49390243902439024,36.553716905191735,32.14173380194386
291,608650,"Enns, Dietrich",291,100,0.236,0.091,0.289,0.327,0.306,0.301,0.212,13,55,88.7,19.9,1942,89,88.84,31,134,157,-0.20000000000000284,6.27,108,148,118,146,296,319,294,"1.138","-1.138","69.1","6.9","1.627649233",70,46,8,5,0,0,13,18.6,11,15.7,2.14275,0.78175,0.35976,-0.24783,"91.0",171,39.130434782608695,6.521739130434782,4.285714285714286,6.2,1.81,-0.23,2.4,0.348,3,"-0.391065292",0.331,0.336,"0.391065292",0.024,0.01699999999999996,-0.009,0.005,23.1,"49.1",5.947281827530499,2.8850293068489234,30.370903708211227,0.48031496062992124,37.21411608158748,24.94092815684957
289,694037,"Palencia, Daniel",293,98.6,0.266,0.125,0.341,0.391,0.309,0.3,0.244,17,64,88.9,15.5,2265,96.6,97.75,45,152,137,1.2000000000000028,6.91,110,149,116,152,300,326,302,"0.52","-0.52","68.4","6.9","2.804653527",71,46,13,2,0,2,19,26.8,6,8.5,1.44824,1.00792,0.53837,-0.10073,"91.2",199,30.434782608695656,6.521739130434782,4.225352112676056,5.52,-0.95,-0.06,2.67,0.324,3,"-0.179930796",0.307,0.386,"0.179930796",0.022,0.017000000000000015,0.005,0.009,29.6,"36.9",4.988464301940291,4.875802517051325,31.599411859369155,0.40939597315436244,36.64293414367947,25.798831887690948
288,683352,"Bratt, Mitch",288,100,0.308,0.277,0.314,0.585,0.428,0.345,0.246,20,65,87.6,21,2297,86.7,86.72,23,145,143,0,6.17,110,148,120,148,301,323,289,"-6.301","6.301","71.6","7.2","1.991764179",77,55,11,4,1,4,10,13,11,14.3,2.41097,0.64456,-0.01417,-0.00868,"91.6",174,38.18181818181819,9.090909090909092,6.493506493506493,5.53,2.32,-0.05,2.62,0.416,5,"2.187847222",0.363,0.412,"-2.187847222",0.062,0.05299999999999999,0.173,0.083,15.9,"35.1",9.08636243175549,-0.7532647673285573,31.244780416503854,0.5034965034965035,35.79078486605427,30.656386787166063
287,702021,"Dion, Will",287,100,0.311,0.162,0.426,0.473,0.357,0.294,0.264,23,74,87.6,10.6,2259,86.8,86.59,42,153,134,-0.20000000000000284,6.11,110,149,118,145,295,323,295,"-2.492","2.492","70.0","7.1","2.151476875",78,50,17,3,0,3,24,30.8,3,3.8,2.15756,0.89909,0.19428,-0.0911,"91.3",174,32,2,1.282051282051282,5.94,1.37,-0.1,2.59,0.346,1,"0.868292683",0.302,0.364,"-0.868292683",0.047,0.043999999999999984,0.109,0.063,27.5,"65.4",8.494681850927543,1.6652072095693347,29.358008156958707,0.44966442953020136,36.888563859343584,28.571675621822447
287,572143,"Smith, Burch",287,100,0.277,0.185,0.372,0.462,0.353,0.287,0.217,18,65,88.9,5.3,2321,88.7,89.3,30,132,155,0.5999999999999943,6.7,114,149,114,150,296,329,299,"-1.13","1.13","70.0","7.1","2.92882309",73,46,10,6,0,2,20,27.4,7,9.6,2.47526,0.45568,-0.0162,-0.12777,"92.4",145,48.888888888888886,4.444444444444445,2.73972602739726,5.57,-2.48,-0.19,2.39,0.347,2,"0.393728223",0.294,0.347,"-0.393728223",0.06,0.05299999999999999,0.115,0.066,22.7,"36.2",6.7958610893271025,0.18141124769974049,31.585800853294494,0.48484848484848486,36.68091761152775,29.49399879484892
284,681916,"Smith, Dylan",289,98.3,0.18,0.131,0.225,0.311,0.27,0.292,0.193,11,61,87.7,25.5,2345,91,91.85,40,141,143,0.7999999999999972,6.59,109,146,115,144,296,322,297,"1.598","-1.598","69.9","7.1","2.624974491",73,43,7,2,0,2,20,27.4,8,11,1.85437,0.90803,-0.03664,-0.06392,"91.0",156,39.53488372093023,6.976744186046512,4.10958904109589,6.11,-1.5,0.23,2.27,0.292,3,"-0.562676056",0.307,0.346,"0.562676056",-0.013,-0.015000000000000013,-0.035,-0.022,28.4,"51.5",9.043885386093809,-0.6709844926755621,30.872594834044374,0.44525547445255476,36.52508096540733,29.613950029567054
284,641312,"Anderson, Shaun",284,100,0.27,0.159,0.292,0.429,0.351,0.369,0.287,17,63,85.9,12.1,2330,89,89.55,31,125,159,0.5,6.68,112,146,114,147,307,331,302,"-1.371","1.371","71.1","7.5","2.228984113",73,52,13,1,0,3,12,16.4,8,11,2.30482,0.60306,0.1447,-0.2459,"91.3",144,36.53846153846153,7.6923076923076925,5.47945205479452,6.02,-2.12,0.08,2.31,0.361,4,"0.482746479",0.376,0.463,"-0.482746479",-0.017,-0.015000000000000013,-0.034,-0.018,24.8,"44.1",11.24056577503715,-3.4743937382846743,32.78208900214818,0.5206611570247934,37.580169994671365,31.792657144042323
283,677161,"Kelly, Zack",283,100,0.233,0.067,0.277,0.3,0.28,0.368,0.29,14,60,87.2,6.3,2403,90.1,91.27,26,123,160,1.2000000000000028,7.14,112,150,121,146,289,317,288,"1.255","-1.255","68.1","7.1","2.681627733",71,49,12,1,0,1,14,19.7,7,9.9,2.20417,0.65262,-0.1155,-0.15663,"91.8",153,38.775510204081634,8.16326530612245,5.633802816901409,5.39,-3.24,0.04,2.26,0.314,4,"-0.443462898",0.376,0.432,"0.443462898",-0.057,-0.062,-0.132,-0.088,21.1,"35.5",7.146787844904893,0.7129279984346915,31.461036811022538,0.4666666666666667,38.16019339719952,28.251565275460322
283,607481,"Bummer, Aaron",284,99.6,0.281,0.328,0.261,0.609,0.417,0.386,0.264,18,64,92.6,13.7,2156,85.8,86.29,30,130,153,0.5,6.5,113,146,120,147,304,323,300,"-6.123","6.123","70.1","7.3","4.227424841",77,53,9,3,0,6,13,16.9,10,13,3.09399,0.02197,0.09018,0.07331,"93.9",156,54.71698113207547,15.09433962264151,10.38961038961039,5.01,2.19,-0.33,2.11,0.382,8,"2.16360424",0.367,0.537,"-2.16360424",0.017,0.015000000000000013,0.072,0.031,23.1,"9.3",10.151785362162416,-3.3763431965390573,34.24997782384267,0.48412698412698413,36.0936186696728,31.619346240108396
283,601713,"Pivetta, Nick",283,100,0.2,0.067,0.333,0.267,0.247,0.212,0.154,12,60,86.2,24,2439,89.6,90.06,36,138,145,0.5,6.84,118,150,124,150,302,328,299,"4.564","-4.564","69.2","7.1","2.763398751",66,36,8,4,0,0,24,36.4,6,9.1,2.0012,0.91691,-0.16324,-0.07769,"89.9",164,30.555555555555557,2.7777777777777777,1.5151515151515151,6.61,-0.8,0.13,2.75,0.273,1,"-1.612720848",0.231,0.228,"1.612720848",0.046,0.04200000000000001,0.039,0.035,26.1,"57.7",10.09814895057984,0.627509554074605,30.17294857467756,0.5147058823529411,36.87801396494561,29.019399745049824
282,669371,"Henry, Cole",282,100,0.288,0.254,0.325,0.542,0.409,0.374,0.256,17,59,88.9,27,2543,89.6,89.95,31,133,149,0.30000000000001137,6.52,111,148,123,149,303,325,298,"-5.523","5.523","70.2","7.3","1.704561352",71,44,10,3,0,4,15,21.1,8,11.3,2.22287,0.66421,0.23993,0.05638,"91.6",171,40,13.333333333333334,8.450704225352112,5.33,-2.36,0.23,2.33,0.4,6,"1.958510638",0.373,0.478,"-1.958510638",0.032,0.027000000000000024,0.064,0.035,23.3,"21.6",11.591316788234163,-3.3521130331338327,31.93373569711706,0.5114503816793893,36.104012518126,31.148961087360505
279,703615,"Cabrera, Jose",280,99.6,0.278,0.167,0.298,0.444,0.354,0.353,0.268,20,72,82.7,9.6,2314,89.1,89.46,25,124,155,0.4000000000000057,6.59,113,149,110,149,296,331,295,"-3.164","3.164","70.7","7.4","4.60848356",81,60,14,3,0,3,12,14.8,7,8.6,2.34867,0.54899,0.34054,-0.2144,"92.6",156,35,6.666666666666667,4.938271604938271,5.71,-2.01,-0.06,2.27,0.358,4,"1.134050179",0.349,0.455,"-1.134050179",0.01,0.009000000000000008,-0.011,0.001,20.2,"30.7",11.658110619142416,-8.368778032491285,32.782938765594494,0.6068376068376068,36.87345660701268,33.49223195124385
277,676604,"Zuber, Tyler",277,100,0.294,0.221,0.348,0.515,0.37,0.298,0.244,20,68,91.5,13,2524,90.3,89.91,26,135,142,-0.3999999999999915,6.04,111,149,112,148,304,326,295,"-3.731","3.731","70.0","7.1","2.347105142",73,50,13,3,0,4,18,24.7,3,4.1,1.97336,0.85004,-0.08574,-0.1552,"91.5",165,48,4,2.73972602739726,4.95,-2.49,-0.01,2.24,0.342,2,"1.346931408",0.296,0.38,"-1.346931408",0.05,0.04600000000000004,0.135,0.072,19.3,"29.6",5.7802762571319475,3.7582376019497343,32.27713874087749,0.4318181818181818,36.376052530226595,27.0341465350564
273,664854,"Helsley, Ryan",277,98.6,0.22,0.186,0.286,0.407,0.318,0.265,0.185,13,59,88.3,4.2,2380,92.8,93.23,47,124,149,0.4000000000000057,6.63,110,148,118,148,293,319,296,"-1.17","1.17","68.5","7.5","4.890581364",68,38,8,2,0,3,21,30.9,9,13.2,1.87322,0.81572,0.07208,-0.19424,"91.4",114,47.368421052631575,5.263157894736842,2.941176470588235,6.11,-0.24,-0.04,2.04,0.324,2,"0.428571429",0.293,0.296,"-0.428571429",0.035,0.031000000000000028,0.111,0.053,37.9,"60.9",11.291303727675288,-6.690624617433966,31.103232339586324,0.5333333333333333,37.98938959989216,33.67248244449941
267,621097,"Waguespack, Jacob",267,100,0.141,0.141,0.125,0.281,0.231,0.251,0.193,9,64,84.7,10.7,1968,89,90.54,38,132,135,1.5,7.07,112,151,119,150,297,328,294,"2.217","-2.217","70.7","7.3","2.413489807",72,52,6,0,0,3,13,18.1,6,8.3,1.86262,1.01783,0.17075,-0.03277,"91.7",140,32.69230769230769,3.8461538461538463,2.7777777777777777,6.3,-0.25,0.01,2.18,0.225,2,"-0.830337079",0.272,0.275,"0.830337079",-0.052,-0.047000000000000014,0.006,-0.02,28.8,"68.6",11.477598679411905,-2.2832152409122486,31.894568635480937,0.453125,35.13333246818291,30.51767341994777
267,641401,"Brogdon, Connor",268,99.6,0.23,0.295,0.214,0.525,0.334,0.345,0.259,14,61,88.4,14,2204,89.2,89.63,35,131,136,0.3999999999999915,6.8,113,149,120,148,301,328,303,"-1.835","1.835","69.2","7.2","2.514307889",67,50,6,3,0,5,14,20.9,3,4.5,1.90596,1.01648,0.82288,-0.0094,"92.5",177,44,14.000000000000002,10.44776119402985,5.82,-2.72,0.02,2.32,0.266,7,"0.687265918",0.293,0.515,"-0.687265918",-0.029,-0.02699999999999997,0.01,-0.011,26.7,"32.8",8.755144462731373,1.2699899047453984,31.137338729585064,0.4634146341463415,37.894007207594164,29.886443849841744
267,687223,"Palmquist, Carson",267,100,0.327,0.127,0.425,0.455,0.385,0.325,0.253,18,55,84.8,14.3,2067,82.9,84.75,31,129,138,1.7999999999999972,7.35,106,148,115,149,304,329,305,"-3.479","3.479","69.5","7.4","5.367026374",66,42,13,4,0,1,15,22.7,6,9.1,3.05228,0.34774,0.14549,0.11105,"90.2",154,26.190476190476193,4.761904761904762,3.0303030303030303,4.88,3.07,-0.03,2.07,0.415,2,"1.302996255",0.354,0.367,"-1.302996255",0.074,0.061,0.088,0.06,24,"16.0",9.611859774503413,-5.514393661085772,32.36058244497932,0.432,37.86324467029696,33.3245109581916
266,686753,"Jameson, Drey",266,100,0.242,0.121,0.288,0.364,0.318,0.322,0.25,16,66,86.4,13.3,2346,90.6,89.64,36,123,143,-1,5.71,114,148,119,151,295,321,292,"0.829","-0.829","70.9","7.5","4.156060481",76,53,11,3,1,1,13,17.1,9,11.8,2.19105,0.61352,0.52147,-0.27229,"91.6",172,28.30188679245283,5.660377358490567,3.9473684210526314,5.57,-2.15,0.04,2.16,0.342,3,"-0.311654135",0.349,0.369,"0.311654135",-0.008,-0.006999999999999951,-0.005,-0.004,29.3,"39.2",12.225292260516438,-5.903771650253071,31.742309604903042,0.5041322314049587,37.26203779264192,32.719295494321976
265,472610,"García, Luis",265,100,0.348,0.197,0.362,0.545,0.414,0.397,0.329,23,66,87.3,17.4,1995,90,90.27,29,139,126,0.29999999999999716,6.56,113,146,114,147,290,317,290,"-5.979","5.979","69.8","7.4","5.693834187",74,61,14,7,0,2,6,8.1,6,8.1,2.24694,0.61411,0.70528,-0.43494,"91.9",160,46.55172413793103,5.172413793103448,4.054054054054054,6.28,-1.83,0.05,1.98,0.411,3,"2.256226415",0.396,0.522,"-2.256226415",0.019,0.014999999999999958,0.023,0.017,20.9,"43.5",8.773509699691543,-3.608489899093999,32.56731991312129,0.45652173913043476,37.39894581375697,31.043591256579866
264,573009,"Mantiply, Joe",264,100,0.254,0.095,0.319,0.349,0.29,0.332,0.266,16,63,86.7,0.2,2077,84.4,83.97,22,131,133,-0.4000000000000057,6.2,105,147,117,149,290,322,288,"3.433","-3.433","68.9","7.2","4.132473217",71,50,12,3,0,1,16,22.5,4,5.6,3.32652,-0.08195,0.87602,-0.28837,"93.0",123,44,10,7.042253521126761,5.17,3.39,0.17,1.93,0.304,5,"-1.300378788",0.317,0.446,"1.300378788",-0.012,-0.013000000000000012,-0.097,-0.042,16.8,"14.8",8.331621849731548,-5.9242615377706,36.48787447068512,0.512396694214876,37.83072226011376,32.29389625814479
263,670062,"Garcia, Julian",264,99.6,0.145,0.182,0.135,0.327,0.265,0.266,0.175,8,55,86,18.8,2858,85.4,85.99,33,120,143,0.5999999999999943,6.59,112,148,114,147,298,325,292,"2.111","-2.111","68.4","7.5","4.915917941",65,40,4,1,0,3,16,24.6,8,12.3,2.92095,0.2187,-0.68004,-0.05302,"91.2",164,23.076923076923077,5.128205128205128,3.076923076923077,5.87,-1.62,0.25,2.04,0.262,2,"-0.802661597",0.289,0.288,"0.802661597",-0.03,-0.02699999999999997,0.039,-0.001,27.5,"52.1",11.761700597015022,-5.440388062035656,33.55178255657101,0.5546218487394958,34.66443952377683,34.15855777916483
263,671212,"Boyle, Joe",263,100,0.19,0.138,0.233,0.328,0.257,0.328,0.261,11,58,87.3,19.4,2512,92.4,92.69,32,121,142,0.29999999999999716,6.66,107,147,116,148,301,332,296,"1.102","-1.102","67.8","7.2","2.610463284",66,44,5,5,0,1,16,24.2,6,9.1,2.30593,0.40454,0.35407,-0.02692,"91.5",141,44.18604651162791,4.651162790697675,3.0303030303030303,5.54,-1.51,-0.22,2.44,0.262,2,"-0.419011407",0.33,0.412,"0.419011407",-0.071,-0.068,-0.084,-0.071,26.4,"26.7",9.50443962380981,0.6387226274351296,31.00814007082136,0.5210084033613446,36.72430203260489,29.312545690438355
262,805427,"Sommers, Drew",267,98.1,0.283,0.132,0.406,0.415,0.354,0.268,0.193,15,53,81.6,4.9,2202,91.6,93.39,40,135,127,1.8000000000000114,7.36,113,149,117,150,294,328,299,"-2.246","2.246","66.6","6.7","2.102646202",63,35,12,1,0,2,19,30.2,8,12.7,2.38,0.36644,0.74263,0.14546,"90.1",152,14.285714285714285,2.857142857142857,1.5873015873015872,4.68,2.91,0.19,2.43,0.387,1,"0.857251908",0.31,0.271,"-0.857251908",0.09,0.07700000000000001,0.144,0.086,29.6,"12.0",2.516816769636554,9.579591388993032,31.34282248002201,0.3880597014925373,35.50747038343598,24.268975780408823
262,666374,"Brash, Matt",263,99.6,0.151,0.038,0.205,0.189,0.218,0.316,0.234,8,53,87.5,7.1,2591,90.2,90.38,34,106,156,0.20000000000000284,6.54,110,146,113,146,295,319,298,"6.154","-6.154","67.7","7.2","3.158272054",64,40,6,2,0,0,15,23.4,6,9.4,2.68721,0.15165,-0.26748,0.0471,"92.1",154,40,5,3.125,5.22,-2.63,0,2.17,0.27,2,"-2.348854962",0.35,0.347,"2.348854962",-0.083,-0.07999999999999996,-0.158,-0.098,32.1,"30.6",7.832012744367929,1.960773639110777,32.920131949002865,0.5,37.98844181121167,28.998880705384117
260,687849,"Kent, Zak",260,100,0.295,0.295,0.313,0.59,0.4,0.351,0.26,18,61,89.9,13.7,2736,88.7,88.67,27,129,131,0,6.19,112,148,119,150,299,323,297,"-6.707","6.707","69.6","7.3","5.547221825",69,51,7,7,1,3,11,15.9,7,10.1,2.71388,0.20086,-0.31233,0.04922,"92.3",167,45.09803921568628,11.76470588235294,8.695652173913043,6.27,-1.1,0.13,2.09,0.362,6,"2.579615385",0.339,0.45,"-2.579615385",0.035,0.022999999999999965,0.14,0.049,20.9,"52.4",9.317209872882897,-3.628533730699429,32.40719887555578,0.59375,35.73471848204491,32.13722397831684
250,687209,"Maxwell, Zach",250,100,0.318,0.227,0.344,0.545,0.431,0.401,0.293,14,44,92.3,22.3,2451,94.5,94.25,16,104,146,-0.29999999999999716,6.22,110,149,119,149,297,323,294,"-4.021","4.021","69.0","7.1","4.694237226",54,35,10,1,0,3,9,16.7,10,18.5,1.69887,0.88452,0.22466,-0.10296,"91.9",184,38.23529411764706,11.76470588235294,7.4074074074074066,6.15,-2.42,0.19,2.17,0.444,4,"1.6084",0.427,0.485,"-1.6084",0.025,0.017000000000000015,0.06,0.03,15.4,"36.9",6.701397989805461,1.967166710734245,30.535846618014645,0.5145631067961165,37.42324255002958,27.138660208927313
250,687931,"Whisenhunt, Carson",250,100,0.237,0.186,0.256,0.424,0.332,0.365,0.263,14,59,87.1,15.4,2186,87.3,88.04,40,126,124,0.7000000000000028,6.61,106,151,120,147,301,317,293,"0.501","-0.501","69.7","7.6","4.655816057",67,46,9,2,0,3,13,19.4,8,11.9,2.2156,0.78956,0.82911,-0.60073,"92.3",167,41.30434782608695,8.695652173913043,5.970149253731343,6.16,1.92,0.07,2.07,0.328,4,"-0.2004",0.351,0.493,"0.2004",-0.026,-0.022999999999999965,-0.069,-0.033,31.7,"50.6",13.769901975220971,-12.461708221908147,34.790676477962656,0.47540983606557374,36.53115499380487,37.02259276972103
248,455119,"Martin, Chris",248,100,0.403,0.306,0.42,0.71,0.478,0.408,0.344,25,62,91.3,18.8,2176,91.4,91.78,21,132,116,0.3999999999999915,6.49,111,150,113,149,303,328,302,"-8.677","8.677","70.0","6.8","1.328888281",66,54,14,7,0,4,9,13.6,2,3,2.01258,0.72504,0.29393,0.14405,"91.9",184,44.44444444444444,11.11111111111111,9.090909090909092,6.23,-2.74,-0.13,2.49,0.424,6,"3.498790323",0.374,0.568,"-3.498790323",0.059,0.04999999999999999,0.142,0.07,15.9,"42.4",4.940149888448155,8.556496108380793,32.548261925952765,0.45038167938931295,36.12472454722129,24.689519128472256
246,471911,"Carrasco, Carlos",246,100,0.318,0.167,0.321,0.485,0.372,0.431,0.371,21,66,86.7,9.7,1994,88.5,89.66,26,137,109,1.2000000000000028,6.8,110,147,120,149,299,321,304,"-1.986","1.986","69.6","7.3","3.24424214",73,61,16,2,0,3,7,9.6,3,4.1,2.37472,0.52269,0.51313,-0.03535,"92.5",135,40.98360655737705,9.836065573770492,8.21917808219178,5.74,-2.27,-0.12,2.2,0.366,6,"0.807317073",0.416,0.586,"-0.807317073",-0.053,-0.04999999999999999,-0.101,-0.059,19,"33.6",10.50022359940807,-4.66317569549798,33.883394636295186,0.6060606060606061,35.67226005199709,33.17556919984302
240,668970,"Hollowell, Gavin",240,100,0.204,0.184,0.235,0.388,0.321,0.36,0.242,10,49,86.1,21.9,2567,90.3,90.66,30,104,136,0.4000000000000057,6.6,110,151,119,151,303,326,298,"-0.332","0.332","69.9","7.2","2.516339557",58,36,5,3,0,2,13,22.4,8,13.8,2.32708,0.50579,0.33654,-0.02721,"91.3",193,36.11111111111111,16.666666666666664,10.344827586206897,5.24,-3.33,0,2.44,0.328,6,"0.138333333",0.36,0.462,"-0.138333333",-0.038,-0.03199999999999997,-0.074,-0.039,28.8,"9.8",8.701533813653631,1.7712045198120596,31.404935609207925,0.46464646464646464,36.77509571447614,28.32615628639926
240,676742,"Sanders, Cam",240,100,0.22,0.122,0.32,0.341,0.338,0.321,0.201,9,41,84.6,12,2508,91.5,91.37,45,115,125,-0.09999999999999432,6.11,112,148,118,148,297,321,299,"-1.294","1.294","69.4","7.4","3.519272753",53,27,6,2,0,1,15,28.3,10,18.9,2.12933,0.60292,0.287,-0.07,"90.8",170,25.925925925925924,7.4074074074074066,3.7735849056603774,6.03,-3.09,-0.11,2.37,0.385,2,"0.539166667",0.37,0.306,"-0.539166667",0.019,0.015000000000000013,0.035,0.017,39.1,"34.0",10.149009925248354,-3.6905095770910923,31.571329355871267,0.4247787610619469,35.21014926350907,31.20864236427772
238,695001,"Santa, Alimber",239,99.6,0.16,0.08,0.163,0.24,0.217,0.267,0.207,8,50,83.9,10,2393,87.8,87.62,20,108,130,-0.20000000000000284,6.16,113,146,113,148,293,323,293,"3.061","-3.061","71.3","7.3","3.77181537",59,44,6,1,0,1,9,15.3,6,10.2,2.69924,0.2883,-0.3321,0.14143,"91.2",131,34.090909090909086,2.272727272727273,1.694915254237288,5.58,-0.93,0.08,2.37,0.237,1,"-1.286134454",0.29,0.273,"1.286134454",-0.047,-0.05299999999999999,-0.033,-0.05,18.5,"30.5",9.238920715615109,-2.5769224833952693,32.47227594114382,0.46296296296296297,36.020825704177454,31.855126115139917
236,681676,"Fernandez, Ryan",236,100,0.212,0.115,0.323,0.327,0.287,0.292,0.213,11,52,83.9,6.6,2253,90.3,90.54,40,111,125,0.20000000000000284,6.47,111,146,114,148,298,316,293,"0.456","-0.456","68.7","7.5","4.301476556",59,32,7,3,0,1,20,33.9,7,11.9,2.07631,0.74278,0.20975,-0.15602,"91.2",156,34.375,6.25,3.389830508474576,5.87,-1.87,0.06,1.96,0.305,2,"-0.193220339",0.306,0.339,"0.193220339",-0.001,-0.0010000000000000009,-0.012,-0.005,36,"59.8",12.63383937696293,-6.610942772044822,32.394795661760384,0.45454545454545453,36.421656641140046,34.138685503085675
232,682995,"Barco, Hunter",232,100,0.292,0.25,0.289,0.542,0.412,0.389,0.289,14,48,89.4,12.6,2142,90,89.67,14,92,140,-0.29999999999999716,6.24,109,147,113,145,297,320,288,"-3.566","3.566","70.1","6.9","2.015278105",60,41,8,3,0,3,8,13.3,9,15,2.37534,0.48522,0.77681,-0.42879,"92.2",165,45,7.5,5,5.19,3.31,0.02,2.43,0.417,3,"1.537068966",0.417,0.471,"-1.537068966",0.003,0,0.071,0.023,15.2,"22.8",6.395835825347099,6.723573056249376,31.95180295996033,0.4444444444444444,36.38366028427389,26.443614570771217
230,694851,"Hoffmann, Andrew",230,100,0.333,0.25,0.382,0.583,0.433,0.336,0.243,16,48,87.2,13.2,1894,90.8,91.24,17,89,141,0.4000000000000057,6.58,111,146,119,149,296,317,293,"-4.903","4.903","70.6","7.3","3.310692304",59,37,10,3,0,3,12,20.3,8,13.6,2.05378,0.72852,0.35296,-0.20487,"92.1",147,42.10526315789473,7.894736842105263,5.084745762711865,5.99,-0.59,-0.01,2.14,0.431,3,"2.13173913",0.356,0.399,"-2.13173913",0.09,0.07500000000000001,0.184,0.097,19.1,"51.1",8.912226603512035,-0.8785993803122978,33.24194998618816,0.4868421052631579,37.25586786627067,30.270331215388836
225,681343,"Smith, Shane",225,100,0.316,0.184,0.423,0.5,0.423,0.333,0.246,12,38,82.2,14.1,2064,91,91.5,25,96,129,0.5,6.79,106,147,114,146,300,325,300,"-6.119","6.119","66.4","7.0","3.377892403",49,27,7,4,0,1,11,22.4,9,18.4,2.4388,0.36688,0.53604,-0.22902,"90.7",148,32.142857142857146,0,0,5.81,-1.94,0.1,2.15,0.458,0,"2.719555556",0.403,0.293,"-2.719555556",0.07,0.05499999999999999,0.207,0.09,26,"37.5",7.7008589807829,3.2228196885937392,31.58579149685255,0.4631578947368421,36.11295722953041,28.95109051458986
225,663776,"Sandoval, Patrick",225,100,0.317,0.133,0.391,0.45,0.354,0.297,0.263,19,60,84.9,17.8,2203,88.9,89.14,22,110,115,0.19999999999998863,6.22,101,150,115,146,287,313,292,"-2.237","2.237","70.0","7.4","2.795233684",64,47,13,5,0,1,13,20.3,4,6.3,2.13524,0.75578,0.39884,-0.27111,"91.1",153,31.914893617021278,2.127659574468085,1.5625,5.95,1.39,0.01,2.2,0.359,1,"0.994222222",0.309,0.363,"-0.994222222",0.054,0.04999999999999999,0.087,0.057,20,"50.8",7.326831715750666,-2.5933375129173815,30.066419317733686,0.5181818181818182,35.724165422005875,30.672102569528043
217,664129,"Hartlieb, Geoff",217,100,0.327,0.192,0.333,0.519,0.392,0.327,0.254,17,52,90,18,2373,91,91.01,25,102,115,0,6.21,110,146,115,146,299,324,297,"-4.273","4.273","69.3","7.2","3.60728271",64,49,11,3,2,1,6,9.4,9,14.1,2.08295,0.69186,0.26267,0.09484,"92.1",178,40.816326530612244,8.16326530612245,6.25,6.21,-2.27,0.19,1.97,0.406,4,"1.969124424",0.351,0.389,"-1.969124424",0.073,0.05500000000000005,0.13,0.065,24.5,"42.5",9.598496537221662,-2.5895051689181248,35.273547705238514,0.46464646464646464,35.545743206629574,30.479455722171732
216,672582,"Zerpa, Angel",216,100,0.333,0.188,0.368,0.521,0.404,0.405,0.327,16,48,90.8,-1.8,2114,93.5,92.18,16,90,126,-1.2999999999999972,5.62,111,151,118,149,297,322,296,"-4.921","4.921","68.9","6.9","2.260393026",55,41,11,3,0,2,8,14.5,6,10.9,2.40843,0.22383,1.04718,-0.43588,"93.7",123,51.21951219512195,7.317073170731707,5.454545454545454,5.11,2.82,-0.11,2.32,0.407,3,"2.278240741",0.402,0.53,"-2.278240741",0.006,0.004999999999999949,-0.009,-0.001,17.8,"25.2",4.1232419295405105,6.87200806277321,32.44988101209322,0.3563218390804598,36.715515356491196,25.01541869645323
215,680916,"Aleman, Franco",215,100,0.17,0.085,0.233,0.255,0.233,0.205,0.14,8,47,88.8,32.9,2488,93.3,93.83,27,103,112,0.5,6.8,114,151,120,150,295,323,292,"4.109","-4.109","69.8","7.1","1.947336853",52,31,6,1,0,1,16,30.8,5,9.6,1.88284,0.77744,0.90898,-0.06842,"91.0",169,35.483870967741936,3.225806451612903,1.9230769230769231,5.61,-2.08,0.14,2.4,0.25,1,"-1.911162791",0.223,0.218,"1.911162791",0.03,0.026999999999999996,0.037,0.028,26.2,"20.0",8.978377792039424,1.0160741992156885,31.589652114780783,0.5588235294117647,35.80078086518986,27.840067114270077
215,694462,"Waldrep, Hurston",215,100,0.295,0.205,0.313,0.5,0.419,0.359,0.231,13,44,89.2,-3.4,1918,88.9,89.36,20,86,129,0.5,6.36,112,148,118,151,305,321,301,"-3.332","3.332","72.1","7.6","2.94297941",56,35,10,0,0,3,9,16.1,10,17.9,2.5533,0.34415,0.36804,0.11093,"92.3",93,34.285714285714285,8.571428571428571,5.357142857142857,6.11,-0.84,0.05,1.93,0.446,3,"1.549767442",0.396,0.388,"-1.549767442",0.064,0.04999999999999999,0.112,0.06,23.3,"52.9",13.073543556570161,-8.511887862217634,35.476459053101195,0.5357142857142857,35.178260617775706,34.128518889139954
215,608723,"Voth, Austin",215,100,0.396,0.25,0.364,0.646,0.458,0.402,0.338,19,48,90.8,22.3,2475,85.6,85.64,15,96,119,0,6.33,109,148,115,148,293,320,294,"-11.001","11.001","71.1","7.1","3.639318707",56,47,13,3,0,3,3,5.4,6,10.7,2.70744,0.46986,-0.25447,0.06367,"92.7",192,40.42553191489361,8.51063829787234,7.142857142857142,5.77,-2.52,0.14,2.25,0.446,4,"5.116744186",0.397,0.557,"-5.116744186",0.058,0.04899999999999999,0.089,0.056,15.6,"37.9",9.789267806668306,-0.05478259560366028,34.22850812597413,0.5425531914893617,38.038631138557555,30.750940689862148
213,592779,"Stewart, Brock",213,100,0.12,0.14,0.118,0.26,0.209,0.225,0.165,6,50,81.9,15.1,2335,91.2,91.52,30,102,111,0.29999999999999716,6.4,112,151,117,150,297,319,292,"3.874","-3.874","70.9","7.2","1.919979578",55,36,3,1,0,2,14,25.5,5,9.1,2.21737,0.54278,0.32554,-0.25183,"90.9",137,22.22222222222222,2.7777777777777777,1.8181818181818181,5.21,-1.8,0.25,2.35,0.2,1,"-1.818779343",0.241,0.249,"1.818779343",-0.045,-0.04099999999999998,0.011,-0.016,29.4,"20.9",8.400612964315092,-0.923485419502374,30.909388405848023,0.5445544554455446,35.51959724446414,29.00185103208748
213,690978,"Fulton, Dax",213,100,0.214,0.119,0.29,0.333,0.307,0.297,0.213,9,42,86.9,4.8,2410,89,89.81,25,92,121,0.7999999999999972,6.82,113,151,117,147,302,326,295,"0.499","-0.499","70.0","7.4","3.413844353",50,31,6,1,2,0,11,22,8,16,2.55765,0.35362,-0.41952,0.0839,"91.8",120,35.483870967741936,6.451612903225806,4,6.31,2.7,0.08,1.95,0.34,2,"-0.2342723",0.339,0.296,"0.2342723",0.001,0.0010000000000000009,0.037,0.01,27.2,"44.7",8.719352565355916,0.026955115671132734,32.299461253890605,0.5222222222222223,38.37670902531515,30.298975999591555
210,700842,"Rivera, Eduardo",210,100,0.211,0.132,0.259,0.342,0.3,0.297,0.205,8,38,91.8,12.7,2094,91.7,92.31,24,96,114,0.5999999999999943,6.58,112,151,119,148,287,316,297,"0.225","-0.225","71.0","7.5","2.212185897",44,28,5,2,0,1,10,22.7,6,13.6,1.80052,0.918,0.15565,-0.11708,"91.4",146,42.857142857142854,3.571428571428571,2.272727272727273,6.32,1.86,-0.14,2.08,0.318,1,"-0.107142857",0.314,0.342,"0.107142857",0.006,0.0040000000000000036,0,0.003,25,"47.0",9.890257199215801,-2.2823499535545424,31.57257007649795,0.5106382978723404,37.63294417079667,30.309358323895047
210,663893,"Little, Brendon",218,96.3,0.391,0.37,0.5,0.761,0.512,0.329,0.224,18,46,89.1,-2.7,2174,90.9,90.47,31,93,117,-0.4000000000000057,5.95,108,146,113,147,288,321,290,"-7.67","7.67","69.0","7.2","2.903955287",55,33,9,5,0,4,14,25.5,8,14.5,2.91371,-0.15053,0.29148,-0.09195,"92.1",118,45.45454545454545,12.121212121212121,7.2727272727272725,6.23,1.92,-0.22,1.9,0.481,4,"3.652380952",0.339,0.444,"-3.652380952",0.167,0.14199999999999996,0.317,0.183,33.3,"38.6",8.213501995132493,2.489609823634042,32.85390646763902,0.41304347826086957,36.53726941527731,29.13887618468253
209,663485,"Sands, Cole",209,100,0.313,0.271,0.343,0.583,0.408,0.364,0.268,15,48,93.5,13.7,2239,89.1,88.29,24,103,106,-0.7999999999999972,5.86,108,147,119,148,294,321,285,"-3.084","3.084","70.9","7.3","1.21214427",56,39,9,2,1,3,11,19.6,5,8.9,2.27177,0.63269,0.47976,-0.09303,"92.8",169,56.41025641025641,10.256410256410255,7.142857142857142,5.64,-2.52,0.06,2.49,0.382,4,"1.475598086",0.343,0.507,"-1.475598086",0.045,0.03899999999999998,0.076,0.044,23.3,"25.6",9.186484079891587,-1.8393506381158882,30.065850726314594,0.5510204081632653,38.364446657232556,29.83842143483604
209,695034,"Morris, Kade",210,99.5,0.413,0.283,0.405,0.696,0.492,0.316,0.252,19,46,86.9,7.8,2198,89.9,89.69,16,97,112,-0.20000000000000284,6.22,109,147,118,148,294,321,290,"-6.735","6.735","69.2","7.1","4.14675741",53,41,14,1,0,4,6,11.3,6,11.3,2.47543,0.39267,0.54799,-0.11096,"92.5",142,48.78048780487805,4.878048780487805,3.7735849056603774,5.26,-2.3,0,2.07,0.472,2,"3.222488038",0.338,0.365,"-3.222488038",0.161,0.13399999999999995,0.331,0.176,16.5,"22.8",8.466026536038136,-1.0475564891876585,34.02913870380031,0.5806451612903226,35.733938664502055,30.054831664059545
207,663941,"Beck, Tristan",207,100,0.286,0.143,0.295,0.429,0.331,0.293,0.231,14,49,87.6,11.8,2400,88.3,88.95,19,106,101,0.7000000000000028,6.7,112,149,117,148,300,321,299,"-1.722","1.722","70.0","7.0","1.591944531",55,46,10,2,1,1,5,9.1,3,5.5,2.44957,0.50957,-0.42034,-0.06469,"91.2",142,36.95652173913043,8.695652173913043,7.2727272727272725,5.85,-2.48,0.16,2.57,0.333,4,"0.831884058",0.288,0.377,"-0.831884058",0.055,0.04500000000000004,0.052,0.038,17.9,"38.6",8.406405885517676,1.3303601850369897,31.56941231647036,0.5047619047619047,38.03219421237347,28.87510846163172
205,605452,"Ross, Joe",207,99,0.314,0.235,0.317,0.549,0.403,0.391,0.307,16,51,86.2,15.5,1946,91.9,92.55,33,110,95,0.6999999999999886,6.63,110,148,117,150,301,322,296,"-3.331","3.331","70.9","7.4","1.98816037",57,44,10,3,0,3,7,12.3,6,10.5,2.06707,0.63912,0.57171,-0.11463,"91.5",155,36.36363636363637,11.363636363636363,8.771929824561402,5.68,-2.37,0.07,2.33,0.386,5,"1.624878049",0.38,0.524,"-1.624878049",0.007,0.006000000000000005,0.025,0.012,30,"35.1",10.539238590014978,-2.0287018685985467,31.369667291124852,0.5,38.347854626285454,30.440836005502778
203,683409,"Chivilli, Angel",203,100,0.143,0.102,0.171,0.245,0.215,0.264,0.193,7,49,84.2,16.1,1976,91.7,91.65,34,104,99,-0.10000000000000853,6.22,110,150,121,150,292,327,290,"4.35","-4.35","69.2","7.6","4.372150195",54,36,4,2,0,1,13,24.1,4,7.4,2.11232,0.60453,0.7113,0.0174,"91.9",164,30.555555555555557,5.555555555555555,3.7037037037037033,5.66,-1.88,-0.08,2.13,0.222,2,"-2.142857143",0.268,0.326,"2.142857143",-0.05,-0.04600000000000001,-0.081,-0.049,32.7,"31.2",13.695196375195048,-7.230884338896643,32.366653927923394,0.5588235294117647,36.78575902925447,35.19605020584636
202,676467,"Gordon, Colton",207,97.6,0.467,0.467,0.517,0.933,0.587,0.41,0.327,21,45,87,10.6,2124,86.5,87.1,17,99,103,0.5999999999999943,6.84,111,148,114,151,286,327,290,"-12.604","12.604","68.6","7.2","2.757596858",50,35,13,1,1,6,11,22,3,6,2.26594,0.83272,0.37025,-0.3147,"91.1",167,48.57142857142857,11.428571428571429,8,5.57,2.43,-0.09,2.27,0.5,4,"6.23960396",0.379,0.587,"-6.23960396",0.14,0.121,0.346,0.177,17.2,"31.0",10.436284468799844,-2.5829411325543608,30.80678285847315,0.4742268041237113,37.36485293577388,30.591170347078293
201,621053,"Ferguson, Tyler",201,100,0.241,0.333,0.242,0.574,0.362,0.343,0.247,13,54,90.9,14.9,2406,90.7,90.76,30,104,97,0.09999999999999432,6.26,114,151,122,152,304,328,300,"-1.42","1.42","69.7","7.3","2.646436849",57,38,5,3,0,5,16,28.1,0,0,2.23985,0.5597,0.10886,-0.10567,"91.8",186,47.368421052631575,18.421052631578945,12.280701754385964,5.83,-3.01,-0.05,2.3,0.281,7,"0.706467662",0.286,0.517,"-0.706467662",-0.006,-0.004999999999999949,0.057,0.019,28.8,"27.4",8.283193552359261,1.3417397949469594,32.54855760963747,0.5784313725490197,37.46276099639636,28.124916290553195
201,656212,"Barnes, Charlie",201,100,0.309,0.218,0.304,0.527,0.401,0.404,0.321,17,55,92.5,8.6,2084,86.1,84.97,13,86,115,-1.0999999999999943,5.61,109,151,119,149,296,322,289,"-4.919","4.919","72.9","7.4","3.34634668",63,49,11,3,0,3,6,9.5,7,11.1,2.57796,0.5243,0.67577,-0.32532,"93.9",150,46.93877551020408,8.16326530612245,6.349206349206349,5.53,1.92,-0.13,2.22,0.397,4,"2.447263682",0.407,0.531,"-2.447263682",-0.012,-0.009999999999999953,-0.004,-0.003,15.1,"22.9",10.091344816550443,-2.1499903483805864,35.24014499413312,0.573170731707317,36.469703813046266,30.051681874571972
200,687765,"Spence, Mitch",200,100,0.413,0.304,0.421,0.717,0.508,0.361,0.279,19,46,91.6,16,2544,88.5,88.35,18,90,110,-0.20000000000000284,6.23,109,146,122,150,291,320,291,"-9.964","9.964","71.7","7.5","4.200295993",56,41,12,3,1,3,6,10.7,9,16.1,2.662,0.27894,-0.17565,0.08505,"92.7",154,41.46341463414634,2.4390243902439024,1.7857142857142856,6.01,-2.36,-0.02,1.89,0.5,1,"4.982",0.393,0.409,"-4.982",0.134,0.10699999999999998,0.308,0.147,20,"44.6",12.433766785297255,-5.796175287543484,32.97689921469761,0.5,35.233618766549455,33.780990751315706
199,687531,"Kempner, William",199,100,0.182,0.114,0.241,0.295,0.265,0.306,0.231,8,44,85.8,17.9,2489,91,90.71,31,91,108,-0.29999999999999716,6.18,113,148,117,148,299,324,296,"2.767","-2.767","68.8","7.0","2.082820601",50,30,5,2,0,1,14,28,4,8,2.13844,0.66126,0.61377,-0.07467,"91.1",172,23.333333333333332,3.3333333333333335,2,4.45,-2.48,-0.26,2.42,0.28,1,"-1.390452261",0.323,0.355,"1.390452261",-0.049,-0.04299999999999998,-0.06,-0.041,34.1,"14.7",7.325343959924605,3.359640933414019,32.57128792243006,0.32967032967032966,36.873314365171986,27.21795327956779
198,693312,"Nicolas, Kyle",198,100,0.276,0.138,0.333,0.414,0.422,0.434,0.272,8,29,87.1,27.6,2477,92.4,93.3,14,59,139,0.8999999999999915,6.93,109,147,116,145,293,323,288,"-3.688","3.688","70.8","7.2","3.969306812",42,22,6,1,0,1,7,16.7,13,31,2.03237,0.67192,0.14414,-0.01404,"91.2",190,35,5,2.380952380952381,5.76,-1,0.24,2.54,0.5,1,"1.862626263",0.509,0.444,"-1.862626263",0.004,-0.009000000000000008,-0.03,-0.012,23.7,"45.2",11.520183767078674,-2.5704788773557414,32.18062969253431,0.5862068965517241,37.36230798224678,30.00325457897642
198,702752,"Pintaro, Jonathan",198,100,0.143,0.214,0.111,0.357,0.263,0.32,0.225,6,42,88.3,16.4,2558,91.3,91.58,21,93,105,0.29999999999999716,6.37,110,149,120,147,304,320,295,"3.314","-3.314","69.4","7.1","2.196841851",48,31,3,0,0,3,12,25,3,6.3,2.3697,0.37371,0.20045,-0.10722,"91.5",148,36.666666666666664,10,6.25,5.04,-2.84,0.05,2.32,0.234,3,"-1.673737374",0.309,0.419,"1.673737374",-0.082,-0.07499999999999998,-0.062,-0.057,22.6,"23.3",7.776040935894767,2.4880657651027698,33.10962252688942,0.45555555555555555,37.49203546291577,30.112356389913078
198,701552,"Granillo, Andre",198,100,0.333,0.205,0.314,0.538,0.427,0.394,0.295,13,39,87.7,20.1,2288,86.9,86.68,7,74,124,-0.20000000000000284,6.05,107,145,118,148,302,322,302,"-4.432","4.432","69.4","7.1","2.947117529",50,38,9,2,0,2,3,6,8,16,2.41768,0.63274,0.03426,0.09406,"92.8",179,39.473684210526315,13.157894736842104,10,6.56,-1.04,0.15,2.35,0.449,5,"2.238383838",0.426,0.44,"-2.238383838",0.038,0.02300000000000002,0.098,0.033,9.5,"43.3",9.259206206164256,-5.659622413638114,33.062834385986086,0.4657534246575342,34.655390274393845,31.028922481522514
196,682825,"Mey, Luis",197,99.5,0.212,0.212,0.294,0.424,0.393,0.382,0.178,7,33,91.8,6.2,2345,94.2,94.59,29,70,126,0.3999999999999915,6.66,111,148,119,149,298,322,294,"-2.332","2.332","68.2","7.2","2.990204709",46,19,4,1,0,2,14,30.4,10,21.7,2.14857,0.46434,0.34719,-0.31709,"91.7",150,43.75,18.75,6.521739130434782,5.56,-1.96,0.16,1.86,0.435,3,"1.189795918",0.426,0.398,"-1.189795918",0.034,0.009000000000000008,0.026,0.011,41.4,"32.7",8.165695996455321,0.08483409835303446,33.15653958539408,0.5,36.57089561242956,29.429937757882165
195,624522,"Thompson, Keegan",195,100,0.365,0.231,0.429,0.596,0.406,0.406,0.343,19,52,91.1,21.1,2498,89.1,89.27,21,97,98,0.20000000000000284,6.21,111,149,116,147,305,332,297,"-3.171","3.171","69.2","7.1","2.271460334",57,44,10,7,1,1,11,19.3,2,3.5,2.25138,0.6199,0.16672,0.0541,"92.7",172,50,13.636363636363635,10.526315789473683,5.7,-1.96,0.25,2.16,0.375,6,"1.626153846",0.355,0.622,"-1.626153846",0.022,0.020000000000000018,-0.026,0,21.6,"34.0",6.428501206758554,-4.890637109791878,32.75764209202008,0.5520833333333334,36.00314434507508,29.275240824827318
195,697812,"Rock, Joe",195,100,0.275,0.025,0.393,0.3,0.364,0.39,0.267,11,40,92.6,18.5,2410,90,91.24,23,84,111,1.2000000000000028,6.92,111,149,120,148,292,325,297,"-1.492","1.492","68.7","7.1","3.681620009",53,28,10,1,0,0,12,22.6,11,20.8,2.32882,0.49241,0.58795,-0.04979,"92.6",179,57.14285714285714,3.571428571428571,1.8867924528301887,5.45,2.17,-0.39,2.08,0.453,1,"0.765128205",0.447,0.402,"-0.765128205",0.008,0.006000000000000005,-0.102,-0.026,27.4,"18.9",7.59264678166809,4.743735062416343,34.33706120848769,0.45569620253164556,36.71601638108219,25.842399492036574
190,687941,"Gamboa, Alec",190,100,0.217,0.13,0.265,0.348,0.282,0.261,0.177,10,46,87.5,10,2105,93,93.59,23,111,79,0.5999999999999943,6.52,109,151,124,147,285,312,294,"2.065","-2.065","70.6","7.1","1.338370286",52,35,6,3,0,1,12,23.1,5,9.6,1.78679,0.85455,0.18553,-0.05584,"91.1",163,32.35294117647059,5.88235294117647,3.8461538461538463,6.31,1.53,-0.17,2.4,0.288,2,"-1.086842105",0.269,0.267,"1.086842105",0.04,0.01899999999999996,0.081,0.021,20.7,"61.3",2.371595497669796,7.020228322487561,31.683497007226915,0.41284403669724773,35.727298275808536,24.723328124750722
189,676051,"Heuer, Codi",189,100,0.308,0.103,0.353,0.41,0.355,0.335,0.269,12,39,92.6,13,2323,90.5,92,21,83,106,1.5,7.25,110,150,117,148,296,323,297,"-2.441","2.441","70.6","7.3","3.554947694",46,34,9,2,1,0,6,13,5,10.9,2.21492,0.59644,0.72614,-0.25841,"92.9",161,52.94117647058824,2.941176470588235,2.1739130434782608,5.57,-1.67,0.33,1.99,0.391,1,"1.291534392",0.361,0.382,"-1.291534392",0.039,0.030000000000000027,0.028,0.02,25.3,"27.3",11.158581667233447,-2.3674734104108284,30.50803656602383,0.45121951219512196,36.500460189630864,31.372609099078954
189,671382,"Foster, Cameron",189,100,0.415,0.122,0.516,0.537,0.461,0.336,0.254,17,41,87,16.1,2506,92.2,92.79,24,86,103,0.5999999999999943,6.69,111,148,118,146,292,321,300,"-4.897","4.897","69.0","7.0","3.886207442",49,32,14,2,0,1,9,18.4,8,16.3,1.79402,0.91751,0.32069,-0.13614,"90.5",149,29.03225806451613,6.451612903225806,4.081632653061225,6.19,-0.95,0.35,2.46,0.51,2,"2.591005291",0.379,0.358,"-2.591005291",0.161,0.131,0.179,0.125,27.9,"48.5",8.079215717004907,-1.3665808528616425,28.890945842981466,0.47674418604651164,34.895923817278835,30.68507184126152
187,804636,"Tong, Jonah",187,100,0.205,0.077,0.219,0.282,0.28,0.309,0.206,8,39,87,9.4,2100,91.5,92.05,22,94,93,0.5999999999999943,6.57,106,150,115,148,301,319,293,"0.118","-0.118","71.7","7.1","2.143917115",47,33,7,0,0,1,7,14.9,7,14.9,1.75428,0.98647,0.4807,-0.17065,"90.9",167,30.303030303030305,6.0606060606060606,4.25531914893617,5.71,-2.6,0.09,2.55,0.319,2,"-0.063101604",0.324,0.367,"0.063101604",-0.001,-0.0050000000000000044,-0.085,-0.029,23.4,"51.4",8.734090799348106,1.0315121715303497,30.82112016203355,0.5333333333333333,36.19715046363707,30.579819332897042
182,692230,"Rodriguez, Carlos",182,100,0.263,0.132,0.31,0.395,0.323,0.282,0.228,10,38,83.5,23.1,2111,89.5,89.35,24,91,91,-0.09999999999999432,6.27,109,149,122,150,298,324,294,"-0.656","0.656","69.6","7.6","4.867643272",42,30,7,2,0,1,8,19,4,9.5,2.07929,0.78956,0.53155,-0.28702,"90.7",166,16.666666666666664,3.3333333333333335,2.380952380952381,5.73,-1.28,-0.01,2.12,0.333,1,"0.36043956",0.302,0.327,"-0.36043956",0.035,0.031000000000000028,0.068,0.041,26.4,"35.2",16.532516275672663,-12.829713285373083,33.981718916885576,0.4772727272727273,36.85319095383304,37.08320376320706
182,694918,"Tidwell, Blade",182,100,0.233,0.093,0.281,0.326,0.282,0.295,0.242,10,43,86.3,22.3,2521,89.7,89.96,27,87,95,0.29999999999999716,6.57,112,151,120,149,292,321,293,"0.932","-0.932","67.4","7.2","3.242751993",47,33,8,1,0,1,10,21.3,3,6.4,2.02445,0.865,-0.17122,-0.05287,"91.8",155,36.36363636363637,6.0606060606060606,4.25531914893617,6.09,-1.83,0.09,2.47,0.298,2,"-0.512087912",0.306,0.352,"0.512087912",-0.009,-0.008000000000000007,-0.026,-0.013,31,"40.7",9.139525646788384,0.19347861982472536,32.14519622303815,0.4642857142857143,37.06326722943976,28.601508326299125
180,681252,"Anderson, Jack",182,98.9,0.222,0.111,0.281,0.333,0.268,0.301,0.23,10,45,85.4,16.1,1819,84.8,84.74,29,95,85,-0.09999999999999432,6.27,113,149,122,149,285,320,294,"1.945","-1.945","69.8","7.5","4.104945409",48,33,7,2,0,1,12,25,3,6.3,2.57956,0.62777,-0.15044,-0.21144,"90.9",164,36.36363636363637,9.090909090909092,6.25,6.32,0.22,0.17,2.2,0.271,3,"-1.080555556",0.278,0.418,"1.080555556",-0.008,-0.007000000000000006,-0.085,-0.033,30.5,"64.3",12.848163388854193,-7.935493430591766,31.502031385934785,0.6129032258064516,37.459770514814124,35.682347682506595
180,694680,"Martin, Trevor",180,100,0.292,0.292,0.27,0.583,0.408,0.385,0.274,14,48,89.5,8.9,1969,91.1,91.44,20,86,94,0.30000000000001137,6.69,107,150,119,150,304,339,302,"-3.63","3.63","71.1","6.9","1.342763279",54,41,8,2,0,4,7,13,4,7.4,2.022,0.76372,0.49594,-0.12383,"92.9",168,48.78048780487805,12.195121951219512,9.25925925925926,5.52,-1.8,-0.13,2.32,0.37,5,"2.016666667",0.354,0.54,"-2.016666667",0.018,0.016000000000000014,0.043,0.023,23.3,"28.6",7.197918053608744,3.8582490091642327,32.365473519344505,0.5238095238095238,35.743818852932954,28.45961078440863
180,696136,"Wicks, Jordan",180,100,0.383,0.17,0.447,0.553,0.422,0.322,0.283,18,47,88.5,12.1,2110,88.3,88.54,22,92,88,0.20000000000000284,6.32,109,151,117,149,304,327,301,"-4.099","4.099","71.3","7.2","3.294623444",50,39,13,3,1,1,8,16,2,4,2.22644,0.71994,0.37933,-0.29531,"91.7",151,43.58974358974359,7.6923076923076925,6,5.88,2.13,0.24,2.25,0.42,3,"2.277222222",0.326,0.407,"-2.277222222",0.1,0.09399999999999997,0.146,0.1,23.9,"53.7",8.143311882216096,3.6979495165986567,32.568267245249245,0.4666666666666667,37.88334507165227,28.110572839276887
180,663559,"Falter, Bailey",180,100,0.471,0.294,0.488,0.765,0.548,0.415,0.355,24,51,90.3,16.1,2004,88.1,89.62,16,80,100,1.5,7.23,110,148,120,149,294,322,292,"-11.449","11.449","70.6","7.2","3.849536166",57,45,17,3,0,4,6,10.5,6,10.5,1.99439,0.98268,0.15244,-0.13378,"94.4",180,44.44444444444444,6.666666666666667,5.263157894736842,5.8,1.67,-0.18,2.53,0.526,3,"6.360555556",0.423,0.537,"-6.360555556",0.116,0.10300000000000004,0.228,0.133,20,"55.2",9.540555200129358,-0.7677792144262876,31.846884542855978,0.569620253164557,34.371539677697655,31.228468912228657
179,640454,"Krook, Matt",181,98.9,0.265,0.235,0.304,0.5,0.423,0.417,0.293,9,34,87.5,9.8,2389,85.6,85.09,19,74,105,-0.5,6.02,109,148,117,149,300,326,304,"-3.854","3.854","66.9","7.4","6.932593431",46,25,6,0,1,2,9,19.6,10,21.7,2.99246,0.14571,-0.02922,-0.27804,"91.4",128,36,4,2.1739130434782608,6.03,3.28,-0.16,1.82,0.457,1,"2.153072626",0.478,0.448,"-2.153072626",-0.028,-0.020999999999999963,0.052,0.006,25.7,"29.1",11.584019846468898,-6.836325327008001,37.31544105215625,0.4305555555555556,36.460334190162285,34.50617454833146
179,669620,"Basso, Brady",179,100,0.34,0.298,0.405,0.638,0.421,0.32,0.255,16,47,89.9,11.4,2216,88.3,88.72,25,96,83,0.4000000000000057,6.4,105,149,119,148,302,328,297,"-4.343","4.343","69.9","7.0","3.026368548",51,38,5,9,1,1,10,19.6,3,5.9,2.41866,0.53307,0.1016,0.01394,"92.6",157,47.368421052631575,10.526315789473683,7.8431372549019605,6.43,2.11,-0.06,2.39,0.373,4,"2.426256983",0.308,0.39,"-2.426256983",0.085,0.065,0.248,0.101,26,"49.5",4.9535462464021975,4.8041425116252405,32.85277145230918,0.42857142857142855,36.706520470612446,28.02702750592605
178,685005,"Roa, Christian",178,100,0.313,0.188,0.346,0.5,0.423,0.415,0.297,10,32,91.8,23.8,2186,92.3,92.62,20,81,97,0.29999999999999716,6.42,105,144,116,146,299,332,301,"-3.911","3.911","70.0","6.8","2.078826159",43,27,7,1,1,1,6,14,7,16.3,2.07809,0.61316,0.46742,0.01202,"91.8",156,62.96296296296296,7.4074074074074066,4.651162790697675,6.25,-2.24,-0.16,2.49,0.465,2,"2.197191011",0.454,0.492,"-2.197191011",0.016,0.01100000000000001,0.008,0.008,24.7,"36.4",7.114778335841895,5.232090709639425,32.80287339303904,0.475,36.19280411114849,26.930613355989845
177,663465,"Allard, Kolby",181,97.8,0.39,0.268,0.467,0.659,0.466,0.385,0.317,16,41,89.9,10.1,1842,84.3,84.16,16,92,85,-0.09999999999999432,6.21,109,152,128,149,310,327,300,"-5.944","5.944","68.1","7.1","2.158476826",45,32,9,5,0,2,9,20,3,6.7,2.6374,0.63011,0.2754,-0.04222,"92.0",153,43.75,15.625,11.11111111111111,5.36,2.19,-0.01,2.53,0.444,5,"3.35819209",0.378,0.533,"-3.35819209",0.073,0.066,0.126,0.081,17.4,"45.4",7.990322238898286,1.3810433721137674,31.853621639605294,0.5113636363636364,36.22179278549357,29.583814641245482
175,682989,"Mederos, Victor",175,100,0.205,0.091,0.265,0.295,0.245,0.267,0.232,9,44,89.7,21.4,2456,93.7,94.34,31,89,86,0.5999999999999943,6.66,113,150,123,150,309,322,299,"2.631","-2.631","71.1","7.3","1.671119716",47,34,6,2,1,0,10,21.3,3,6.4,1.94166,0.66354,0.45576,0.04331,"92.4",176,41.17647058823529,0,0,5.21,-2.88,0.31,2.53,0.255,0,"-1.503428571",0.281,0.319,"1.503428571",-0.027,-0.026000000000000023,-0.024,-0.022,34.8,"23.7",10.881939826562757,-0.7798796582868657,30.220643306457625,0.5172413793103449,36.47605235500077,29.856912146844618
172,684320,"Rodríguez, Yariel",172,100,0.324,0.189,0.345,0.514,0.421,0.402,0.295,12,37,87.2,16.2,2291,90,89.99,11,70,102,0,6.29,111,149,119,150,294,321,291,"-5.278","5.278","70.2","7.2","3.215660347",45,31,9,1,0,2,6,13.3,7,15.6,2.28669,0.54988,0.4632,-0.1382,"91.5",150,32.25806451612903,12.903225806451612,8.88888888888889,5.93,-1.36,-0.17,2.29,0.444,4,"3.068604651",0.421,0.495,"-3.068604651",0.029,0.02300000000000002,0.019,0.019,15.7,"40.0",8.173503318749617,-0.4673378817087659,33.76647672490234,0.5147058823529411,36.94022169437172,28.563077165837928
171,669854,"Blanco, Ronel",171,100,0.171,0.371,0.105,0.543,0.354,0.389,0.24,6,35,91.5,18.7,2010,87.2,88.08,29,87,84,0.8999999999999915,6.82,113,147,105,150,290,320,294,"-1.533","1.533","67.5","7.3","4.87546588",41,23,1,1,0,4,12,29.3,6,14.6,2.3617,0.66515,0.29287,-0.27579,"91.9",154,47.82608695652174,21.73913043478261,12.195121951219512,6.05,-1.52,0.09,2.42,0.293,5,"0.896491228",0.351,0.564,"-0.896491228",-0.069,-0.057999999999999996,-0.021,-0.035,33.3,"46.5",14.471258592910319,-9.098156459394101,30.22127308016097,0.5697674418604651,35.017664893043985,36.82172395936132
171,608371,"Sims, Lucas",171,100,0.257,0.143,0.32,0.4,0.352,0.33,0.22,9,35,82.2,10.1,2745,89.2,88.59,16,74,97,-0.6000000000000085,5.88,109,147,118,145,296,320,295,"-1.501","1.501","66.8","7.2","4.040806751",46,28,6,2,0,1,10,21.7,7,15.2,2.11345,0.77741,-0.17749,-0.21035,"91.5",160,39.285714285714285,7.142857142857142,4.3478260869565215,5.7,-1.35,0.33,2.34,0.386,2,"0.877777778",0.363,0.356,"-0.877777778",0.037,0.02300000000000002,0.044,0.022,21.6,"39.3",10.2549709220699,-11.841925664391848,30.265263770423346,0.4864864864864865,37.28201541559066,32.167529598008706
170,678368,"Bellozo, Valente",178,95.5,0.256,0.385,0.192,0.641,0.419,0.475,0.316,10,39,89,20.3,2234,84.2,84.32,23,78,92,0.09999999999999432,6.09,108,150,121,147,304,327,302,"-4.779","4.779","69.4","7.6","4.611227783",48,32,5,0,0,5,8,16.7,7,14.6,2.60706,0.61361,0.18143,0.01738,"93.6",197,50,15.625,10.416666666666668,5.71,-1.04,0.18,1.91,0.383,5,"2.811176471",0.433,0.737,"-2.811176471",-0.06,-0.04999999999999999,-0.096,-0.056,29.5,"36.7",13.366116352917565,-8.248770050294288,35.1675250946141,0.42857142857142855,37.07920639153662,35.1128987916855
170,676568,"Vanasco, Ricky",171,99.4,0.412,0.294,0.429,0.706,0.51,0.399,0.294,14,34,87.6,13,2003,88.8,89.46,14,68,102,0.7000000000000028,6.71,113,149,117,148,298,329,299,"-6.694","6.694","69.8","7.1","1.979417874",40,30,8,4,0,2,4,10,6,15,2.49694,0.42852,0.70735,0.00429,"91.7",161,43.333333333333336,6.666666666666667,5,5.59,-1.95,0.05,2.3,0.5,2,"3.937647059",0.4,0.519,"-3.937647059",0.118,0.09999999999999998,0.187,0.111,20.6,"41.3",8.555785834915925,0.38373247449057746,33.810423967893314,0.4461538461538462,34.570523155520185,29.67422964315325
169,666711,"Peguero, Joel",169,100,0.238,0.071,0.27,0.31,0.297,0.256,0.192,10,42,84.5,6.9,2322,98.1,97.14,17,94,75,-1,5.5,108,148,116,146,297,323,300,"0.586","-0.586","69.4","7.0","1.843366758",48,37,7,3,0,0,5,10.4,4,8.3,1.52876,0.82621,0.52272,0.00213,"89.9",161,24.324324324324326,0,0,6.04,-0.88,-0.08,2.49,0.333,0,"-0.346745562",0.293,0.247,"0.346745562",0.046,0.040000000000000036,0.063,0.041,18.1,"44.6",6.023393808195035,7.872248096298198,33.67609380671338,0.4888888888888889,36.91461688678616,24.817192849235923
168,691769,"Abner, Philip",168,100,0.229,0.2,0.214,0.429,0.341,0.4,0.298,8,35,90.4,12.6,2301,86.7,87.08,13,80,88,0.3999999999999915,6.52,111,148,119,150,296,319,290,"-0.433","0.433","71.5","7.2","1.380087689",41,30,5,1,0,2,5,12.2,6,14.6,2.46238,0.59679,-0.12329,-0.0918,"91.8",173,43.333333333333336,13.333333333333334,9.75609756097561,5.57,2.21,-0.28,2.34,0.341,4,"0.257738095",0.401,0.521,"-0.257738095",-0.069,-0.06,-0.092,-0.059,16.3,"38.7",6.912044642296443,-0.2998874952186735,33.420661734406195,0.5063291139240507,36.206205096890876,29.645157948003522
168,592454,"Kahnle, Tommy",168,100,0.324,0.27,0.333,0.595,0.433,0.381,0.285,12,37,90.9,16.1,1609,89.6,90.71,15,86,82,1.1000000000000085,6.77,115,148,120,149,283,314,295,"-3.907","3.907","71.3","7.2","2.547046633",43,32,6,4,0,2,5,11.6,6,14,2.29321,0.53435,0.68911,-0.23065,"92.7",157,56.25,15.625,11.627906976744185,5.64,-1.63,0.06,2.36,0.419,5,"2.325595238",0.385,0.489,"-2.325595238",0.039,0.033999999999999975,0.106,0.052,17.4,"37.0",10.683941274669195,-2.8616239143813695,32.092157763267906,0.6024096385542169,34.90482858150393,31.13706250601938
166,694363,"Shuster, Jared",172,96.5,0.289,0.158,0.303,0.447,0.361,0.311,0.239,11,38,91,12,2124,88.9,89.63,9,66,100,0.6999999999999886,6.7,107,147,113,148,302,317,297,"-1.954","1.954","72.5","7.3","3.168105074",44,34,7,3,0,1,4,9.1,6,13.6,2.2697,0.63354,0.59341,-0.07512,"93.1",151,50,2.941176470588235,2.272727272727273,5.48,1.5,0.04,1.98,0.386,1,"1.177108434",0.343,0.367,"-1.177108434",0.05,0.04299999999999998,0.08,0.05,13.6,"38.7",7.808384334776624,0.12758642381634266,33.77941211836714,0.53125,35.276751501307395,29.901039173102273
164,671106,"Allen, Logan",164,100,0.333,0.121,0.458,0.455,0.37,0.308,0.22,11,33,89.6,9.4,2141,86.5,86.47,14,73,91,0,6.33,112,152,119,148,300,322,295,"-1.901","1.901","66.2","6.6","1.081203535",38,24,7,4,0,0,10,26.3,4,10.5,2.43146,0.64811,0.27348,0.01165,"92.1",168,50,12.5,7.894736842105263,4.87,2.29,-0.06,2.46,0.395,3,"1.159146341",0.298,0.413,"-1.159146341",0.113,0.09700000000000003,0.042,0.062,19.2,"23.6",2.3476021562155123,6.372671081539493,32.91264860769784,0.4246575342465753,35.903436325642396,25.38833369276488
163,691008,"Rajcic, Max",163,100,0.182,0.212,0.208,0.394,0.311,0.281,0.168,6,33,87,19.5,2421,89.5,89.95,16,67,96,0.5,6.53,111,147,107,148,304,325,298,"0.073","-0.073","69.8","7.2","4.716893779",39,25,2,2,1,1,8,20.5,6,15.4,2.49871,0.38233,0.29552,-0.12607,"91.3",155,36,8,5.128205128205128,5.76,-1.54,0.13,2.21,0.308,2,"-0.044785276",0.296,0.318,"0.044785276",0.014,0.01200000000000001,0.076,0.03,23.9,"42.6",10.210671534259554,-11.93761129716796,31.166978130616087,0.5606060606060606,36.72220487940513,33.940559436906405
162,675916,"Karinchak, James",162,100,0.129,0.129,0.13,0.258,0.232,0.268,0.158,4,31,88.4,22.1,2445,90.7,89.97,17,64,98,-0.7000000000000028,5.75,114,147,120,149,301,322,302,"2.73","-2.73","68.3","7.1","4.22450266",37,24,2,1,0,1,8,21.6,5,13.5,2.0184,0.77216,0.32646,0.10373,"90.9",180,33.33333333333333,8.333333333333332,5.405405405405405,6.45,-0.09,0.06,2.73,0.243,2,"-1.685185185",0.276,0.299,"1.685185185",-0.029,-0.03300000000000003,-0.041,-0.036,26.6,"54.4",5.469574284031478,6.042345082393755,31.0355698851268,0.5483870967741935,37.26030132953245,27.407892135821307
161,666201,"Manoah, Alek",162,99.4,0.258,0.258,0.28,0.516,0.402,0.379,0.228,8,31,87.1,15.2,2046,84.9,85.69,12,61,100,0.7999999999999972,7.04,114,149,118,150,301,325,303,"-4.472","4.472","70.2","7.5","2.324211282",39,26,3,3,1,1,5,12.8,8,20.5,2.36444,0.84568,0.77864,-0.31963,"93.5",182,34.61538461538461,11.538461538461538,7.6923076923076925,6.04,-2.1,-0.2,2.17,0.41,3,"2.777639752",0.386,0.473,"-2.777639752",0.03,0.023999999999999966,0.043,0.023,19.7,"45.2",16.859884862332425,-9.592070390080133,35.757798650195326,0.41818181818181815,34.95641945219234,36.73160116721385
161,657649,"Koenig, Jared",169,95.3,0.364,0.212,0.44,0.576,0.443,0.337,0.246,12,33,92.8,10,2197,90.3,90.31,14,68,93,0,6.29,111,148,118,148,301,325,302,"-3.908","3.908","69.3","7.0","3.113378257",41,26,7,4,0,1,7,17.1,7,17.1,2.01429,0.80752,0.74775,-0.236,"92.2",159,46.15384615384615,7.6923076923076925,4.878048780487805,5.88,2.41,-0.19,2.24,0.488,2,"2.427329193",0.393,0.416,"-2.427329193",0.118,0.09499999999999997,0.16,0.106,20.6,"32.4",8.02404289831187,-4.551576804781834,32.86070067451491,0.417910447761194,36.783700874801774,30.63579904565827
157,680704,"Sandlin, Nick",157,100,0.29,0.258,0.292,0.548,0.418,0.376,0.238,9,31,87,13,2406,82,82.21,19,61,96,0.20000000000000284,6.61,104,145,117,145,307,330,299,"-4.204","4.204","71.5","7.8","3.428765269",40,26,5,2,0,2,6,15,5,12.5,2.97064,0.49344,-0.36968,-0.32828,"92.2",163,38.46153846153847,7.6923076923076925,5,4.27,-3.17,-0.04,2.13,0.425,2,"2.677707006",0.387,0.463,"-2.677707006",0.052,0.03799999999999998,0.085,0.042,31.1,"11.6",16.4566164342779,-14.820379285899127,34.01329978861025,0.5901639344262295,36.457794122362095,38.34489446351106
154,677020,"Walker, Josh",154,100,0.25,0.139,0.286,0.389,0.289,0.257,0.227,9,36,87.9,24.4,2078,87.2,89.01,14,78,76,1.7999999999999972,7.27,109,150,122,147,301,321,298,"0.552","-0.552","71.7","7.6","5.144931245",39,29,6,2,0,1,8,20.5,2,5.1,2.3239,0.68967,0.12214,-0.08097,"91.2",191,34.48275862068966,3.4482758620689653,2.564102564102564,6.09,2.89,0.07,2.7,0.282,1,"-0.358441558",0.261,0.332,"0.358441558",0.023,0.020999999999999963,0.057,0.032,17.9,"42.1",13.204644557273046,-6.543648457996874,30.77209742841515,0.6363636363636364,37.172414255747135,34.351782684747704
154,660787,"De los Santos, Yerry",154,100,0.242,0.091,0.28,0.333,0.299,0.303,0.252,8,33,90.6,3.6,1923,93,93.45,9,71,83,0.5,6.67,108,147,122,147,291,322,287,"-0.409","0.409","68.7","6.8","3.018306652",38,27,7,0,0,1,7,18.4,4,10.5,2.22948,0.43373,1.25903,0.18877,"91.5",134,40.74074074074074,0,0,5.68,-2.79,0.21,2.19,0.324,0,"0.265584416",0.333,0.334,"-0.265584416",-0.01,-0.009000000000000008,-0.001,-0.004,12.7,"24.4",8.04076728162926,5.279023799774908,33.0416972167538,0.4142857142857143,35.244344999929545,27.557445181717448
153,676395,"Garcia, Robert",153,100,0.185,0.037,0.238,0.222,0.285,0.333,0.239,5,27,88.8,9.3,2128,90.3,89.81,19,62,91,-0.5,6.27,111,149,115,150,299,322,303,"0.753","-0.753","71.2","7.2","2.271223702",34,21,4,1,0,0,6,17.6,7,20.6,2.37275,0.46778,0.68908,-0.23,"91.4",132,33.33333333333333,0,0,5.62,3.71,-0.01,2.29,0.353,0,"-0.492156863",0.395,0.31,"0.492156863",-0.054,-0.04200000000000004,-0.088,-0.048,30.6,"24.4",6.5903556458589705,2.532741774034271,33.59836037108993,0.5084745762711864,37.38845470017025,26.672399613656225
151,606303,"Payamps, Joel",151,100,0.281,0.313,0.333,0.594,0.404,0.377,0.252,9,32,92.5,19.3,2571,89.2,88.96,16,70,81,-0.20000000000000284,6.08,111,146,117,146,309,323,299,"-1.443","1.443","70.6","7.1","1.569328623",36,23,4,2,1,2,9,25,4,11.1,2.23795,0.64609,-0.14384,0.04411,"91.8",203,39.130434782608695,17.391304347826086,11.11111111111111,5.56,-2.47,0.01,2.44,0.361,4,"0.955629139",0.335,0.548,"-0.955629139",0.029,0.025999999999999968,0.046,0.027,22.9,"28.4",8.559207481634576,2.256131851569297,32.61251380371837,0.4925373134328358,35.605985625770366,28.606658064807018
149,686610,"Waldichuk, Ken",149,100,0.235,0.353,0.182,0.588,0.398,0.397,0.243,8,34,83.7,20.6,2347,86.7,87.17,17,62,87,0.5,6.68,109,148,119,150,302,322,295,"-5.212","5.212","67.8","7.2","5.300422241",40,26,4,0,0,4,8,20,5,12.5,2.5855,0.48893,-0.28608,-0.11676,"91.8",180,38.46153846153847,19.230769230769234,12.5,5.81,2.25,0.03,2.42,0.35,5,"3.497986577",0.356,0.577,"-3.497986577",-0.008,-0.006000000000000005,0.011,0.001,27.4,"38.7",12.067630955716798,-4.232981372538677,31.900472495219496,0.5084745762711864,35.82924471469608,33.22270435896847
149,681751,"Estrada, Lazaro",150,99.3,0.129,0.194,0.087,0.323,0.26,0.326,0.217,4,31,86.5,13.4,2250,87.9,87.79,17,69,80,-0.10000000000000853,6.25,110,149,113,150,290,320,291,"0.422","-0.422","67.7","7.1","3.458032331",36,25,2,0,0,2,6,16.7,5,13.9,2.10913,0.89605,0.13913,-0.13644,"91.5",144,40,12,8.333333333333332,5.71,-0.54,0.14,1.97,0.25,3,"-0.283221477",0.326,0.41,"0.283221477",-0.088,-0.07600000000000001,-0.087,-0.066,24.6,"53.5",9.708291482196733,-1.9999156344438282,30.996514320796756,0.47058823529411764,37.82777545639517,30.91522137809179
149,684442,"Drake, Kohl",149,100,0.257,0.286,0.259,0.543,0.382,0.426,0.294,9,35,90.6,27.7,2237,85.9,86.31,21,71,78,0.3999999999999915,6.56,111,148,116,149,308,323,288,"-2.725","2.725","71.6","7.4","2.482270078",40,29,4,2,1,2,6,15,4,10,2.49007,0.63416,0.51758,-0.42228,"92.6",200,51.724137931034484,17.24137931034483,12.5,5.85,1.43,-0.15,2.16,0.35,5,"1.82885906",0.382,0.622,"-1.82885906",-0.037,-0.03200000000000003,-0.079,-0.044,29.6,"38.8",10.354163117552757,-2.556153018752428,31.792729416676586,0.5571428571428572,38.15723031587927,33.2650238765846
149,689225,"Brieske, Beau",149,100,0.257,0.257,0.25,0.514,0.365,0.33,0.241,9,35,88.6,18.2,2420,93.3,92.89,17,80,69,-0.3999999999999915,5.93,113,151,122,150,300,330,295,"-2.564","2.564","71.2","7.4","2.619191576",39,27,6,0,0,3,8,20.5,4,10.3,1.62443,0.99161,0.46497,0.06309,"91.4",180,48.148148148148145,11.11111111111111,7.6923076923076925,6.15,-1.38,-0.02,2.18,0.333,3,"1.720805369",0.319,0.435,"-1.720805369",0.016,0.014000000000000012,0.079,0.035,21.3,"50.8",8.112158986911172,1.1014065003144455,31.195798791663037,0.5443037974683544,36.395717969554234,28.193334788976472
145,691946,"Klassen, George",145,100,0.318,0.227,0.4,0.545,0.472,0.472,0.306,7,22,87.5,-2.9,2145,92.3,92.08,20,59,86,-0.20000000000000284,6.46,111,146,109,146,306,330,304,"-4.099","4.099","72.8","7.3","1.593401632",32,16,4,2,0,1,6,18.8,10,31.3,2.0729,0.65379,0.87104,-0.16076,"92.8",146,50,25,12.5,5.55,-3.09,0.22,2.27,0.531,4,"2.826896552",0.523,0.568,"-2.826896552",0.012,0.008000000000000007,-0.023,0,33.9,"39.6",9.809500852060049,-0.4811566599277436,32.279393285880545,0.3684210526315789,35.23923253646317,32.08368515931128
144,642152,"Trivino III, Lou",144,100,0.37,0.222,0.45,0.593,0.465,0.33,0.217,10,27,85.3,12.9,2161,90,90.31,20,63,81,0.29999999999999716,6.42,114,149,122,147,291,322,299,"-4.212","4.212","68.9","7.4","5.476591945",36,21,7,1,1,1,7,19.4,7,19.4,2.35035,0.49706,0.42639,-0.19889,"90.7",173,38.095238095238095,4.761904761904762,2.7777777777777777,6.12,-1.35,-0.03,2.39,0.5,1,"2.925",0.385,0.323,"-2.925",0.153,0.11499999999999999,0.27,0.135,31.7,"36.3",11.528903353095192,-2.8625558950340055,34.07518155192343,0.42857142857142855,39.030181208435934,29.77554056507627
139,694341,"Beck, Brendan",139,100,0.269,0.538,0.167,0.808,0.486,0.448,0.3,7,26,94.9,25.6,2109,87.9,88.26,20,59,80,0.3999999999999915,6.51,111,150,126,151,297,329,292,"-4.459","4.459","71.7","7.5","3.46304906",31,22,1,2,0,4,4,12.9,5,16.1,2.20439,0.79066,0.32036,-0.00971,"93.7",223,59.09090909090909,27.27272727272727,19.35483870967742,6.05,-2.69,0.04,2.2,0.387,6,"3.207913669",0.413,0.656,"-3.207913669",-0.031,-0.025999999999999968,0.152,0.038,33.9,"46.2",11.87581713933517,-5.25983438220312,30.117480632805535,0.4827586206896552,38.03576690417147,33.317297894100975
138,664849,"Young, Danny",146,94.5,0.217,0.174,0.25,0.391,0.363,0.363,0.203,5,23,88.5,-5,2514,88.7,88.76,10,48,90,0.09999999999999432,6.39,111,146,119,149,303,322,301,"-0.117","0.117","68.1","7.1","2.671443705",33,18,3,1,0,1,6,18.2,8,24.2,2.80138,0.13818,0.15942,0.05826,"92.5",109,55.55555555555556,16.666666666666664,9.090909090909092,4.86,3.47,-0.32,1.89,0.438,3,"0.084782609",0.427,0.407,"-0.084782609",0.014,0.01100000000000001,-0.016,0,20.8,"14.5",8.603766620060693,0.7758652809154228,34.14515073416733,0.34782608695652173,35.92805460754169,30.34034938414559
138,671162,"Thomas, Connor",138,100,0.469,0.406,0.423,0.875,0.562,0.423,0.308,15,32,89.8,12.6,2315,87.7,87.53,15,64,74,-0.20000000000000284,6.12,107,146,118,144,304,322,296,"-7.523","7.523","71.0","7.0","2.17166164",40,30,10,1,0,4,4,10,6,15,2.67725,0.29362,0.5008,-0.43051,"93.2",157,46.666666666666664,10,7.5,5.09,1.38,-0.16,2.14,0.525,3,"5.451449275",0.406,0.591,"-5.451449275",0.161,0.119,0.284,0.139,23.4,"31.3",7.60295671191966,4.105355481382983,34.178588087907514,0.47619047619047616,34.41880211974709,26.29765053177411
134,703725,"Gastelum, Luis",134,100,0.3,0.4,0.3,0.7,0.439,0.344,0.234,9,30,81.6,4.9,2110,87.2,87.97,21,61,73,0.7999999999999972,6.8,114,147,106,148,306,320,298,"-2.674","2.674","69.9","7.4","2.925828245",35,23,3,3,0,3,8,22.9,4,11.4,2.69619,0.34701,0.60418,-0.06194,"91.0",152,26.08695652173913,13.043478260869565,8.571428571428571,5.25,-1.75,-0.09,2.13,0.371,3,"1.995522388",0.319,0.489,"-1.995522388",0.066,0.05199999999999999,0.211,0.095,34.4,"24.4",10.369671945861638,-7.757921616637714,33.97139801206755,0.5789473684210527,37.035459729359815,35.58146638430122
133,681168,"Curvelo, Luis",137,97.1,0.342,0.342,0.323,0.684,0.441,0.354,0.298,13,38,91,21.4,2019,88.9,88.69,16,76,57,-0.20000000000000284,6.29,114,150,121,150,296,321,307,"-4.406","4.406","71.8","7.6","5.508881411",40,34,6,4,0,3,4,10,2,5,2.23188,0.70278,0.71504,0.02679,"92.9",186,50,8.823529411764707,7.5,5.93,-3.25,-0.09,2.23,0.375,3,"3.312781955",0.333,0.512,"-3.312781955",0.044,0.04199999999999998,0.172,0.087,21.1,"35.7",12.178634436167371,-12.095546099184894,32.87724281932449,0.5,35.438674119726116,36.596465718436264
132,621242,"Díaz, Edwin",135,97.8,0.333,0.111,0.5,0.444,0.396,0.331,0.244,9,27,89.2,16,2324,92.3,93.82,12,58,74,1.5,7.02,114,148,119,149,293,317,297,"-1.626","1.626","66.9","7.1","5.985720062",33,17,8,0,0,1,10,30.3,5,15.2,2.01189,0.66212,0.36864,-0.21061,"90.6",135,37.5,6.25,3.0303030303030303,4.77,-2.05,0.24,2.24,0.455,1,"1.231818182",0.386,0.354,"-1.231818182",0.089,0.069,0.09,0.065,20.7,"16.1",9.994013105662475,-4.257816174557579,33.12107925954257,0.48214285714285715,34.03635873103272,30.889586248566612
131,664353,"Urquidy, José",131,100,0.441,0.206,0.519,0.647,0.482,0.314,0.276,15,34,89.2,12.1,2296,87,86.17,20,73,58,-0.7999999999999972,5.89,110,145,117,146,292,321,290,"-5.573","5.573","69.5","7.3","2.681627259",36,28,10,4,0,1,6,16.7,2,5.6,2.22794,0.83846,0.66931,-0.16305,"91.8",141,44.44444444444444,7.4074074074074066,5.555555555555555,5.9,-1.23,0.1,2.16,0.472,2,"4.254198473",0.317,0.401,"-4.254198473",0.165,0.15499999999999997,0.246,0.168,27.4,"49.3",12.105477363143317,-5.195890649379814,33.19700983040646,0.6056338028169014,36.81252022399354,32.8913430721804
130,647315,"Pop, Zach",130,100,0.2,0.12,0.238,0.32,0.27,0.317,0.248,5,25,93.3,11,2259,93.6,93.85,8,52,78,0.20000000000000284,6.52,111,144,112,145,287,326,294,"1.328","-1.328","66.9","6.5","5.456837001",31,21,2,3,0,0,6,19.4,3,9.7,2.11115,0.51775,0.87446,-0.05662,"92.2",162,47.61904761904761,4.761904761904762,3.225806451612903,5.69,-2.05,-0.17,2.34,0.29,1,"-1.021538462",0.338,0.358,"1.021538462",-0.048,-0.04800000000000004,-0.038,-0.047,15.4,"30.6",5.60037737068168,9.108316298960268,31.317445134537525,0.5,36.99254163501293,26.333919800169873
130,650960,"Duarte, Daniel",130,100,0.067,0,0.095,0.067,0.118,0.229,0.176,2,30,79.6,9.7,2348,88.5,88.2,19,76,54,-0.29999999999999716,5.96,109,150,127,151,302,325,301,"5.744","-5.744","70.9","7.4","1.735394407",33,21,2,0,0,0,9,27.3,2,6.1,2.28492,0.63823,-0.04292,-0.21262,"90.2",141,14.285714285714285,4.761904761904762,3.0303030303030303,5.71,-1.22,0.3,2.16,0.152,1,"-4.418461538",0.251,0.242,"4.418461538",-0.109,-0.099,-0.175,-0.111,25,"39.2",9.555801545435498,-1.4101329691615567,34.9051314630033,0.5394736842105263,36.38159187333689,31.34787930500146
129,666129,"Garrett, Braxton",130,99.2,0.368,0.211,0.467,0.579,0.474,0.386,0.24,7,19,85.6,22.2,2244,88.1,88.59,12,51,78,0.5,6.63,99,140,106,132,304,323,293,"-3.662","3.662","72.4","7.3","1.461299046",28,15,3,4,0,0,5,17.9,8,28.6,2.4769,0.49063,0.42411,-0.18519,"90.6",155,28.57142857142857,14.285714285714285,7.142857142857142,5.66,2.53,-0.15,2.38,0.536,2,"2.83875969",0.457,0.389,"-2.83875969",0.128,0.07900000000000001,0.19,0.088,23.5,"38.6",9.154105523624755,-0.6078160629355187,33.61740439069198,0.5294117647058824,35.31250917027982,30.713901569344166
129,680702,"Gerber, Joey",129,100,0.2,0.2,0.238,0.4,0.305,0.309,0.23,6,30,93.7,23.5,2292,91.2,91.53,12,51,78,0.29999999999999716,6.41,110,150,129,151,296,322,302,"0.243","-0.243","71.7","7.2","1.759235486",34,22,2,3,0,1,8,23.5,4,11.8,1.64798,1.09302,0.19713,-0.01202,"93.4",204,54.54545454545454,9.090909090909092,5.88235294117647,5.24,-1.93,0.01,2.54,0.294,2,"-0.188372093",0.321,0.373,"0.188372093",-0.03,-0.027000000000000024,0.027,-0.004,23.5,"32.4",6.296915540240034,1.984438338996572,32.22099682556222,0.46,37.45695322669783,27.351677978303016
129,682445,"Gonzalez, Domingo",129,100,0.3,0.167,0.333,0.467,0.382,0.453,0.355,9,30,92.9,19,2275,90.4,89.68,12,61,68,-0.7000000000000028,6.06,112,150,118,148,287,321,296,"-1.312","1.312","70.3","7.4","3.178223965",36,25,6,2,0,1,5,13.9,5,13.9,2.26209,0.5643,0.75023,0.13256,"92.6",178,52,12,8.333333333333332,4.65,-1.87,0.04,2.16,0.4,3,"1.017054264",0.448,0.618,"-1.017054264",-0.055,-0.04799999999999999,-0.151,-0.071,19.7,"17.9",10.496489794096114,-1.2368624528935337,32.31687482109431,0.5901639344262295,36.53947389984341,30.367978744599597
128,676661,"Lazar, Max",128,100,0.25,0.281,0.208,0.531,0.362,0.331,0.242,8,32,92.2,4.8,2115,88.8,90.21,12,62,66,1.4000000000000057,6.93,107,149,123,146,292,321,290,"-1.007","1.007","69.3","7.2","3.733784052",35,27,5,0,0,3,5,14.3,3,8.6,2.43328,0.45883,0.18156,-0.17859,"92.0",147,42.30769230769231,11.538461538461538,8.571428571428571,5.95,-0.53,-0.01,2.34,0.314,3,"0.78671875",0.309,0.454,"-0.78671875",0.008,0.0050000000000000044,0.077,0.031,19.4,"55.5",9.964518327703367,1.0855909674564725,33.40629974299184,0.532258064516129,36.763331223814966,29.187876996209948
128,669310,"Van Eyk, CJ",128,100,0.393,0.179,0.37,0.571,0.422,0.363,0.309,11,28,87.6,15.6,2089,86.7,87.3,8,62,66,0.5999999999999943,6.64,113,148,120,151,292,319,298,"-4.344","4.344","72.0","7.4","2.163257898",31,28,8,2,0,1,1,3.2,1,3.2,2.8893,0.17062,0.31531,-0.21344,"92.5",143,46.42857142857143,3.571428571428571,3.225806451612903,5.24,-1.89,-0.24,2.06,0.419,1,"3.39375",0.361,0.46,"-3.39375",0.084,0.057999999999999996,0.111,0.059,12.9,"30.8",12.19335624496865,-5.369676912847076,34.69681449572373,0.6666666666666666,36.90534077161513,34.58354182608529
127,621016,"Cuas, Jose",131,96.9,0.296,0.148,0.444,0.444,0.332,0.324,0.305,8,27,89.8,10.6,2484,90,89.92,17,59,68,-0.09999999999999432,6.24,117,149,117,150,292,322,292,"-0.221","0.221","67.4","7.0","1.198819127",29,18,4,4,0,0,9,31,2,6.9,2.38339,0.45712,0.62354,-0.09913,"91.2",163,44.44444444444444,5.555555555555555,3.4482758620689653,4.08,-3.87,-0.28,2.56,0.345,1,"0.174015748",0.353,0.414,"-0.174015748",-0.009,-0.008000000000000007,0.03,0.008,28.8,"1.8",3.185265508242092,8.26060669110996,29.822387456942373,0.4745762711864407,37.75272286492813,22.346233038945822
124,801434,"Gervase, Paul",124,100,0.241,0,0.333,0.241,0.286,0.306,0.238,7,29,86.4,10.8,2270,88.5,90.96,14,50,74,2.5,7.68,109,150,123,148,299,316,293,"1.94","-1.94","70.7","7.4","2.83800816",34,21,7,0,0,0,8,23.5,5,14.7,2.36008,0.56258,0.0596,-0.03702,"91.8",147,42.857142857142854,4.761904761904762,2.941176470588235,5.48,-2.3,0.14,2.25,0.353,1,"-1.564516129",0.35,0.313,"1.564516129",0.003,0.0030000000000000027,-0.072,-0.02,28,"28.1",8.62892779238225,0.56457241095646,30.079376997236384,0.6041666666666666,36.13583797880608,30.906622540376894
122,623465,"Phillips, Evan",122,100,0.286,0.464,0.267,0.75,0.441,0.389,0.249,8,28,92.5,24.7,2451,92.4,92.43,16,55,67,0,6.34,115,150,117,151,289,315,294,"-3.819","3.819","69.9","7.1","3.647637908",29,19,3,1,0,4,9,31,1,3.4,2.04861,0.65123,-0.03091,-0.20942,"92.4",202,42.10526315789473,26.31578947368421,17.24137931034483,5.47,-3.02,-0.13,2.32,0.31,5,"3.130327869",0.275,0.655,"-3.130327869",0.037,0.034999999999999976,0.095,0.052,29.1,"26.2",6.842127216919128,3.7124875012819256,32.3579704284794,0.5185185185185185,37.04056328435537,25.14515819969557
122,687239,"Peoples, Ben",122,100,0.226,0.194,0.2,0.419,0.289,0.317,0.254,7,31,83.9,16.6,2365,93.3,93.98,17,65,57,0.7000000000000028,6.57,111,149,118,151,305,333,302,"1.348","-1.348","71.6","7.4","2.911136514",32,27,5,0,0,2,4,12.5,0,0,1.78861,0.83254,-0.00738,-0.0818,"90.7",179,29.629629629629626,11.11111111111111,9.375,5.98,-0.94,0.24,2.43,0.25,3,"-1.104918033",0.277,0.462,"1.104918033",-0.028,-0.027000000000000024,-0.043,-0.028,26.2,"48.1",9.130464666178762,-0.07862379833537253,31.66105165509267,0.484375,36.8365559925666,29.592502442248218
122,672021,"Cerantola, Eric",122,100,0.235,0.353,0.25,0.588,0.484,0.402,0.181,4,17,89.6,8.9,2275,89.4,90,15,37,85,0.5999999999999943,6.64,117,145,118,149,292,325,296,"-4.46","4.46","66.9","7.5","2.648865504",28,10,2,0,0,2,7,25,11,39.3,2.2409,0.63843,0.18655,-0.09866,"91.4",158,60,20,7.142857142857142,6.43,-1.4,0.01,2.4,0.536,2,"3.655737705",0.503,0.315,"-3.655737705",0.054,0.03300000000000003,0.273,0.082,40.5,"43.0",14.608100328565168,-13.042170868294109,31.618037080577285,0.35135135135135137,35.48907441342123,37.09474659375752
121,547184,"Kelly, Michael",121,100,0.462,0.308,0.579,0.769,0.556,0.435,0.349,12,26,88.3,18.8,2571,89.3,88.51,13,54,67,-0.7999999999999972,5.76,111,145,115,145,303,327,295,"-5.81","5.81","67.7","7.1","1.489179436",32,20,8,1,2,1,6,18.8,6,18.8,2.39554,0.48636,-0.3,-0.19504,"92.2",174,45,15,9.375,5.88,-1.94,0.1,2.13,0.563,3,"4.801652893",0.471,0.522,"-4.801652893",0.113,0.09199999999999997,0.247,0.121,24.1,"29.1",6.088199940208222,4.0494830891762525,34.18204349118,0.45098039215686275,36.336293449447695,26.668170865144763
120,682982,"Espino, Daniel",120,100,0.217,0.174,0.4,0.391,0.324,0.279,0.203,5,23,86.6,20.1,2425,94.5,95.06,23,53,67,0.5999999999999943,6.71,112,151,113,150,286,320,303,"0.06","-0.06","70.9","7.0","1.857742937",27,11,3,1,0,1,12,44.4,4,14.8,1.77475,0.84783,0.20167,-0.073,"90.8",198,45.45454545454545,9.090909090909092,3.7037037037037033,5.88,-1.56,0.12,2.59,0.333,1,"-0.05",0.321,0.278,"0.05",0.014,0.01200000000000001,0.113,0.045,43.4,"42.5",7.931653837405558,2.5479207273591293,28.210500634231632,0.5283018867924528,36.68890286168556,29.10825875421565
120,690155,"Pushard, Matt",120,100,0.24,0.04,0.3,0.28,0.298,0.347,0.278,6,25,89.2,13.2,2267,90.2,90.43,8,50,70,0.20000000000000284,6.45,105,140,112,142,300,319,296,"-0.475","0.475","69.0","7.0","2.151386385",32,20,5,1,0,0,6,18.8,4,12.5,2.09775,0.7315,0.14725,-0.13475,"92.0",160,50,0,0,6.18,-1.58,0.21,2.39,0.355,0,"0.395833333",0.386,0.39,"-0.395833333",-0.038,-0.031000000000000028,-0.11,-0.049,16,"40.9",6.241698171920497,2.6149000100486326,31.22609139662505,0.5,36.86908461372214,27.729583235383462
118,702303,"Martin, Riley",118,100,0.179,0.107,0.235,0.286,0.248,0.25,0.169,5,28,87.7,25.4,2458,91.1,89.9,12,59,59,-1.1999999999999886,5.74,108,151,120,151,300,327,299,"0.977","-0.977","71.6","6.9","1.824390921",32,19,4,0,0,1,10,31.3,3,9.4,2.19822,0.58322,0.0978,-0.08864,"91.9",164,42.10526315789473,5.263157894736842,3.125,6.05,2.33,-0.29,2.24,0.258,1,"-0.827966102",0.249,0.312,"0.827966102",0.01,0.009000000000000008,-0.026,-0.002,20.3,"50.2",5.2462375787663795,4.8615858432468855,32.011707432041945,0.5964912280701754,37.46058926738807,25.595487372615686
117,641585,"France, J.P.",117,100,0.24,0.16,0.25,0.4,0.357,0.42,0.293,6,25,89.9,17.5,2465,84.9,84.63,8,53,64,-0.30000000000001137,6.28,105,142,112,146,293,323,292,"-1.635","1.635","71.6","7.5","2.316988383",31,21,4,1,0,1,4,12.9,5,16.1,3.06128,0.18128,-0.08293,-0.09517,"92.9",138,42.857142857142854,14.285714285714285,9.67741935483871,5.42,-1.59,0.09,2.2,0.387,3,"1.397435897",0.43,0.534,"-1.397435897",-0.053,-0.04299999999999998,-0.134,-0.063,15.1,"41.1",13.233466726920806,-6.278341469093314,31.229409853599165,0.5192307692307693,36.0659670788523,34.68961870668034
117,691945,"Baumler, Carter",117,100,0.2,0.2,0.231,0.4,0.37,0.359,0.206,4,20,91.8,20.9,2386,89.1,89.27,15,50,67,0.20000000000000284,6.6,111,148,114,149,300,327,302,"-2.755","2.755","69.2","7.4","5.922100515",27,14,2,1,0,1,6,22.2,6,22.2,2.77718,0.14256,0.04786,0.00496,"92.2",156,50,7.142857142857142,3.7037037037037033,5.57,-1.61,0.03,2.39,0.407,1,"2.354700855",0.412,0.353,"-2.354700855",-0.006,-0.0050000000000000044,0.047,0.011,30,"41.5",10.703386456446612,-2.910154794962894,31.888002348001994,0.4489795918367347,36.84703481042943,32.47376612125761
116,702566,"Murphy, Owen",116,100,0.231,0.154,0.263,0.385,0.31,0.353,0.28,6,26,94.1,23,2248,89.9,90.03,12,70,46,0.09999999999999432,6.32,117,148,121,151,308,323,304,"-0.112","0.112","71.1","7.2","2.803941996",29,20,4,1,0,1,6,20.7,2,6.9,1.92509,0.91414,0.40483,-0.08362,"92.5",186,55.00000000000001,10,6.896551724137931,5.49,-1.84,0.16,2.46,0.31,2,"0.096551724",0.355,0.451,"-0.096551724",-0.049,-0.044999999999999984,-0.066,-0.043,17.1,"42.5",8.402099085271482,0.7995330803312117,30.719405028396757,0.463768115942029,35.76993128955543,29.816546725381098
115,696522,"Juenger, Hayden",115,100,0.261,0.087,0.261,0.348,0.307,0.41,0.303,6,23,89.7,28.7,2349,90.9,90.6,7,50,65,-0.30000000000001137,5.98,109,147,115,146,300,324,294,"-0.045","0.045","69.7","7.0","1.563351582",29,23,4,2,0,0,2,6.9,3,10.3,1.87583,0.88078,0.54209,-0.20591,"91.6",203,39.130434782608695,13.043478260869565,10.344827586206897,5.37,-1.2,0.15,2.52,0.345,3,"0.039130435",0.386,0.589,"-0.039130435",-0.042,-0.041000000000000036,-0.241,-0.103,14,"38.2",6.905239184449884,4.12194964156678,31.5689970367556,0.5102040816326531,38.950371249017046,26.10297217895979
115,670183,"Acton, Garrett",119,96.6,0.174,0.087,0.267,0.261,0.238,0.251,0.191,4,23,95.6,20.9,2488,90.5,89.94,17,48,67,-0.5999999999999943,6,110,148,122,148,294,322,283,"0.567","-0.567","70.3","7.3","1.679059103",28,15,2,2,0,0,9,32.1,3,10.7,1.7333,1.07148,0.1427,-0.05557,"94.0",194,40,6.666666666666667,3.571428571428571,6.02,-1.98,0.15,2.36,0.286,1,"-0.493043478",0.303,0.268,"0.493043478",-0.017,-0.017000000000000015,-0.007,-0.013,35.4,"43.8",11.570384481639367,-0.3581395001357466,32.520813168030266,0.6875,36.44611751887774,30.474400379620203
113,680723,"Rom, Drew",113,100,0.261,0.174,0.455,0.435,0.357,0.29,0.183,6,23,94.1,19.1,2272,90.7,90.49,18,46,67,-0.20000000000000284,5.91,113,150,124,150,299,328,302,"-1.246","1.246","70.5","6.6","0.981755128",27,12,4,1,0,1,11,40.7,4,14.8,1.86531,0.89628,0.32398,-0.03319,"92.0",199,50,16.666666666666664,7.4074074074074066,5.71,1,-0.34,2.29,0.37,2,"1.102654867",0.304,0.337,"-1.102654867",0.078,0.066,0.098,0.067,39.1,"46.7",3.650807712589106,14.095013742216727,32.01364851468813,0.45161290322580644,38.01009932537083,21.290136325230467
113,656986,"Sousa, Bennett",113,100,0.261,0.043,0.353,0.304,0.328,0.351,0.249,6,23,85.1,27.5,2253,87.9,87.94,16,52,61,0,6.38,115,150,116,151,291,326,294,"-0.156","0.156","72.1","7.9","5.378475024",28,17,5,1,0,0,6,21.4,5,17.9,2.62469,0.35757,-0.13159,0.03956,"91.5",173,29.411764705882355,11.76470588235294,7.142857142857142,6.41,0.82,-0.17,1.93,0.393,2,"0.138053097",0.383,0.395,"-0.138053097",0.012,0.010000000000000009,-0.091,-0.023,30.8,"58.2",14.633444405449707,-11.696197152521297,34.19190017183748,0.5098039215686274,35.502448733969004,36.99053662533175
112,682610,"Muñoz, Roddery",113,99.1,0.368,0.579,0.4,0.947,0.584,0.44,0.291,7,19,95.5,19.5,2399,90.4,89.77,20,46,66,-0.6000000000000085,6.07,109,150,125,148,293,326,296,"-6.71","6.71","69.2","7.5","4.397907385",25,13,2,2,0,3,6,24,6,24,2.50161,0.32241,0.17107,0.03589,"94.8",203,76.92307692307693,15.384615384615385,8,5.75,-1.66,0.51,2.08,0.52,2,"5.991071429",0.461,0.556,"-5.991071429",0.077,0.059,0.391,0.144,43.5,"37.4",15.032082231618856,-7.359655381479827,33.459483834248715,0.4,36.303176246451024,32.68694547461838
111,656686,"Martin, Corbin",111,100,0.25,0.3,0.214,0.55,0.41,0.396,0.248,5,20,93.3,23,2508,91.3,91.3,18,53,58,0,6.39,112,151,117,152,300,328,300,"-2.163","2.163","70.9","7.4","3.608172137",25,16,3,0,0,2,4,16,5,20,2.19523,0.56604,0.10518,-0.06609,"92.6",167,56.25,12.5,8,5.78,-1.24,0.07,2.45,0.4,2,"1.948648649",0.399,0.509,"-1.948648649",0.002,0.0010000000000000009,0.041,0.014,34,"42.8",9.59753937455645,-1.6451514227945014,31.718546533248368,0.5961538461538461,37.724875180130915,30.181545163974935
111,664192,"Lucchesi, Joey",112,99.1,0.412,0.235,0.5,0.647,0.528,0.441,0.286,7,17,95.2,3.5,2122,87.3,86.92,7,41,70,-0.3999999999999915,6.19,106,143,114,144,298,328,297,"-3.864","3.864","65.0","6.4","6.94036892",24,13,5,1,0,1,4,16.7,6,25,2.51721,0.54739,0.64667,-0.03622,"92.1",120,69.23076923076923,15.384615384615385,8.333333333333332,5.95,2.42,0.21,2.22,0.583,2,"3.481081081",0.495,0.491,"-3.481081081",0.126,0.08799999999999997,0.156,0.087,17.1,"45.2",1.3535746784445974,13.124250413148074,32.83666882241088,0.36585365853658536,35.63340047330261,24.32180303155725
109,702153,"Fitzpatrick, Brian",109,100,0.259,0.037,0.318,0.296,0.29,0.257,0.212,7,27,80.8,8.8,2187,87.6,87.91,13,56,53,0.30000000000001137,6.49,113,148,119,147,299,320,296,"0.061","-0.061","70.3","7.5","1.878505356",30,22,6,1,0,0,5,16.7,3,10,2.42761,0.59131,0.8089,-0.4744,"90.2",124,22.727272727272727,4.545454545454546,3.3333333333333335,5.89,1.06,-0.1,2.31,0.333,1,"-0.055963303",0.291,0.265,"0.055963303",0.047,0.04200000000000004,0.031,0.033,23.2,"32.5",10.765992706845454,-6.032363982210693,31.058615530024493,0.625,36.65141046484176,34.136213924721126
106,686475,"Tolbert, Tyler",106,100,0.586,0.448,0.52,1.034,0.694,0.583,0.501,17,29,91.2,8.4,1183,46.6,44.78,1,36,70,-1.8000000000000043,4.31,123,150,134,150,302,326,298,"-10.988","10.988","71.8","7.2","0.454481256",33,29,12,1,0,4,0,0,3,9.1,9.66255,1.20113,0.07113,-0.04943,"94.2",188,44.827586206896555,13.793103448275861,12.121212121212121,6.96,-1.73,-0.26,3.09,0.636,4,"10.366037736",0.562,0.827,"-10.366037736",0.085,0.07399999999999995,0.207,0.111,2.8,"53.0",14.632712544275494,0.049415258498986925,26.78664220920215,0.5483870967741935,36.590974145264404,33.88062129451951
104,692030,"Corniell, Jose",108,96.3,0.478,0.565,0.529,1.043,0.643,0.365,0.273,11,23,88.2,24.4,1993,88.1,89.31,14,52,52,1.2000000000000028,7.02,107,147,106,146,298,317,300,"-7.428","7.428","68.6","6.9","3.004140264",28,20,3,5,1,2,4,14.3,4,14.3,2.33308,0.63538,0.53019,-0.28365,"93.0",189,45,10,7.142857142857142,5.34,-1.69,-0.05,2.49,0.556,2,"7.142307692",0.381,0.487,"-7.142307692",0.205,0.17500000000000004,0.556,0.278,26.9,"31.6",11.81723309699243,-7.181694446023251,27.557158417966114,0.5384615384615384,35.33287662312014,33.64146928715326
103,666126,"Cortes, Carlos",103,100,0.393,0.393,0.333,0.786,0.529,0.419,0.311,11,28,86.6,14.9,1592,70.9,69.54,3,45,58,-1.4000000000000057,5.12,117,151,127,148,298,328,301,"-6.166","6.166","69.3","7.2","0.665498828",33,27,6,2,0,3,1,3,5,15.2,3.62864,1.04718,0.62902,-0.28333,"92.6",178,44,12,9.090909090909092,5.69,3.04,0.18,2.29,0.485,3,"5.986407767",0.422,0.547,"-5.986407767",0.082,0.063,0.239,0.11,6.7,"37.2",10.244248552838373,-1.3432181856604761,31.92735130687302,0.4838709677419355,36.01844946575551,32.81169858582053
100,669298,"Shook, TJ",101,99,0.385,0.5,0.412,0.885,0.538,0.362,0.293,10,26,92.9,13.6,2093,87.9,88.89,12,51,49,1,6.66,111,149,114,148,297,327,298,"-6.39","6.39","68.8","7.1","1.203768195",27,20,3,4,0,3,6,22.2,1,3.7,2.279,0.6703,0.3349,-0.3875,"93.3",199,50,10,7.4074074074074066,5.57,-1.8,0.01,2.35,0.407,2,"6.39",0.319,0.536,"-6.39",0.092,0.08799999999999997,0.349,0.176,23.5,"31.9",5.9628303075685,4.75411506423527,33.446724401978756,0.56,35.97688006216632,25.54002836811902
100,694397,"Raya, Marco",100,100,0.227,0.136,0.235,0.364,0.308,0.341,0.274,5,22,87,10.2,2382,89.8,90.16,11,42,58,0.4000000000000057,6.34,111,147,121,149,288,322,286,"0.507","-0.507","71.7","7.7","3.272161523",25,18,4,0,0,1,4,16,3,12,2.398,0.44541,-0.0393,-0.2037,"92.3",168,27.77777777777778,5.555555555555555,4,5.64,-0.81,0.14,2.14,0.32,1,"-0.507",0.361,0.407,"0.507",-0.047,-0.04099999999999998,-0.043,-0.033,26.2,"43.3",11.996196427090386,-6.722286131185243,34.13729419527211,0.45,38.0363510986125,32.226695862213475
99,605335,"Leibrandt, Brandon",100,99,0.385,0.308,0.364,0.692,0.46,0.437,0.323,10,26,86.1,21.5,2076,83.4,83.47,11,47,52,0.09999999999999432,6.43,109,150,118,149,291,321,292,"-3.643","3.643","67.2","7.0","3.590246678",30,24,6,2,0,2,3,10,3,10,2.56242,0.7504,0.22101,-0.06848,"91.8",179,31.818181818181817,18.181818181818183,13.333333333333334,6.11,1,0,2.15,0.433,4,"3.67979798",0.388,0.694,"-3.67979798",0.062,0.044999999999999984,-0.002,0.023,23.4,"50.8",6.757267699019381,-4.283533657684372,28.649309371461058,0.45454545454545453,38.15377668344553,32.70677496574434
99,676680,"Cosgrove, Tom",99,100,0.25,0.042,0.273,0.292,0.254,0.231,0.207,6,24,82.6,21.6,2746,76.9,76.38,6,46,53,-0.5,5.88,109,150,113,149,305,327,301,"1.682","-1.682","70.1","7.7","2.642456121",28,22,5,1,0,0,4,14.3,2,7.1,3.68434,0.2502,-0.9997,0.19747,"90.8",175,22.727272727272727,0,0,4.71,2.89,0.29,2.48,0.286,0,"-1.698989899",0.256,0.249,"1.698989899",0.043,0.02999999999999997,0.043,0.023,13,"10.8",14.08568090721838,-16.572487655265327,29.504015454557464,0.6444444444444445,35.2224185463117,39.6907716881314
99,605218,"Edwards Jr., Carl",99,100,0.143,0.143,0.222,0.286,0.264,0.258,0.159,3,21,93.6,15.9,2333,88,88.57,22,43,56,0.5999999999999943,6.79,115,151,127,151,299,319,300,"1.08","-1.08","70.4","7.3","1.908459095",25,10,2,0,0,1,11,44,4,16,2.30909,0.69455,-0.10622,-0.14316,"91.6",174,40,10,4,6.44,-2.13,0.15,2.5,0.28,1,"-1.090909091",0.293,0.25,"1.090909091",-0.016,-0.012999999999999956,0.036,0.006,51.2,"54.3",11.216601288620888,-2.6607626743089563,32.12480701518042,0.6046511627906976,36.186918923819505,31.87825912414722
99,676508,"Casparius, Ben",99,100,0.316,0.158,0.357,0.474,0.403,0.385,0.281,6,19,88.8,20,2758,90.6,89.99,14,40,59,-0.5999999999999943,5.91,100,149,123,150,294,314,293,"-2.358","2.358","70.4","7.5","1.458227676",23,15,5,0,0,1,4,17.4,4,17.4,2.21848,0.59929,-0.30296,-0.01684,"91.2",168,26.666666666666668,13.333333333333334,8.695652173913043,6.16,-0.79,0.44,2.44,0.435,2,"2.381818182",0.406,0.466,"-2.381818182",0.035,0.02899999999999997,0.008,0.018,35,"49.2",13.128236063403289,-3.0611182222241577,31.802152116327516,0.7567567567567568,36.739127170590194,30.880074437331555
98,694795,"Ekness, Josh",98,100,0.118,0,0.167,0.118,0.239,0.361,0.257,2,17,90.8,10.8,2563,92.6,93.12,9,38,60,0.5,6.8,108,150,119,148,298,323,295,"1.489","-1.489","68.9","6.9","2.786085506",22,12,2,0,0,0,5,22.7,5,22.7,1.96847,0.74061,0.0802,0.04918,"91.6",160,50,8.333333333333332,4.545454545454546,5.07,-3.29,0.34,2.28,0.318,1,"-1.519387755",0.426,0.361,"1.519387755",-0.139,-0.10799999999999998,-0.243,-0.122,23.7,"23.6",3.335999877340702,5.627067995706303,31.357054368743263,0.35135135135135137,36.69708158084231,24.13482805052136
96,670090,"Mills, Wyatt",98,98,0.188,0,0.25,0.188,0.33,0.365,0.222,3,16,91.6,11.7,2180,86.6,87.29,12,38,58,0.7000000000000028,6.85,108,149,120,145,301,316,292,"-0.611","0.611","71.9","7.0","0.844245038",24,12,3,0,0,0,4,16.7,7,29.2,2.68719,0.39,0.43635,0.19531,"91.9",160,33.33333333333333,0,0,3.51,-3.97,0.17,2.54,0.458,0,"0.636458333",0.481,0.281,"-0.636458333",-0.034,-0.022999999999999965,-0.093,-0.035,31.6,"-4.1",5.850180762332973,2.1686022506589255,31.145424995428012,0.3783783783783784,35.71728564149014,29.532138832461886
96,685112,"McCambley, Zach",99,97,0.316,0.053,0.4,0.368,0.384,0.458,0.379,6,19,89.4,4.7,2657,89.3,89.13,10,41,55,-0.20000000000000284,6.16,102,148,116,148,297,319,294,"-1.616","1.616","69.1","7.5","3.79949935",25,15,5,1,0,0,4,16,5,20,2.56979,0.30167,-0.435,-0.1775,"92.9",154,40,6.666666666666667,4,5.63,-1.16,0.08,2.06,0.48,1,"1.683333333",0.528,0.53,"-1.683333333",-0.063,-0.04800000000000004,-0.162,-0.074,24.4,"31.9",7.577532527551618,-2.744210760309842,33.085317916310345,0.5121951219512195,37.63746312581771,29.562936932113598
96,675540,"Curry, Xzavion",96,100,0.217,0.217,0.222,0.435,0.309,0.237,0.181,5,23,89.7,30.7,2232,84.9,84.3,9,44,52,-0.6000000000000085,5.9,112,152,126,150,300,322,286,"0.758","-0.758","74.1","7.4","1.904711783",25,19,2,2,0,1,4,16,2,8,2.54823,0.66667,-0.01667,-0.22729,"91.3",175,36.84210526315789,5.263157894736842,4,6.14,-1.68,0.24,2.36,0.28,1,"-0.789583333",0.247,0.278,"0.789583333",0.036,0.03300000000000003,0.157,0.072,20.5,"56.7",10.122643436891185,-2.2281495204570403,29.80630940770735,0.5909090909090909,38.97099520586941,31.786978449408757
94,656457,"Gilbert, Tyler",95,98.9,0.389,0.5,0.385,0.889,0.565,0.497,0.343,7,18,93.4,9.5,2230,85.9,85.69,7,42,52,-0.20000000000000284,6.17,110,147,118,146,293,321,300,"-4.16","4.16","70.2","7.4","5.15717882",22,15,2,3,0,2,3,13.6,4,18.2,2.80394,0.32085,0.24468,-0.15085,"94.1",157,46.666666666666664,20,13.636363636363635,4.86,3.75,-0.22,2.02,0.5,3,"4.425531915",0.462,0.729,"-4.425531915",0.046,0.03799999999999998,0.16,0.068,16.7,"12.1",7.7224149928975425,-3.7864528499261976,32.96884000079114,0.4878048780487805,36.27057959032058,31.904948698154737
94,605154,"Brebbia, John",94,100,0.333,0.333,0.294,0.667,0.424,0.414,0.317,7,21,89.5,22.2,2391,87.4,88.67,9,53,41,1.2999999999999972,6.6,114,145,125,150,303,333,303,"-2.517","2.517","71.4","7.3","0.833905283",21,19,4,1,0,2,2,9.5,0,0,2.19596,0.75883,-0.00819,-0.12543,"93.0",218,42.10526315789473,10.526315789473683,9.523809523809524,5.73,-1.98,-0.29,2.38,0.333,2,"2.677659574",0.317,0.673,"-2.677659574",0.016,0.016000000000000014,-0.006,0.01,17,"39.4",10.123811146758202,-3.216318952170388,30.306523003041242,0.4423076923076923,37.25881232981841,32.69932877400924
94,672629,"Carrillo, Gerardo",98,95.9,0.238,0.048,0.333,0.286,0.288,0.252,0.205,5,21,78.8,1.5,2048,92,92.62,10,44,50,0.5999999999999943,6.57,116,146,118,151,296,315,286,"1.146","-1.146","67.5","7.4","7.259168532",25,15,4,1,0,0,6,24,4,16,2.2466,0.46479,0.45707,-0.26467,"89.8",129,13.333333333333334,0,0,5.35,-2.62,-0.18,2.29,0.36,0,"-1.219148936",0.333,0.224,"1.219148936",0.033,0.02699999999999997,0.062,0.036,22.7,"34.5",13.504711533740878,-7.217038520552759,32.258613125935476,0.36363636363636365,38.00585889579717,34.70728418126808
94,678868,"Yean, Eddy",94,100,0.148,0.185,0.136,0.333,0.236,0.267,0.222,4,27,87.6,16.3,2252,94,94.71,5,45,49,0.7000000000000028,6.46,112,147,116,151,304,330,305,"1.929","-1.929","70.4","7.1","0.888096492",29,23,1,2,0,1,4,13.8,2,6.9,2.16936,0.40138,0.80851,-0.3483,"91.2",162,30.434782608695656,4.3478260869565215,3.4482758620689653,5.53,-1.64,-0.02,2.26,0.207,1,"-2.05212766",0.276,0.324,"2.05212766",-0.074,-0.06900000000000003,0.009,-0.031,11.1,"31.9",7.8635744887047245,-0.3317945579048036,33.800466075523886,0.5555555555555556,37.18784251773975,30.41003150214858
92,641656,"Hamilton, Ian",92,100,0.3,0.1,0.375,0.4,0.355,0.341,0.306,6,20,93,-1,1771,89.7,88.68,12,42,50,-1,5.66,105,143,117,143,306,322,300,"-1.793","1.793","70.7","7.4","4.461636808",23,16,4,2,0,0,4,17.4,3,13,2.26261,0.58489,0.38411,0.091,"94.1",154,50,0,0,5.82,-2.52,-0.09,2.3,0.391,0,"1.948913043",0.396,0.355,"-1.948913043",-0.006,-0.0050000000000000044,0.045,0.014,28.6,"37.5",9.350246583616126,-4.400728909656463,32.90059821746164,0.38461538461538464,35.694964527439076,33.25323848100336
92,690990,"Horton, Cade",92,100,0.167,0.125,0.158,0.292,0.235,0.283,0.249,4,24,85.8,4.2,2404,91.6,91.11,10,43,49,-0.5,6.34,116,149,112,153,296,322,302,"2.062","-2.062","69.7","7.2","2.575746573",26,20,3,0,0,1,4,15.4,2,7.7,1.90793,0.86598,0.12989,-0.14411,"91.9",99,36.84210526315789,5.263157894736842,3.8461538461538463,5.92,-2.04,-0.1,2.06,0.231,1,"-2.241304348",0.309,0.321,"2.241304348",-0.082,-0.07799999999999999,-0.029,-0.048,23.3,"52.8",5.315115411889659,-0.49577991538295596,33.66311765064804,0.4186046511627907,37.59216331796011,27.87464684263902
91,693313,"Seymour, Carson",91,100,0.478,0.217,0.5,0.696,0.523,0.478,0.415,11,23,89.6,16.8,2215,92.4,93.11,5,39,52,0.6999999999999886,6.57,105,146,118,147,300,322,302,"-4.512","4.512","69.9","6.9","2.292532365",25,21,8,2,0,1,2,8,2,8,2.35099,0.31484,0.54791,0.20484,"92.5",154,47.61904761904761,9.523809523809524,8,5.9,-2.44,-0.03,2.5,0.52,2,"4.958241758",0.461,0.662,"-4.958241758",0.063,0.059,0.034,0.045,12.8,"39.2",8.197291626173024,1.917870794423174,31.918301445586682,0.5526315789473685,34.79328161519184,29.106161533950168
90,689017,"Knack, Landon",90,100,0.3,0.65,0.154,0.95,0.518,0.425,0.255,6,20,93.7,13.2,2317,88,87.56,9,44,46,-0.4000000000000057,5.89,118,150,123,152,291,316,293,"-3.327","3.327","70.1","7.2","1.255825434",24,17,1,1,0,4,4,16.7,2,8.3,2.22544,0.73344,0.22089,-0.18444,"92.9",191,58.82352941176471,23.52941176470588,16.666666666666664,5.99,-1.13,-0.08,2.65,0.375,4,"3.696666667",0.353,0.653,"-3.696666667",0.045,0.02200000000000002,0.297,0.093,20.5,"56.4",8.372926702979992,-0.34934997271020674,29.101164492208305,0.6136363636363636,35.36291245637624,28.906452011581806
88,683627,"Molina, Anthony",88,100,0.3,0.15,0.294,0.45,0.342,0.359,0.297,6,20,81.7,0.6,2110,90.2,90.63,7,41,47,0.3999999999999915,6.28,108,146,119,149,302,328,303,"-0.431","0.431","69.0","7.3","3.46223964",21,18,5,0,0,1,2,9.5,1,4.8,2.13261,0.67483,0.39205,-0.18636,"90.8",137,33.33333333333333,5.555555555555555,4.761904761904762,6.16,-1.93,-0.15,2.17,0.333,1,"0.489772727",0.33,0.503,"-0.489772727",0.003,0.0030000000000000027,-0.053,-0.017,17.1,"47.9",9.410300736126587,-1.7360085028068688,34.98442760168686,0.45,35.53689976683997,30.4721108874087
87,664954,"Sullivan, Brett",87,100,0.357,0.25,0.333,0.607,0.417,0.38,0.331,10,28,90.1,14.4,1533,61.5,59.14,0,40,47,-2.3999999999999986,3.98,117,151,126,150,312,339,315,"-1.511","1.511","70.7","6.9",,31,28,5,4,0,1,1,3.2,2,6.5,5.01977,1.24943,0.41609,0.04299,"92.2",179,40.74074074074074,7.4074074074074066,6.451612903225806,6.55,-2.03,0.05,2.56,0.387,2,"1.736781609",0.367,0.522,"-1.736781609",0.026,0.020000000000000018,0.085,0.037,0,"36.5",9.051633164754266,-0.7821111290363876,30.40463210192178,0.5897435897435898,35.305709709144004,31.483413515690586
87,814305,"Tur, Yunior",87,100,0.6,0.65,0.643,1.25,0.765,0.618,0.442,12,20,90.8,25.6,1690,91,92.62,18,44,43,1.5999999999999943,7.25,107,147,119,145,302,327,292,"-9.29","9.29","70.3","7.3","2.61778187",24,17,6,2,1,3,3,12.5,4,16.7,2.02609,0.73943,0.16791,-0.13698,"93.4",234,41.17647058823529,29.411764705882355,20.833333333333336,5.98,-0.4,0.08,2.11,0.667,5,"10.67816092",0.535,1.004,"-10.67816092",0.158,0.132,0.246,0.147,40.9,"55.5",11.136491407017491,-3.4742282687929045,33.34607726256606,0.5909090909090909,35.37619906269584,33.42525203226841
87,689690,"Jacob, Alek",87,100,0.25,0.2,0.308,0.45,0.352,0.272,0.179,5,20,85.6,22.1,2229,80,81.04,17,45,42,1,7.27,119,149,126,152,298,324,300,"-0.066","0.066","70.6","7.4","4.164001107",23,14,3,1,0,1,6,26.1,2,8.7,3.04092,0.61276,1.4377,-0.47034,"90.7",154,35.714285714285715,7.142857142857142,4.3478260869565215,3.82,-2.89,0.1,2.47,0.348,1,"0.075862069",0.286,0.305,"-0.075862069",0.071,0.062,0.145,0.08,37.8,"-2.6",12.856579625859837,-7.458557838402578,30.08303647923966,0.3953488372093023,38.3617626820102,36.82627280065229
86,666619,"Santos, Gregory",86,100,0.263,0.211,0.278,0.474,0.363,0.376,0.327,5,19,91.6,1.7,2412,92.8,93.64,3,37,49,0.7999999999999972,6.66,112,150,121,149,288,317,296,"-1.277","1.277","72.9","7.4","0.288722292",22,18,2,2,1,0,1,4.5,3,13.6,2.26035,0.39471,0.08059,0.12624,"93.1",124,55.55555555555556,0,0,5.73,-1.66,-0.14,2.17,0.364,0,"1.484883721",0.418,0.428,"-1.484883721",-0.064,-0.05399999999999999,0.046,-0.013,8.1,"28.9",7.879618690144223,1.5553160624892515,33.08894536631707,0.45714285714285713,35.37141147080956,27.295814345019625
86,702281,"Snelling, Robby",86,100,0.278,0.222,0.267,0.5,0.398,0.371,0.261,5,18,82.5,0.7,2350,89.2,89.05,12,42,44,-0.10000000000000853,6.37,111,152,115,148,312,322,296,"-2.149","2.149","69.7","7.2","5.954228708",22,16,3,1,0,1,2,9.1,4,18.2,2.48233,0.43047,0.14576,-0.17894,"91.9",141,43.75,6.25,4.545454545454546,5.56,2.96,-0.02,2.02,0.409,1,"2.498837209",0.395,0.445,"-2.498837209",0.017,0.013999999999999957,0.055,0.027,28.6,"39.4",9.949360837852698,-2.252461848197221,35.163735317058936,0.525,36.75160497392642,32.1425165573343
86,808970,"Go, Woo-Suk",86,100,0.4,0.45,0.462,0.85,0.542,0.386,0.28,8,20,94.9,9.7,2225,90.5,90.7,11,44,42,0.20000000000000284,6.28,118,148,121,150,293,329,299,"-3.487","3.487","70.3","7.1","1.676454473",22,15,3,3,0,2,5,22.7,2,9.1,2.27163,0.51919,0.16289,-0.19711,"93.0",179,53.333333333333336,20,13.636363636363635,5.19,-1.46,0.18,2.42,0.455,3,"4.054651163",0.345,0.559,"-4.054651163",0.12,0.11000000000000004,0.291,0.156,25,"38.5",9.594635312833086,-2.425529821070217,33.16661057498591,0.45454545454545453,34.95854578706959,31.419683255956798
83,699008,"Kelly, Antwone",83,100,0.333,0.444,0.267,0.778,0.489,0.4,0.355,6,18,88.3,10.9,2174,93.9,94.41,5,46,37,0.5,6.42,118,148,120,150,305,323,299,"-2.325","2.325","70.5","7.0","2.607412241",20,17,2,2,0,2,1,5,2,10,1.81494,0.78651,0.18289,-0.20747,"90.8",172,35.294117647058826,5.88235294117647,5,5.65,-1.97,0.22,2.4,0.4,1,"2.801204819",0.419,0.494,"-2.801204819",-0.022,-0.01899999999999996,0.284,0.089,10.9,"37.8",4.482172423332358,2.970244890982944,30.057718183174202,0.43478260869565216,35.157448179461284,27.66670571789825
82,689149,"Dallas, Chad",82,100,0.188,0.063,0.214,0.25,0.233,0.211,0.149,3,16,91.2,28.9,2591,87.6,87.89,10,35,47,0.30000000000001137,6.34,112,147,112,148,300,318,294,"1.707","-1.707","65.1","7.3","7.907855835",19,14,2,1,0,0,3,15.8,2,10.5,3.01659,-0.03463,-0.62585,-0.10341,"90.7",169,35.714285714285715,0,0,5.81,-1.63,0.35,2.18,0.263,0,"-2.081707317",0.24,0.182,"2.081707317",0.039,0.02300000000000002,0.068,0.022,28.6,"52.3",8.6889545822604,2.500031897014532,32.38905285843233,0.38235294117647056,36.88873646767288,30.464877448561484
82,676510,"Hoffman, Nolan",82,100,0.375,0,0.375,0.375,0.354,0.341,0.3,6,16,81.5,14.9,2409,90,90.49,8,35,47,0.5,6.5,108,149,120,147,294,321,298,"-0.444","0.444","70.9","7.0","3.503119208",21,16,6,0,0,0,2,9.5,3,14.3,2.3872,0.44272,0.69159,-0.08354,"90.7",137,31.25,0,0,3.88,-2.4,-0.09,2.58,0.429,0,"0.541463415",0.382,0.383,"-0.541463415",0.075,0.046999999999999986,-0.008,0.013,22.9,"0.5",5.64339305580776,0.9663814138235587,33.461849706563406,0.38235294117647056,36.694329121151156,27.473330661809715
82,804619,"Klein, John",82,100,0.214,0.286,0.167,0.5,0.367,0.352,0.183,3,14,82.5,21.2,2112,90,91.01,4,39,43,1,6.82,113,141,114,143,294,314,286,"-0.153","0.153","70.5","7.1","0.406649601",19,13,1,1,0,1,2,10.5,4,21.1,2.11524,0.72012,0.68476,-0.15671,"90.6",153,38.46153846153847,7.6923076923076925,5.263157894736842,5.98,-1.39,0.14,2.22,0.368,1,"0.186585366",0.382,0.291,"-0.186585366",0.031,-0.014000000000000012,0.209,0.015,10.3,"38.6",4.940988513620119,5.380916491536693,34.55949230539872,0.5384615384615384,36.72922594986096,25.782060948370344
81,681806,"Wantz, Andrew",81,100,0.333,0.267,0.308,0.6,0.476,0.463,0.326,5,15,87,19.6,2434,90.6,90.58,6,43,38,0,6.3,109,148,116,147,306,335,300,"-2.495","2.495","71.1","7.2","2.969335143",20,14,3,1,0,1,1,5,3,15,2.03827,0.76198,0.11444,0.04753,"90.4",186,35.714285714285715,7.142857142857142,5,5.88,-1.95,0.23,2.69,0.5,1,"3.080246914",0.495,0.582,"-3.080246914",0.007,0.0050000000000000044,0.018,0.013,14,"36.5",7.225553025556001,0.5440302635042693,30.703725553766446,0.4883720930232558,37.616378425491476,28.569193120322492
80,701121,"VanWey, Logan",80,100,0.25,0,0.313,0.25,0.212,0.239,0.237,5,20,85.4,22.1,2336,89.3,89.76,10,40,40,0.5,6.79,111,145,116,145,295,321,289,"1.96","-1.96","68.8","6.9","1.426242324",22,17,5,0,0,0,5,22.7,0,0,2.15025,0.75538,0.14113,-0.38313,"93.1",169,41.17647058823529,5.88235294117647,4.545454545454546,4.87,-2.57,0.08,2.45,0.238,1,"-2.45",0.226,0.343,"2.45",0.013,0.011999999999999983,-0.093,-0.027,25,"18.5",5.192841406235953,5.447951364175667,30.450912586809267,0.3684210526315789,37.55338192787566,26.434892918136534
80,434378,"Verlander, Justin",80,100,0.353,0.353,0.333,0.706,0.471,0.474,0.365,6,17,93.5,21.6,2374,87.9,87.11,6,39,41,-0.8000000000000114,5.9,114,145,110,146,302,324,297,"-2.243","2.243","70.8","7.8","4.32919097",19,16,3,1,1,1,1,5.3,2,10.5,2.33363,0.66138,0.31825,-0.064,"94.4",172,56.25,12.5,10.526315789473683,7.09,-1.6,0.38,1.81,0.421,2,"2.80375",0.432,0.69,"-2.80375",-0.012,-0.01100000000000001,0.016,-0.003,15.4,"57.1",14.730729756318352,-10.263801973994008,33.5545984696093,0.5128205128205128,35.18719018892098,35.44724606330018
79,676105,"Criswell, Jeff",79,100,0.267,0.4,0.2,0.667,0.442,0.436,0.3,4,15,84.8,15.7,2403,90.9,91.18,10,37,42,0.29999999999999716,5.99,110,150,118,149,303,337,301,"-1.547","1.547","71.8","7.2","1.264857218",18,12,2,0,0,2,3,16.7,3,16.7,2.22709,0.49911,0.3309,-0.09218,"90.5",172,25,16.666666666666664,11.11111111111111,5.57,-2.83,0.32,2.48,0.389,2,"1.958227848",0.417,0.613,"-1.958227848",-0.033,-0.02799999999999997,0.054,0.006,27,"33.6",14.094116428148634,-4.890181472319684,31.337676639740934,0.48,34.12355475476562,33.885965410943044
79,668831,"Stallings, Garrett",79,100,0.063,0,0.091,0.063,0.127,0.215,0.168,1,16,88.6,16.1,1867,85.7,86.48,15,37,42,0.7999999999999972,6.64,118,152,128,150,298,327,300,"2.878","-2.878","69.7","7.8","6.504220159",18,11,1,0,0,0,5,27.8,2,11.1,2.56013,0.55823,0.6738,0.10291,"90.5",146,18.181818181818183,0,0,5.31,-1.58,-0.18,1.74,0.167,0,"-3.643037975",0.26,0.182,"3.643037975",-0.105,-0.093,-0.119,-0.088,40.5,"40.0",17.13990687767372,-14.527712704337379,35.89650717714601,0.4594594594594595,36.90410379135579,38.76630769688482
78,666745,"Brito, Jhony",78,100,0.211,0.211,0.214,0.421,0.289,0.256,0.206,4,19,87.2,20.1,1934,88.8,88.74,13,46,32,-0.09999999999999432,6.33,116,150,120,146,302,326,298,"1.179","-1.179","69.9","7.6","2.236666686",20,15,2,1,0,1,4,20,1,5,2.41782,0.50333,0.55603,0.17628,"91.5",165,33.33333333333333,6.666666666666667,5,6.13,-0.9,0.16,2.05,0.25,1,"-1.511538462",0.246,0.337,"1.511538462",0.005,0.0040000000000000036,0.084,0.033,28.3,"51.1",12.450671915750886,-5.257624135595289,33.47936951575541,0.5609756097560976,37.368282064288074,31.574103711191917
77,699044,"Ullola, Miguel",77,100,0.211,0.316,0.2,0.526,0.328,0.324,0.241,4,19,84.8,28.5,2469,92.8,93.99,11,37,40,1.2000000000000028,7,107,148,117,150,286,321,287,"-2.084","2.084","72.5","7.3","1.921176645",20,12,2,0,0,2,7,35,1,5,1.4026,1.26364,0.16597,-0.02753,"91.2",193,33.33333333333333,16.666666666666664,10,5.7,-1.74,0.15,2.67,0.25,2,"2.706493506",0.279,0.482,"-2.706493506",-0.03,-0.029000000000000026,0.044,0.004,29.7,"46.5",13.01024087420979,-5.177428556764539,27.35983695199272,0.4722222222222222,35.5354931089222,33.60658306526368
77,605483,"Snell, Blake",77,100,0.375,0,0.545,0.375,0.374,0.306,0.268,6,16,80.5,-8.1,2370,89.5,90.3,16,40,37,0.7999999999999972,6.71,108,151,115,149,296,311,293,"-1.631","1.631","64.8","7.5","4.989028394",18,11,6,0,0,0,5,27.8,2,11.1,2.20338,0.67727,0.02558,-0.08117,"90.3",125,18.181818181818183,0,0,6.56,1.98,-0.21,2.36,0.444,0,"2.118181818",0.35,0.314,"-2.118181818",0.107,0.09400000000000003,0.061,0.068,40,"56.6",7.950674466719025,-0.17294257329412377,32.504037274738465,0.38461538461538464,35.172383032573926,30.62799570366671
77,676596,"Fleming, Josh",77,100,0.429,0.214,0.385,0.643,0.478,0.47,0.36,6,14,92.4,9.1,1866,83.2,83.36,5,37,40,0.20000000000000284,6.5,106,141,116,145,283,321,295,"-2.314","2.314","65.7","7.0","4.023858778",18,14,5,0,0,1,1,5.6,2,11.1,3.28052,0.0696,0.44013,-0.07078,"93.4",129,64.28571428571429,7.142857142857142,5.555555555555555,5.34,3.17,0.22,2.07,0.5,1,"3.005194805",0.459,0.632,"-3.005194805",0.069,0.04099999999999998,0.011,0.008,13.5,"29.7",12.989726760682752,-7.00387638540439,36.18689362101406,0.45714285714285713,37.021291404520824,32.96149008703188
76,640451,"Harvey, Hunter",76,100,0.294,0.353,0.273,0.647,0.414,0.345,0.216,5,17,93.2,8.6,1819,92.3,92.18,7,35,41,-0.09999999999999432,6.3,115,151,112,153,297,318,300,"-3.203","3.203","69.0","7.2","1.977419198",18,13,3,0,0,2,4,22.2,1,5.6,1.90408,0.80158,0.50118,-0.27987,"92.6",128,38.46153846153847,23.076923076923077,16.666666666666664,5.79,-2.01,-0.05,2,0.333,3,"4.214473684",0.26,0.563,"-4.214473684",0.078,0.07300000000000001,0.084,0.069,20,"43.3",8.127892448704959,2.0462403462172523,32.87507467682663,0.45714285714285713,37.524408547304056,27.946897235717834
75,675919,"Raquet, Nick",75,100,0.214,0.286,0.167,0.5,0.371,0.416,0.328,3,14,88.6,20.8,2290,86,86.3,2,32,43,0.29999999999999716,6.57,109,152,122,148,293,320,293,"-0.906","0.906","68.3","7.4","0.75893751",17,13,1,1,0,1,1,5.9,2,11.8,3.0288,0.0812,-0.36493,-0.00013,"91.4",168,30.76923076923077,7.6923076923076925,5.88235294117647,5.78,1.37,-0.13,1.99,0.353,1,"1.208",0.447,0.498,"-1.208",-0.114,-0.09400000000000003,0.002,-0.045,6.3,"45.7",11.007202430569864,-3.2276167280507684,33.31794388310173,0.65625,36.03777150803275,32.242995618953984
74,621107,"Eflin, Zach",74,100,0.267,0.267,0.429,0.533,0.381,0.307,0.202,4,15,99.1,8.7,2115,86.3,86.49,12,34,40,0.20000000000000284,6.46,115,151,123,149,297,321,299,"-0.041","0.041","72.4","7.4","3.303463569",17,8,2,1,0,1,7,41.2,2,11.8,3.03216,0.07452,0.3026,-0.22534,"93.3",138,75,25,11.76470588235294,5.68,-2.1,0.35,1.83,0.353,2,"0.055405405",0.296,0.404,"-0.055405405",0.065,0.056999999999999995,0.129,0.074,35.3,"28.4",13.518166441373843,-10.254082334485323,33.698634527175535,0.47058823529411764,34.49922084545203,36.39776925097623
73,668820,"Kranick, Max",73,100,0.313,0.25,0.333,0.563,0.424,0.32,0.239,5,16,86.6,22.6,2180,89.7,90.54,11,37,36,0.7999999999999972,6.58,120,147,127,153,305,326,301,"-1.361","1.361","68.9","7.1","3.922866355",19,13,3,1,0,1,3,15.8,3,15.8,2.21356,0.64795,-0.04306,-0.01194,"90.9",185,38.46153846153847,0,0,5.86,-2.26,0.3,2.15,0.421,0,"1.864383562",0.359,0.339,"-1.864383562",0.074,0.062,0.224,0.104,29.7,"43.7",10.557124395831808,-4.165705489093275,33.294052808442956,0.5945945945945946,35.64063709616187,32.04205613582167
72,671345,"Foley, Jason",72,100,0.316,0.316,0.313,0.632,0.413,0.318,0.254,6,19,86.4,3.7,2032,92.8,93.65,5,33,39,0.7999999999999972,6.65,118,151,116,150,291,324,298,"-1.383","1.383","71.2","6.9","1.373250432",20,17,3,1,1,1,2,10,1,5,2.39236,0.26014,0.91347,-0.22764,"92.6",154,29.411764705882355,11.76470588235294,10,5.48,-1.79,-0.29,2.38,0.35,2,"1.920833333",0.291,0.443,"-1.920833333",0.062,0.059,0.189,0.095,15.2,"25.3",5.665613353806615,7.05440872747279,34.652539570126564,0.3333333333333333,36.578822506500785,26.62261202850086
72,669145,"Zimmermann, Bruce",72,100,0.3,0.15,0.333,0.45,0.34,0.261,0.235,6,20,87.2,22.6,2273,86,85.94,3,29,43,-0.09999999999999432,6.1,115,149,105,149,304,316,299,"-0.362","0.362","70.7","7.2","2.287002068",21,18,3,3,0,0,2,9.5,1,4.8,2.785,0.29417,0.48167,-0.00556,"92.0",169,27.77777777777778,0,0,5.93,1.53,0.16,2.47,0.333,0,"0.502777778",0.271,0.324,"-0.502777778",0.065,0.062,0.126,0.079,10.3,"42.1",11.252790446474558,1.0765747664608412,30.016578443114852,0.4642857142857143,37.440238696220426,29.427454966181323
72,624431,"Trevino, Jose",72,100,0.519,0.074,0.538,0.593,0.504,0.436,0.396,14,27,93.3,12.5,855,46.3,44.03,1,36,36,-2.299999999999997,4.08,114,150,122,145,305,317,290,"-5.001","5.001","73.7","7.1","0.237294252",29,26,12,2,0,0,1,3.4,1,3.4,10.86236,1.12681,-0.159,-0.02643,"95.9",173,53.84615384615385,11.538461538461538,10.344827586206897,6.84,-1.98,0.09,2.28,0.552,3,"6.945833333",0.438,0.57,"-6.945833333",0.123,0.11400000000000005,0.023,0.068,2.8,"55.8",17.351666355413265,-12.391771678498023,30.49441918011724,0.4074074074074074,33.798839577811506,39.27819555357955
72,670912,"Oviedo, Johan",72,100,0.4,0.533,0.364,0.933,0.545,0.484,0.338,6,15,92.4,16.5,2292,86.8,87.99,5,37,35,1.2000000000000028,7.16,112,151,119,147,289,324,279,"-3.522","3.522","69.9","7.4","5.880244531",18,13,2,2,0,2,3,16.7,1,5.6,2.60389,0.515,-0.09903,-0.03125,"93.2",173,61.53846153846154,23.076923076923077,16.666666666666664,5.46,-2.86,0.16,2.14,0.444,3,"4.891666667",0.402,0.767,"-4.891666667",0.062,0.04199999999999998,0.166,0.061,13.5,"23.5",11.551857088607907,-13.532584650153604,33.82282718271337,0.5833333333333334,35.1143667532159,35.05519227058167
71,642759,"Fernández, Julian",71,100,0.2,0.2,0.167,0.4,0.29,0.301,0.204,3,15,86.9,25.8,2089,92.5,93.13,8,29,42,0.5999999999999943,6.62,110,147,123,150,307,326,310,"0.416","-0.416","69.1","7.3","2.905258867",18,13,2,0,0,1,3,16.7,2,11.1,1.64972,1.03239,0.191,-0.101,"92.6",193,53.84615384615385,7.6923076923076925,5.555555555555555,6.43,-2,0.04,2.46,0.278,1,"-0.585915493",0.285,0.414,"0.585915493",-0.004,-0.006999999999999951,-0.014,-0.011,27.6,"49.5",7.884049356553794,-4.343442647295024,33.32710267897242,0.5517241379310345,36.00706500609074,33.45867352123064
71,683155,"Estes, Joey",71,100,0.313,0.438,0.333,0.75,0.43,0.263,0.237,5,16,91.8,23.1,2393,88.4,88.85,12,37,34,0.5,6.22,118,147,119,150,292,326,301,"-1.297","1.297",,,,18,13,1,2,1,1,4,22.2,1,5.6,2.21831,0.69437,-0.02,0.02056,"91.3",214,30.76923076923077,7.6923076923076925,5.555555555555555,5.72,-2.99,-0.2,2.82,0.333,1,"1.826760563",0.266,0.351,"-1.826760563",0.076,0.067,0.399,0.167,32.4,"35.2",,,,,,
68,694753,"Curtis, Khristian",68,100,0.133,0,0.182,0.133,0.187,0.327,0.246,2,15,87.5,2.8,2533,90,90.69,8,31,37,0.7000000000000028,6.75,116,147,112,150,293,316,304,"1.903","-1.903","67.2","7.1","1.116162546",17,11,2,0,0,0,4,23.5,2,11.8,2.01044,0.83765,0.24559,-0.26088,"91.0",138,27.27272727272727,9.090909090909092,5.88235294117647,5.9,-1.72,0.05,2.41,0.235,1,"-2.798529412",0.335,0.399,"2.798529412",-0.113,-0.10000000000000003,-0.266,-0.14,25.8,"47.5",8.531830662549458,-0.4267478966821566,30.849861047247888,0.7096774193548387,37.284626837839845,31.00629588990113
65,642048,"Saucedo, Tayler",65,100,0.357,0.357,0.571,0.714,0.471,0.31,0.21,5,14,87.3,5.3,2334,88.2,88.52,13,34,31,0.29999999999999716,6.7,112,150,116,150,305,327,302,"-1.634","1.634","69.1","7.4","3.268852076",15,8,2,2,0,1,6,40,0,0,2.37954,0.59123,0.4573,-0.55825,"91.8",160,50,25,13.333333333333334,5.38,2.07,-0.18,2.07,0.4,2,"2.513846154",0.263,0.456,"-2.513846154",0.147,0.137,0.258,0.161,38.2,"24.6",12.800762854618169,-5.456593065718076,30.46639699897367,0.6060606060606061,39.64762970870526,33.364376111848635
65,699151,"Paez, Jedixson",65,100,0.333,0.5,0.182,0.833,0.497,0.492,0.352,4,12,95.3,23.7,2288,88.1,88.34,5,30,35,0.20000000000000284,6.75,110,146,124,146,300,320,302,"-2.845","2.845","73.1","7.4","7.364512098",16,13,2,0,0,2,0,0,3,18.8,2.24662,0.74662,0.60077,-0.26015,"93.0",193,46.15384615384615,23.076923076923077,18.75,5.71,-3.12,0.1,2.57,0.438,3,"4.376923077",0.453,0.786,"-4.376923077",-0.019,-0.015000000000000013,0.047,0.005,16.7,"39.1",13.27989365266348,-2.723870550513692,29.704366040459036,0.5666666666666667,37.30897757781538,32.401103571457725
64,669169,"Heasley, Jonathan",64,100,0.421,0.421,0.4,0.842,0.534,0.479,0.352,8,19,95.1,16.8,1959,86.3,86.13,3,38,26,-0.20000000000000284,6.31,106,147,122,143,307,333,303,"-2.557","2.557","70.9","7.3","1.115174857",19,17,4,2,0,2,2,10.5,0,0,2.635,0.47032,0.36094,-0.01781,"93.4",193,58.82352941176471,11.76470588235294,10.526315789473683,5.92,-1.34,0.08,2.38,0.421,2,"3.9953125",0.352,0.791,"-3.9953125",0.069,0.069,0.051,0.055,7.9,"52.6",12.497940509388153,-4.092204182763256,32.618202102351276,0.6756756756756757,35.62258298791365,31.363277689122892
63,676130,"Buttó, José",63,100,0.5,0.583,0.8,1.083,0.675,0.494,0.319,6,12,84.2,10.9,2375,90.6,90.35,9,22,41,-0.19999999999998863,6.29,118,150,116,147,292,324,298,"-4.647","4.647","65.8","7.2","3.175398323",16,7,3,1,0,2,5,31.3,4,25,2.05698,0.74968,0.66556,0.12905,"92.2",189,42.857142857142854,14.285714285714285,6.25,5.41,-2.19,-0.09,2.66,0.625,1,"7.376190476",0.489,0.689,"-7.376190476",0.181,0.136,0.394,0.181,40.9,"38.0",8.21001163586257,4.912421266328053,31.15048908781785,0.38095238095238093,37.67277323455224,27.69853672441168
63,543510,"McCann, James",63,100,0.474,0.263,0.421,0.737,0.521,0.627,0.467,9,19,94.9,8,870,38.8,36.69,2,28,35,-2.0999999999999943,4.48,122,146,130,152,303,322,304,"-4.761","4.761","74.3","7.4","0.840473682",23,20,6,2,0,1,0,0,3,13,15.07193,1.87018,0.24286,-0.16464,"97.0",198,42.10526315789473,21.052631578947366,17.391304347826086,6.94,-0.73,-0.61,2.38,0.522,4,"7.557142857",0.521,1.079,"-7.557142857",0.007,0.0010000000000000009,-0.342,-0.106,7.1,"58.9",19.328158279106997,-10.531348579126442,29.167471637096384,0.36363636363636365,35.34284801040795,36.184868258071795
61,665665,"Sanmartin, Reiver",61,100,0.286,0.643,0.143,0.929,0.514,0.455,0.313,4,14,90.5,0.3,2294,88.1,88.63,4,23,38,0.5,6.53,116,152,126,151,305,323,297,"-1.903","1.903","70.7","7.3","0.779374779",15,10,1,0,0,3,4,26.7,1,6.7,2.81426,0.13424,0.86246,-0.63918,"92.6",159,60,30,20,5.19,3.16,-0.03,1.88,0.333,3,"3.119672131",0.359,0.731,"-3.119672131",-0.027,-0.025999999999999968,0.198,0.059,17.4,"21.0",7.489668130081688,-0.36853447703251696,34.10642037708945,0.43478260869565216,37.66909871955325,29.369576623922754
61,678576,"Ramos, Wilkin",61,100,0.455,0.091,0.5,0.545,0.507,0.459,0.388,5,11,89.5,4.1,2110,91.7,93.75,6,23,38,2,7.49,112,147,111,147,297,313,302,"-2.177","2.177","65.2","6.7","4.171307742",15,10,4,1,0,0,1,6.7,4,26.7,2.50393,0.27467,1.08639,-0.25721,"92.7",130,50,0,0,5.41,-2.33,-0.17,2.34,0.6,0,"3.568852459",0.551,0.47,"-3.568852459",0.067,0.04899999999999993,0.075,0.048,26.1,"30.1",2.1602387006555497,10.29839634171664,30.163296211829692,0.30434782608695654,34.85695351791874,21.77654220991604
59,802408,"Mautz, Brycen",59,100,0.333,0.083,0.4,0.417,0.38,0.317,0.249,4,12,90,15.2,2296,88.8,89.05,4,23,36,0.20000000000000284,6.46,103,143,107,142,305,312,285,"-0.695","0.695","68.7","7.0","1.89602064",14,10,3,1,0,0,2,14.3,2,14.3,2.46542,0.47169,0.64695,0.02729,"91.5",217,20,0,0,5.33,3.12,-0.21,2,0.429,0,"1.177966102",0.356,0.339,"-1.177966102",0.084,0.07300000000000001,0.078,0.063,17.4,"24.0",6.350759871444922,2.1368325461281983,32.62165471176108,0.6086956521739131,34.35715678190313,26.95503769322538
59,695049,"Kerry, Brett",59,100,0.2,0.067,0.231,0.267,0.233,0.279,0.257,3,15,84.1,19.3,2142,87.7,88.01,5,28,31,0.29999999999999716,6.54,110,149,118,151,314,332,305,"0.181","-0.181","67.1","7.0","1.697448018",16,13,2,1,0,0,2,12.5,1,6.3,2.06508,0.94508,0.45627,-0.07254,"91.4",141,30.76923076923077,0,0,5.93,-1.61,-0.2,2.55,0.25,0,"-0.306779661",0.304,0.319,"0.306779661",-0.057,-0.05399999999999999,-0.052,-0.046,17.9,"50.2",8.5130924279025,3.9089018652464858,31.693957107872485,0.5,36.581486182777915,28.9619436538799
58,686678,"Solesky, Chase",58,100,0.375,0.313,0.455,0.688,0.466,0.353,0.291,6,16,89.4,10.1,1923,88.9,89.42,2,22,36,0.5,6.78,111,152,122,149,307,339,299,"-2.656","2.656","72.6","7.1","0.1",17,12,3,2,0,1,4,23.5,1,5.9,2.17759,0.74828,0.30155,0.28638,"91.6",156,33.33333333333333,8.333333333333332,5.88235294117647,5.63,-1.18,0.23,1.96,0.412,1,"4.579310345",0.332,0.488,"-4.579310345",0.084,0.07999999999999996,0.2,0.113,9.1,"48.1",6.493256409308388,5.903256425020713,35.23325977765624,0.5454545454545454,35.846831364442245,26.036109152884574
58,681006,"Simpson, Josh",58,100,0.308,0.538,0.25,0.846,0.508,0.428,0.221,4,13,97.1,33.6,2356,87,86.51,6,28,30,-0.5,5.94,111,150,121,148,288,324,291,"-3.127","3.127","70.0","7.7","2.973955493",15,10,1,1,0,2,3,20,2,13.3,2.95897,0.09088,0.02483,-0.24172,"93.5",158,50,20,13.333333333333334,5.09,1.36,-0.21,2.28,0.4,2,"5.39137931",0.325,0.719,"-5.39137931",0.087,0.07500000000000001,0.127,0.08,21.4,"20.7",15.442628877399075,-4.827330812858849,33.83996716588148,0.5,37.37829138227509,36.14053356573346
56,671109,"Eder, Jake",56,100,0.231,0.077,0.231,0.308,0.249,0.459,0.363,3,13,95.3,23.2,2148,91.2,92.1,3,33,23,0.8999999999999915,6.65,113,152,124,149,306,322,295,"1.057","-1.057","69.8","6.9","1.35930038",15,13,2,1,0,0,1,6.7,1,6.7,2.18482,0.61,0.36375,-0.18446,"94.9",216,69.23076923076923,30.76923076923077,26.666666666666668,5.86,1.62,-0.03,2.34,0.267,4,"-1.8875",0.387,0.746,"1.8875",-0.132,-0.12,-0.438,-0.21,9.1,"37.9",7.777216121444452,5.229003373275482,28.23273436203908,0.45454545454545453,37.66644865701057,27.418616461767357
56,676702,"Stratton, Hunter",56,100,0.4,0.067,0.5,0.467,0.38,0.383,0.403,6,15,87,1.7,2528,92.3,93.06,5,30,26,0.7999999999999972,6.51,104,146,121,149,304,325,303,"-0.332","0.332","70.7","7.1","1.441902561",15,12,5,1,0,0,3,20,0,0,2.02714,0.65321,-0.14821,0.12643,"91.6",155,25,0,0,5.88,-2.43,-0.07,2.51,0.4,0,"0.592857143",0.403,0.476,"-0.592857143",-0.003,-0.0030000000000000027,-0.009,-0.003,16.7,"39.7",7.33937334827402,-1.9687270270652073,28.12156987375864,0.43333333333333335,34.2268433803328,31.17934241554611
56,695445,"Lee, Chase",56,100,0.182,0.545,0,0.727,0.458,0.347,0.202,2,11,84.7,1.6,2494,86.3,85.8,3,17,39,-0.5,6.04,112,150,120,152,292,320,285,"-2.856","2.856","68.6","6.8","2.626385289",15,10,0,0,0,2,1,6.7,4,26.7,2.88357,0.21909,0.03679,-0.19214,"91.4",172,30,10,6.666666666666667,3.84,-2.8,-0.19,2.59,0.4,1,"5.1",0.414,0.307,"-5.1",-0.02,-0.013999999999999957,0.42,0.111,17.6,"-3.1",2.6449898998659553,10.394339883838942,30.672203047434778,0.5294117647058824,38.265014671795235,21.750662181322674
53,682997,"Callihan, Tyler",53,100,0.25,0,0.273,0.25,0.317,0.38,0.282,3,12,91.8,20.7,1580,69.8,68.47,0,19,34,-1.2999999999999972,5.11,118,150,130,150,310,325,302,"0.293","-0.293","69.8","7.1",,15,11,3,0,0,0,1,6.7,3,20,3.61491,1.14472,0.58868,-0.08566,"92.7",180,54.54545454545454,0,0,6.46,-1.75,-0.06,2.45,0.4,0,"-0.552830189",0.425,0.415,"0.552830189",-0.032,-0.024999999999999967,-0.165,-0.063,0,"43.7",8.387353548828251,1.7682114919387169,30.567932263139685,0.42105263157894735,38.384257736899805,28.845350733850474
53,500743,"Rojas, Miguel",53,100,0.429,0.381,0.368,0.81,0.542,0.438,0.373,9,21,92.5,15.6,1359,49.6,48.08,1,27,26,-1.5,4.67,119,152,129,150,299,321,295,"-4.251","4.251","73.8","7.1","1.087549572",23,21,5,2,0,2,0,0,1,4.3,8.63226,1.42717,0.40245,0.07906,"94.7",182,52.38095238095239,9.523809523809524,8.695652173913043,6.58,-1.49,0.16,2.93,0.478,2,"8.020754717",0.428,0.591,"-8.020754717",0.056,0.04999999999999999,0.219,0.104,3.7,"38.4",15.318923371236268,-4.974060375544845,29.792056556445377,0.65,36.1295519258046,36.13546018408434
52,676910,"Seelinger, Matt",52,100,0.455,0.545,0.5,1,0.633,0.409,0.226,5,11,91.1,16,2251,87.9,88.07,7,24,28,0.19999999999998863,6.51,111,149,120,149,295,324,302,"-3.853","3.853","69.4","7.2","3.373216407",15,9,1,3,0,1,2,13.3,4,26.7,2.09212,0.89346,-0.03962,0.05115,"92.7",177,44.44444444444444,22.22222222222222,13.333333333333334,5.68,-0.54,0.06,2.5,0.6,2,"7.409615385",0.432,0.495,"-7.409615385",0.229,0.16799999999999998,0.505,0.224,29.2,"63.5",8.739351025839582,-2.627774447607782,28.64512456340264,0.4166666666666667,37.48268219625538,30.588508214149808
51,543309,"Higashioka, Kyle",51,100,0.571,0.5,0.467,1.071,0.62,0.57,0.509,8,14,95.5,19.2,1199,43.2,41.16,1,20,31,-2,3.96,116,153,122,147,309,327,303,"-4.786","4.786","76.1","7.3","0.507765876",18,16,3,4,0,1,0,0,1,5.6,11.36333,1.71392,0.06833,0.04167,"95.3",218,62.5,12.5,11.11111111111111,7.18,-1.85,0.12,2.75,0.556,2,"9.384313725",0.515,0.949,"-9.384313725",0.062,0.041000000000000036,0.122,0.05,5,"61.5",18.17548727277348,-7.866416988956451,26.348316356884865,0.6111111111111112,35.13498201391491,37.76416803827916
50,623168,"Heineman, Tyler",50,100,0.35,0.3,0.316,0.65,0.437,0.468,0.405,7,20,91.3,19.4,1394,51.4,49.23,0,28,22,-2.1999999999999957,3.96,120,152,126,150,294,326,301,"-1.664","1.664","71.9","7.0",,21,20,3,3,0,1,0,0,1,4.8,7.5048,1.8096,0.244,0.1032,"93.0",204,55.00000000000001,10,9.523809523809524,6.94,-1,0.35,3,0.381,2,"3.328",0.434,0.662,"-3.328",-0.055,-0.05299999999999999,-0.012,-0.031,0,"61.3",15.060359990205912,-3.386884018249572,28.309112767637984,0.5833333333333334,40.558892180101,36.595896262306994
50,810938,"Williamson, Ben",50,100,0.25,0.2,0.211,0.45,0.317,0.369,0.297,5,20,92.9,25.3,1301,49.9,48.48,0,21,29,-1.3999999999999986,4.94,119,151,127,152,303,341,307,"-0.749","0.749","74.0","7.2",,21,20,3,1,0,1,0,0,1,4.8,7.5508,1.8856,0.3956,-0.0228,"94.5",225,40,5,4.761904761904762,6.82,-0.95,-0.1,2.64,0.286,1,"1.498",0.33,0.532,"-1.498",-0.047,-0.04400000000000004,-0.082,-0.052,0,"53.5",16.457844772561394,-5.167691877376603,28.799120936055182,0.8421052631578947,35.460894476910234,39.730659020539825
49,691548,"Muñoz, Rolddy",49,100,0.455,0.273,0.571,0.727,0.525,0.428,0.315,5,11,94.2,-5.9,2268,91,90.66,7,21,28,-0.29999999999999716,6.02,104,147,115,150,306,322,300,"-2.021","2.021","72.7","7.5","1.601401642",12,8,4,0,0,1,3,25,1,8.3,2.55306,0.20857,0.54583,-0.23125,"97.0",100,62.5,25,16.666666666666664,5.77,-2.3,-0.22,1.84,0.5,2,"4.124489796",0.372,0.639,"-4.124489796",0.14,0.128,0.088,0.097,33.3,"31.1",14.10931609167284,-7.852794972650355,33.12284274245949,0.2857142857142857,34.74905001878013,35.21087569746059
49,671111,"Peralta, Sammy",49,100,0.273,0.364,0.333,0.636,0.469,0.441,0.272,3,11,87.9,34.3,2229,85.4,86.63,5,20,29,1.1999999999999886,6.67,106,145,113,142,310,337,300,"-2.808","2.808","71.2","7.1","1.248057002",15,7,1,1,0,1,4,26.7,2,13.3,2.83224,0.27327,0.46265,-0.30796,"92.1",171,28.57142857142857,14.285714285714285,6.666666666666667,4.63,2.82,-0.04,2.3,0.467,1,"5.730612245",0.466,0.541,"-5.730612245",0.001,0.0010000000000000009,0.095,0.028,25,"16.1",9.987105627688775,0.09822301176345372,33.26298175886587,0.4,35.00980087143886,30.397950971821814
49,594835,"Gonzales, Marco",49,100,0.182,0.091,0.222,0.273,0.273,0.23,0.127,2,11,81.9,19.3,2063,85.5,85.72,4,22,27,0.20000000000000284,6.42,114,151,127,148,300,326,299,"0.715","-0.715","68.4","6.8","0.579023376",13,9,1,1,0,0,2,15.4,2,15.4,2.62653,0.51592,0.56959,-0.44347,"90.6",204,22.22222222222222,0,0,5.3,2.27,-0.37,2.14,0.308,0,"-1.459183673",0.262,0.217,"1.459183673",0.055,0.045999999999999985,0.056,0.043,18.2,"36.8",9.88921809272787,4.721699720547719,34.31244473071688,0.5,34.87147870031807,29.48607998335231
48,694350,"Brzykcy, Zach",48,100,0.3,0.1,0.375,0.4,0.369,0.306,0.246,3,10,91.6,1.2,2361,89.8,90.76,3,18,30,1,6.45,109,150,117,146,300,343,306,"-0.361","0.361","68.7","7.4","3.176060801",12,8,2,1,0,0,2,16.7,2,16.7,2.1625,0.65404,0.35447,-0.1217,"92.0",117,37.5,0,0,5.82,-1.08,-0.12,2.44,0.417,0,"0.752083333",0.372,0.279,"-0.752083333",0.054,0.044999999999999984,0.121,0.063,16.7,"51.6",13.062591648180438,-8.341668439799797,34.20319431352768,0.5555555555555556,35.593362064532485,31.519188493264224
48,622694,"Hernández, Elieser",52,92.3,0.1,0,0.125,0.1,0.19,0.213,0.122,1,10,87,42.9,2205,86.9,87.07,7,21,27,0.19999999999998863,6.52,121,150,125,152,307,325,301,"1.26","-1.26","73.3","7.7","3.978250778",13,8,1,0,0,0,2,15.4,3,23.1,1.94208,1.12104,0.5825,-0.57417,"92.5",141,37.5,0,0,5.21,-2.03,0.27,2.14,0.308,0,"-2.625",0.325,0.142,"2.625",-0.022,-0.017000000000000015,-0.042,-0.023,33.3,"36.1",18.75441530727829,-12.401759081144782,32.00685754185184,0.42857142857142855,39.09595323539534,39.68137191855411
47,664074,"Ponce, Cody",47,100,0.111,0.111,0.167,0.222,0.196,0.243,0.177,1,9,87.9,6.2,1999,89.8,90.13,15,29,18,0.29999999999999716,6.66,111,146,113,148,285,321,288,"0.303","-0.303","69.5","7.5","3.33889456",10,6,0,1,0,0,3,30,1,10,2.29021,0.56787,0.28809,-0.1383,"91.0",122,33.33333333333333,0,0,6.5,-2.54,0.51,1.74,0.2,0,"-0.644680851",0.259,0.277,"0.644680851",-0.066,-0.059,-0.055,-0.047,51.7,"44.1",14.053921441825759,-7.563559720487207,34.857753743904105,0.5,38.856547635513756,32.829069706614945
47,682274,"Hiraldo, Yaramil",47,100,0.375,0.75,0.25,1.125,0.647,0.516,0.293,3,8,92.7,34.2,2032,89.1,88.64,7,18,29,-0.5,6.09,110,148,120,147,298,322,298,"-3.427","3.427","72.4","7.9","2.860280949",12,6,1,0,0,2,2,16.7,4,33.3,2.08574,0.80979,0.21085,-0.14021,"94.5",232,66.66666666666666,33.33333333333333,16.666666666666664,6.23,-0.57,-0.25,1.78,0.583,2,"7.291489362",0.528,0.728,"-7.291489362",0.082,0.05499999999999994,0.397,0.131,38.9,"61.1",16.607892518060904,-20.175607238477827,30.589606117434577,0.47058823529411764,35.507127983809596,38.42000770319364
46,672442,"Cruz, Yovanny",46,100,0.071,0.071,0.125,0.143,0.132,0.205,0.147,1,14,86.8,17.9,2088,94.4,93.93,7,25,21,-0.5,6.16,119,150,125,152,299,328,283,"2.529","-2.529","67.5","7.6","5.038570903",15,8,0,1,0,0,6,40,0,0,2.09478,0.49391,0.48304,-0.0987,"90.9",153,25,0,0,6.01,-2.95,-0.05,2.42,0.133,0,"-5.497826087",0.203,0.248,"5.497826087",-0.076,-0.07,-0.105,-0.073,28,"33.1",16.159133398619236,-10.363050958787474,31.81502325347737,0.4583333333333333,36.31849671012444,33.81141526965156
45,702352,"Bivens, Spencer",45,100,0.333,0,0.5,0.333,0.337,0.25,0.204,3,9,92.9,12,1953,91.6,92.22,4,22,23,0.6000000000000085,6.58,106,150,123,147,292,312,290,"-0.154","0.154","68.1","7.2","2.927711936",10,6,3,0,0,0,3,30,1,10,2.33089,0.40933,0.48422,0.08422,"90.6",148,33.33333333333333,0,0,5.93,-2.38,0.28,2.03,0.4,0,"0.342222222",0.284,0.255,"-0.342222222",0.129,0.11600000000000005,0.078,0.087,18.2,"30.9",9.69559888859805,3.245797623658441,30.272499980153714,0.5,38.48191528018516,26.561610605862892
45,688497,"Rashi, Taylor",45,100,0.214,0.214,0.222,0.429,0.301,0.326,0.257,3,14,85.3,7,2031,85.2,85.86,13,30,15,0.7000000000000028,6.71,115,147,116,147,298,317,287,"0.546","-0.546","68.0","7.4","2.763037766",15,10,2,0,0,1,4,26.7,1,6.7,2.78289,0.39133,-0.09689,-0.21644,"91.9",148,40,10,6.666666666666667,6.41,-0.14,-0.02,2.22,0.267,1,"-1.213333333",0.306,0.444,"1.213333333",-0.043,-0.03899999999999998,-0.015,-0.025,43.3,"73.2",9.380520383398512,-0.7086793302803498,32.967982286499705,0.5666666666666667,37.03077086448948,31.18192078462384
45,664702,"Straw, Myles",45,100,0.357,0,0.357,0.357,0.343,0.297,0.279,5,14,81.3,3,1048,43.2,41.17,2,20,25,-2,3.8,120,151,128,151,294,323,296,"-0.586","0.586","72.2","7.1","2.455652178",15,14,5,0,0,0,0,0,1,6.7,11.50711,1.32644,0.14364,-0.05227,"91.1",126,28.57142857142857,0,0,7,-0.92,0.08,2.95,0.4,0,"1.302222222",0.327,0.332,"-1.302222222",0.078,0.07300000000000001,0.025,0.046,10,"54.8",17.51879311720027,-3.27490340099226,27.58094480560564,0.5789473684210527,38.10563633998412,35.714024522964245
45,700327,"Herrera, Welinton",45,100,0.222,0,0.286,0.222,0.248,0.334,0.288,2,9,94.7,16.7,2084,91.3,91.45,4,21,24,0.10000000000000853,6.2,106,148,122,148,300,327,300,"0.647","-0.647","71.2","7.1","3.519150202",10,7,2,0,0,0,2,20,1,10,1.9,0.85455,0.64089,-0.05644,"92.8",216,57.14285714285714,0,0,5.62,1.6,-0.19,2.24,0.3,0,"-1.437777778",0.36,0.387,"1.437777778",-0.066,-0.06,-0.165,-0.086,19,"39.8",8.262332355159742,1.2108022296200147,37.63167438182246,0.42857142857142855,34.37995751476505,28.817763781803695
45,660710,"Durán, Rodolfo",45,100,0.5,0.444,0.438,0.944,0.618,0.332,0.258,9,18,89.3,21.9,1695,68.5,66.34,2,27,18,-2.200000000000003,4.54,123,151,128,151,306,332,305,"-5.148","5.148","70.6","7.2","3.099146814",19,18,5,2,0,2,0,0,1,5.3,4.41067,1.16778,0.87622,0.27489,"92.2",191,33.33333333333333,16.666666666666664,15.789473684210526,5.33,-2.06,-0.18,2.39,0.526,3,"11.44",0.297,0.475,"-11.44",0.242,0.22900000000000004,0.469,0.286,7.4,"19.0",13.68304214106234,-5.372092160950622,31.249697831110776,0.5555555555555556,35.58017641547135,35.465126021880764
45,686894,"Wiemer, Joey",45,100,0.583,0.333,0.5,0.917,0.617,0.473,0.423,7,12,90.6,25.9,1711,68.2,66.55,0,18,27,-1.7000000000000028,4.98,112,149,123,149,299,327,297,"-3.602","3.602","72.5","7.0",,16,13,5,1,0,1,0,0,2,12.5,4.75535,1.21256,0.47209,0.13581,"91.7",205,30.76923076923077,7.6923076923076925,6.25,6.43,-1.53,0.21,2.81,0.625,1,"8.004444444",0.505,0.632,"-8.004444444",0.16,0.12,0.285,0.144,0,"38.2",10.356773779309329,-0.8271184757463299,28.812144840508953,0.5882352941176471,37.50586656968309,32.77786121262112
45,700413,"Uberstine, Tyler",45,100,0.3,0.4,0.286,0.7,0.444,0.378,0.274,3,10,87.4,23,2351,87.7,87.9,8,26,19,0.20000000000000284,6.34,108,150,122,146,280,320,290,"-0.944","0.944","69.6","7.4","1.481474149",11,8,1,1,0,1,2,18.2,1,9.1,2.37267,0.62455,0.33489,-0.18022,"90.5",183,37.5,12.5,9.090909090909092,5.12,-1.75,0.04,2.29,0.364,1,"2.097777778",0.34,0.551,"-2.097777778",0.026,0.023999999999999966,0.149,0.066,30.8,"18.9",9.719236156583072,-1.7503565805736239,31.520894599214458,0.68,38.791176183623094,29.778063994514724
45,624428,"Frazier, Adam",45,100,0.583,0.333,0.545,0.917,0.653,0.465,0.419,7,12,80.2,7.8,1649,63.6,61.97,0,17,28,-1.6000000000000014,4.79,122,149,131,152,300,329,303,"-3.469","3.469","68.3","6.8",,14,12,5,1,0,1,0,0,2,14.3,5.30933,0.99333,0.51378,-0.232,"90.8",133,33.33333333333333,0,0,6.47,-2.02,0.03,2.28,0.643,0,"7.708888889",0.502,0.559,"-7.708888889",0.164,0.14100000000000001,0.358,0.188,0,"45.7",8.191539330293478,0.0005344528226379208,29.375819782690105,0.35294117647058826,35.04166143186393,32.5604822676626
44,671131,"Rutledge, Jackson",44,100,0.6,0.3,0.75,0.9,0.65,0.418,0.315,6,10,85.1,3.3,1960,89,89.53,8,23,21,0.5,6.51,110,144,115,149,319,325,300,"-3.074","3.074","74.0","7.4","2.673551254",12,8,4,1,1,0,2,16.7,2,16.7,2.27795,0.60159,0.52273,-0.29182,"92.3",91,37.5,12.5,8.333333333333332,6.13,-1.4,0.41,1.89,0.667,1,"6.986363636",0.429,0.527,"-6.986363636",0.285,0.23800000000000004,0.373,0.232,34.8,"41.2",13.083768321656148,-5.327543419522663,32.93318701889789,0.43478260869565216,34.75488890293941,34.69911299695507
44,700270,"Díaz, Yilber",44,100,0.778,0.667,0.75,1.444,0.914,0.692,0.542,7,9,94.5,24.7,2407,91.6,90.54,4,19,25,-1.0999999999999943,5.8,108,147,124,149,294,325,297,"-4.734","4.734","70.9","7.3","5.396555829",10,9,4,1,1,1,0,0,1,10,1.96182,0.81045,0.42488,-0.04209,"92.8",202,44.44444444444444,22.22222222222222,20,5.9,-1.05,0.42,2.05,0.8,2,"10.759090909",0.588,1.097,"-10.759090909",0.236,0.21200000000000008,0.347,0.222,21.1,"46.9",9.6254507218854,-3.415803208981816,31.236431336859162,0.5263157894736842,38.4038878112298,30.934265075244117
43,592826,"Velasquez, Vince",43,100,0.091,0.091,0.1,0.182,0.114,0.154,0.151,1,11,85.8,30.8,2446,89.2,89.62,3,21,22,0.3999999999999915,6.54,117,152,123,153,300,318,297,"2.069","-2.069","69.6","7.6","2.752412124",11,10,0,1,0,0,1,9.1,0,0,2.02093,0.86465,0.04907,-0.04581,"90.4",160,30,0,0,5.55,-2.15,0.25,2.01,0.091,0,"-4.811627907",0.151,0.199,"4.811627907",-0.06,-0.06,-0.017,-0.04,14.3,"44.4",11.957326549497456,-5.242123585569569,34.03591177687705,0.6666666666666666,39.3446903246112,33.17749649640683
43,668670,"Rogers, Jake",43,100,0.3,0.1,0.429,0.4,0.372,0.337,0.272,3,10,85.1,17.1,1454,62.8,60.75,2,13,30,-2,4.44,120,152,128,150,297,327,299,"-0.133","0.133","71.8","7.1","0.35172549",12,7,2,1,0,0,3,25,1,8.3,5.18465,1.3707,0.18674,0.11791,"93.5",144,28.57142857142857,0,0,6.2,-1.73,-0.51,2.55,0.417,0,"0.309302326",0.393,0.333,"-0.309302326",0.028,0.023999999999999966,0.067,0.035,15.4,"34.7",11.216448780377595,-4.292093386670926,30.672684152286934,0.46153846153846156,35.62710986707294,33.460529482945326
43,681084,"Andrews, Tanner",43,100,0.111,0,0.125,0.111,0.208,0.273,0.135,1,9,80.1,6.5,1625,89.2,89.07,4,18,25,-0.10000000000000853,6.22,111,148,121,153,293,318,287,"1.02","-1.02","69.2","7.1","5.526813714",11,8,1,0,0,0,1,9.1,2,18.2,2.26698,0.62047,0.66256,-0.32767,"89.8",113,25,12.5,9.090909090909092,6.3,-2.09,-0.4,2.52,0.273,1,"-2.372093023",0.292,0.289,"2.372093023",-0.024,-0.01899999999999996,-0.178,-0.065,22.2,"45.8",12.901830287188966,-6.927219065220704,26.321172926212427,0.3333333333333333,34.709502992061445,33.96591528571192
43,693713,"Teodo, Emiliano",43,100,0.375,0.125,0.429,0.5,0.443,0.38,0.287,3,8,91.5,16.4,2339,96.3,95.9,4,20,23,-0.3999999999999915,5.89,118,146,116,150,304,329,306,"-1.083","1.083","71.7","7.5","3.960036132",10,7,2,1,0,0,1,10,2,20,2.01279,0.44023,0.93,-0.33419,"92.0",145,42.857142857142854,0,0,5.6,-0.95,-0.05,2.34,0.5,0,"2.518604651",0.43,0.413,"-2.518604651",0.088,0.07,0.087,0.063,20,"39.8",11.303122299590793,-5.403688635524439,29.1423126359848,0.5789473684210527,35.30382824079976,33.54830499562428
43,687985,"White, Josh",43,100,0.333,1,0,1.333,0.695,0.693,0.34,1,3,94.8,35,2054,90,90.59,1,12,31,0.5999999999999943,6.57,120,152,116,150,304,334,302,"-2.111","2.111","69.7","6.6",,8,2,0,0,0,1,1,12.5,4,50,2.06767,0.76233,0.09634,0.04951,"90.6",233,50,50,12.5,6.32,-0.54,0.07,2.64,0.75,1,"4.909302326",0.752,1.342,"-4.909302326",-0.007,-0.0020000000000000018,-0.009,0.002,8.3,"58.8",0.5053566229949017,11.709422980292738,31.959932761881777,0.25,35.33090106269372,20.963475281096308
42,656240,"Blewett, Scott",42,100,0.143,0.143,0.2,0.286,0.295,0.241,0.118,1,7,85.2,30.6,2105,89.6,90.9,5,16,26,1.3000000000000114,7.13,111,151,116,147,314,320,296,"0.309","-0.309","72.5","7.8","7.38130596",9,5,0,1,0,0,2,22.2,2,22.2,2.4069,0.46595,0.315,0.27214,"92.7",74,20,0,0,6.15,-1.71,0.26,2.11,0.333,0,"-0.735714286",0.314,0.135,"0.735714286",0.025,0.019000000000000017,0.151,0.054,31.3,"47.9",13.164758804444986,-13.642224668800448,35.36345749581465,0.35714285714285715,35.789542058578725,36.06053900897753
41,642215,"Wilson, Weston",41,100,0.462,0.462,0.364,0.923,0.587,0.51,0.432,6,13,86,20.8,1458,51.5,49.23,0,17,24,-2.299999999999997,4.27,118,152,129,148,309,328,294,"-2.64","2.64","71.9","7.4",,13,13,4,0,0,2,0,0,0,0,7.58359,1.62256,0.29564,-0.04026,"92.0",205,30.76923076923077,7.6923076923076925,7.6923076923076925,6.4,-1.48,-0.04,2.76,0.462,1,"6.43902439",0.432,0.764,"-6.43902439",0.03,0.030000000000000027,0.159,0.077,0,"25.7",14.858974812251619,-10.532210157279696,27.894104318351552,0.7333333333333333,38.31063089161346,40.51791910893438
41,622761,"Mateo, Jorge",41,100,0.455,0,0.5,0.455,0.429,0.387,0.38,5,11,85.5,27.3,1589,65.6,62.79,1,19,22,-2.799999999999997,3.8,118,150,128,149,305,324,295,"-0.993","0.993","71.7","7.0","0.458346408",12,10,5,0,0,0,1,8.3,1,8.3,4.60976,1.28488,0.85125,0.18925,"90.5",184,20,0,0,6.48,-1.76,-0.3,2.45,0.5,0,"2.42195122",0.432,0.442,"-2.42195122",0.075,0.068,0.013,0.042,5.3,"33.3",11.406988792449082,0.01610097015146761,32.76151835638317,0.5263157894736842,35.05829087348072,31.07252108463618
41,680689,"Richardson, Lyon",41,100,0.286,0.857,0,1.143,0.621,0.649,0.308,2,7,92.6,39,2166,91.1,90.15,4,12,29,-1,5.81,114,148,115,148,289,321,294,"-3.616","3.616","72.2","7.8","2.162487336",10,4,0,0,0,2,3,30,2,20,2.29122,0.49,1.15,-0.26073,"93.5",238,66.66666666666666,66.66666666666666,20,5.32,-1.38,0,2.23,0.5,2,"8.819512195",0.539,1.208,"-8.819512195",-0.022,-0.039000000000000035,-0.065,-0.028,33.3,"28.6",15.378784976784054,-9.879923104635136,32.91164267783583,0.16666666666666666,40.92710381173731,34.234492091043336
40,545121,"Vargas, Ildemaro",40,100,0.25,0.125,0.222,0.375,0.382,0.405,0.233,2,8,90.4,26.6,1287,56.7,55.16,0,11,29,-1.5,5.32,117,150,127,148,299,326,297,"-0.651","0.651","71.9","6.9",,13,9,1,1,0,0,0,0,3,23.1,7.99,0.91075,0.25025,0.13275,"92.0",217,44.44444444444444,11.11111111111111,7.6923076923076925,5.12,-1.54,0.32,3.16,0.462,1,"1.6275",0.46,0.438,"-1.6275",0.017,0.0020000000000000018,-0.063,-0.023,0,"27.8",12.408575857786724,-6.396644889306843,30.485688570657892,0.5555555555555556,35.19495223983062,32.521112798698546
40,691594,"Sanoja, Javier",40,100,0.273,0.182,0.273,0.455,0.345,0.351,0.229,3,11,94.1,25.7,1470,62.7,60.02,1,22,18,-2.700000000000003,4.06,124,150,132,152,325,342,308,"-0.217","0.217","73.0","7.3","0.349484076",14,11,1,2,0,0,1,7.1,1,7.1,5.22375,0.67875,0.577,-0.467,"93.9",247,36.36363636363637,18.181818181818183,14.285714285714285,5.14,-2.84,0.33,2.39,0.357,2,"0.5425",0.329,0.507,"-0.5425",0.044,0.02799999999999997,-0.052,-0.006,4.5,"12.9",15.554259212891056,-6.678023984868149,32.272657684673995,0.5454545454545454,35.54186555341943,38.62394246667853
39,662144,"Keller, Brian",39,100,0.182,0.273,0.143,0.455,0.266,0.361,0.252,2,11,94.5,22.1,2251,87.5,88.85,4,25,14,1.2999999999999972,6.87,112,149,123,148,290,323,300,"-0.64","0.64","65.3","7.1","3.832823844",11,8,1,0,0,1,3,27.3,0,0,2.28538,0.69026,-0.2159,0.00359,"94.4",220,37.5,25,18.181818181818183,5.88,-2.05,0.22,2.33,0.182,2,"1.641025641",0.252,0.616,"-1.641025641",-0.07,-0.07,-0.161,-0.095,16,"35.9",11.341852686265096,-0.10543952690905267,31.245656601247543,0.44,35.03184308815844,27.591403491159124
39,678391,"Vivas, Jorbit",39,100,0.5,0.375,0.467,0.875,0.6,0.542,0.395,8,16,92.8,18.8,1144,46.4,44.25,0,21,18,-2.1999999999999957,3.85,116,150,129,149,310,336,305,"-5.038","5.038","71.8","6.9",,18,16,4,3,0,1,0,0,1,5.6,9.765,1.23474,-0.17054,-0.04784,"93.8",200,50,25,22.22222222222222,7.19,-1.11,0.36,2.89,0.556,4,"12.917948718",0.462,0.846,"-12.917948718",0.105,0.09400000000000003,0.029,0.058,0,"59.6",13.68858491782751,-2.5810696362338037,28.101533021891687,0.6428571428571429,34.88223262246619,35.900911239858246
39,694646,"McDermott, Chayce",39,100,0.3,0.5,0.25,0.8,0.452,0.264,0.24,3,10,88.3,39.9,2394,91.6,92.24,3,18,21,0.6000000000000085,6.69,119,152,133,151,297,315,293,"-0.636","0.636","72.3","7.5","1.724640205",10,9,1,0,1,1,1,10,0,0,1.93641,0.80128,0.15,-0.03462,"90.7",209,22.22222222222222,11.11111111111111,10,5.71,-1.72,0.46,2.27,0.3,1,"1.630769231",0.24,0.384,"-1.630769231",0.06,0.06,0.416,0.188,16.7,"41.2",11.814256657596296,-3.563054743021566,35.72509272049507,0.5555555555555556,34.347644137836056,32.494849975718616
39,606965,"Devenski, Chris",39,100,0.417,0.25,0.5,0.667,0.466,0.296,0.272,5,12,94.7,10.7,1967,86.5,86.48,4,19,20,0,6.26,113,145,116,144,306,319,295,"-2.638","2.638","70.4","7.8","5.241417672",12,9,4,0,0,1,3,25,0,0,2.40564,0.67897,0.90538,-0.3341,"93.7",147,55.55555555555556,22.22222222222222,16.666666666666664,6.13,-0.21,0.09,2.3,0.417,2,"6.764102564",0.272,0.423,"-6.764102564",0.145,0.14499999999999996,0.244,0.17,21.1,"37.9",15.115757414204804,-9.006239081009971,32.738566134541536,0.47368421052631576,37.58776140640113,35.5592477310878
39,680951,"Nikhazy, Doug",39,100,0.143,0,0.167,0.143,0.254,0.291,0.19,1,7,89,-8.5,2020,84.7,85.25,4,12,27,0.5999999999999943,6.95,113,152,134,148,314,326,294,"0.188","-0.188","74.1","7.7","3.537874173",9,6,1,0,0,0,1,11.1,2,22.2,2.23308,0.99795,0.5341,-0.58692,"95.2",83,33.33333333333333,0,0,5.6,2.91,-0.12,1.96,0.333,0,"-0.482051282",0.37,0.208,"0.482051282",-0.047,-0.03699999999999998,-0.065,-0.037,33.3,"50.8",17.24216335648629,-11.780432734146576,34.67464658486026,0.4166666666666667,36.813984340157454,37.14166140540539
39,671083,"Kennedy, Buddy",39,100,0.667,0.333,0.571,1,0.632,0.515,0.409,4,6,93.7,13.7,1418,64.6,63.04,1,17,22,-1.5999999999999943,4.75,113,150,116,151,291,317,304,"-1.881","1.881","70.2","6.7","0.805022364",9,7,2,2,0,0,0,0,2,22.2,4.28769,1.22179,0.74564,-0.13949,"92.1",199,42.857142857142854,14.285714285714285,11.11111111111111,6.13,-2.26,-0.25,2.76,0.667,1,"4.823076923",0.539,0.634,"-4.823076923",0.258,0.128,0.366,0.117,5.9,"45.4",2.13610104050228,15.507265153045466,28.906109745199622,0.3333333333333333,37.66198160251061,22.19946503514162
38,686228,"Burgos, Juan",38,100,0.3,0.1,0.3,0.4,0.342,0.208,0.149,3,10,77.3,21.7,2545,92.4,91.79,3,22,16,-0.6000000000000085,6.04,109,148,116,148,300,324,287,"-0.483","0.483","67.5","7.2","0.46507408",12,11,2,1,0,0,0,0,0,0,2.40711,0.28711,0.24474,0.12053,"91.6",96,18.181818181818183,0,0,4.93,-2.17,-0.02,2.15,0.364,0,"1.271052632",0.227,0.213,"-1.271052632",0.151,0.13699999999999998,0.187,0.134,13.6,"26.1",4.681643896042052,-7.256153155626937,32.62483787334666,0.6363636363636364,34.0633112126137,32.88781469377218
38,665645,"Castro, Kervin",38,100,0.2,0.1,0.333,0.3,0.215,0.254,0.27,2,10,92.4,7.7,2385,93.6,94.57,5,21,17,1,6.7,112,148,122,150,292,321,289,"0.798","-0.798","69.6","6.8","0.536419751",10,6,1,1,0,0,4,40,0,0,1.43421,1.15421,0.03324,0.18784,"92.6",171,50,0,0,5.8,-0.88,-0.05,2.92,0.2,0,"-2.1",0.27,0.314,"2.1",-0.07,-0.07,-0.014,-0.039,23.8,"61.6",5.768755711964397,11.284905552463718,32.73993811822926,0.5714285714285714,33.397640045455944,24.308420755191154
38,621139,"Kriske, Brooks",38,100,0.2,0,0.25,0.2,0.178,0.244,0.249,2,10,88.2,37.3,1625,85.7,84.77,4,18,20,-0.9000000000000057,5.96,122,150,113,151,298,326,299,"1.347","-1.347","69.9","7.8","5.953492833",10,8,2,0,0,0,2,20,0,0,2.56474,0.61432,0.54395,-0.24553,"92.3",134,37.5,12.5,10,6.2,-1.1,0.11,1.82,0.2,1,"-3.544736842",0.249,0.319,"3.544736842",-0.049,-0.04899999999999999,-0.119,-0.066,22.2,"45.3",16.655462001387694,-18.176352570159626,30.291435763270883,0.4444444444444444,34.80423523190139,39.656956119435236
35,682769,"Castellano, Eiberson",35,100,0.364,0.091,0.444,0.455,0.388,0.376,0.354,4,11,92.6,0.4,2320,90.7,91.82,6,19,16,1.0999999999999943,6.59,110,149,128,149,299,332,296,"-0.369","0.369",,,,12,9,3,1,0,0,2,16.7,0,0,2.41571,0.346,0.29,0.018,"94.8",141,44.44444444444444,0,0,5.68,-2.03,0.22,2.52,0.417,0,"1.054285714",0.408,0.445,"-1.054285714",0.01,0.009000000000000008,0.01,0.012,31.6,"30.5",,,,,,
34,675627,"Grove, Michael",34,100,0.1,0,0.167,0.1,0.089,0.301,0.233,1,10,84.3,14.5,2304,88.9,89.72,6,15,19,0.7999999999999972,6.95,116,151,117,151,305,335,303,"2.041","-2.041","67.6","7.5","4.675723104",10,6,1,0,0,0,4,40,0,0,2.23941,0.70636,-0.07941,0.02765,"91.5",172,33.33333333333333,16.666666666666664,10,5.98,-1.24,0.47,1.99,0.1,1,"-6.002941176",0.233,0.477,"6.002941176",-0.133,-0.133,-0.377,-0.212,40,"55.2",13.421025779631668,-10.103091530364162,34.280265780053696,0.42857142857142855,34.94354425527668,38.67426186725879
33,692437,"Santos, Winston",33,100,0.25,0.375,0.167,0.625,0.403,0.387,0.285,2,8,82.6,31.3,2242,92.5,92.83,2,13,20,0.29999999999999716,6.5,109,148,110,147,293,319,295,"-0.261","0.261","72.7","7.2","0.700266162",9,7,1,0,0,1,1,11.1,1,11.1,1.94242,0.75576,0.52182,-0.16485,"91.8",176,14.285714285714285,14.285714285714285,11.11111111111111,5.59,-2.08,-0.01,2.59,0.333,1,"0.790909091",0.365,0.545,"-0.790909091",-0.035,-0.03199999999999997,0.08,0.016,15.4,"40.0",11.074029115168045,-0.4006552393555419,29.47016976958863,0.5384615384615384,38.70632357687036,32.543201798803466
32,669704,"Strowd, Kade",32,100,0.25,0,0.333,0.25,0.426,0.51,0.386,1,4,90.5,19.7,2587,89.9,89.95,0,8,24,0,6.37,111,144,121,152,288,323,296,"-0.847","0.847","75.6","7.5",,7,3,1,0,0,0,1,14.3,3,42.9,2.56375,0.275,-0.42562,0.30875,"91.0",159,33.33333333333333,0,0,5.72,-1.45,0.03,2.33,0.571,0,"2.646875",0.649,0.456,"-2.646875",-0.136,-0.07800000000000007,-0.206,-0.084,0,"44.0",12.029402814729343,-7.993258861703677,34.194922716499256,0.875,35.37938779970154,34.62320955896354
31,596117,"Stubbs, Garrett",31,100,0.286,0,0.286,0.286,0.284,0.364,0.307,4,14,90.5,25.5,1165,46.8,45.09,1,17,14,-1.6999999999999957,4.66,119,149,130,149,298,325,297,"0.028","-0.028","72.5","7.2","1.693279164",15,14,4,0,0,0,0,0,1,6.7,10.40774,1.38032,0.3829,-0.11,"93.6",203,50,0,0,6.08,-1.59,0.03,3.14,0.333,0,"-0.090322581",0.353,0.491,"0.090322581",-0.021,-0.019999999999999962,-0.205,-0.08,5.9,"43.1",19.42057849123618,-6.340860062751619,29.485341885522278,0.625,38.3214017389622,34.69102871194619
30,657265,"Strzelecki, Peter",30,100,0.375,0.125,0.429,0.5,0.38,0.284,0.226,3,8,87.4,7.9,2504,87.4,88.13,0,12,18,0.6999999999999886,6.72,113,149,128,150,307,322,306,"-0.223","0.223","69.9","7.4",,8,7,2,1,0,0,1,12.5,0,0,3.07133,-0.05967,0.185,-0.15433,"92.1",133,42.857142857142854,14.285714285714285,12.5,5,-1.91,0.29,2.26,0.375,1,"0.743333333",0.226,0.451,"-0.743333333",0.149,0.149,0.049,0.096,0,,13.751621339667407,-4.932130519654201,30.313763361092416,0.6363636363636364,37.42376305999292,36.42529131197979
30,621389,"Blach, Ty",30,100,0.111,0,0.143,0.111,0.099,0.269,0.292,1,9,93.9,1.6,,88.7,87.12,4,14,16,-1.6000000000000085,5.28,117,152,116,152,297,325,303,"1.677","-1.677","68.7","7.2","2.974800928",9,7,1,0,0,0,2,22.2,0,0,2.59033,0.31767,1.06862,-0.29966,"92.5",127,57.14285714285714,0,0,5.59,1.77,-0.29,2.1,0.111,0,"-5.59",0.292,0.338,"5.59",-0.181,-0.181,-0.227,-0.17,28.6,"21.1",5.169576320894987,8.127017092796873,30.213572148494887,0.5,41.25836713310618,24.71476515051444
28,683766,"Koss, Christian",28,100,0.5,0.2,0.5,0.7,0.518,0.407,0.408,5,10,91.2,13,1352,49,47.76,1,12,16,-1.2000000000000028,5.37,113,151,128,149,297,318,296,"-1.354","1.354","71.2","6.7","0.1",10,10,3,2,0,0,0,0,0,0,9.57107,0.1637,-0.86536,-0.08821,"92.2",176,30,10,10,6.39,-1.57,0.03,2.57,0.5,1,"4.835714286",0.408,0.535,"-4.835714286",0.092,0.09200000000000003,0.165,0.111,8.3,"51.0",8.152839369362244,8.92839077810844,32.67659533595651,0.45454545454545453,37.13998709389888,31.004360265863728
28,656716,"McKinstry, Zach",28,100,0.4,0,0.4,0.4,0.484,0.43,0.285,2,5,85,25,1103,42.9,40.13,1,8,20,-2.799999999999997,3.66,121,150,132,150,295,322,290,"-1.15","1.15","71.2","7.0","3.512712384",8,5,2,0,0,0,0,0,3,37.5,14.62143,1.41107,-0.67519,0.27222,"90.1",165,40,0,0,7.22,-1.67,-0.07,3.93,0.625,0,"4.107142857",0.553,0.334,"-4.107142857",0.115,0.07199999999999995,0.066,0.054,12.5,"59.3",24.217069677708185,-18.91002274549576,29.532457072474003,0.42857142857142855,33.2402858266887,40.93182788976752
27,608032,"Estévez, Carlos",27,100,0.8,0.6,0.75,1.4,0.872,0.628,0.494,4,5,94.7,23.2,1954,87.5,87.09,1,9,18,-0.4000000000000057,6.01,99,137,116,148,286,305,288,"-2.82","2.82","73.4","7.1","1.098379884",7,5,3,0,0,1,0,0,2,28.6,1.99852,0.99667,0.5737,-0.59963,"96.1",191,80,20,14.285714285714285,6.04,-2.34,-0.5,2.7,0.857,1,"10.444444444",0.639,0.917,"-10.444444444",0.306,0.21799999999999997,0.483,0.244,11.1,"37.5",6.811255804409948,6.0892365622946745,30.369546100227275,0.625,36.97057607167633,26.81726919811114
26,656577,"Jackson, Alex",26,100,0.333,0.667,0.143,1,0.567,0.215,0.12,3,9,80.9,26.2,1298,51.1,48.43,0,12,14,-2.700000000000003,3.41,119,151,127,149,300,333,303,"-1.773","1.773","71.9","7.3",,10,9,1,0,0,2,0,0,1,10,8.35885,1.33577,0.16462,-0.10769,"91.2",189,22.22222222222222,11.11111111111111,10,6.54,-2.08,-0.2,3.22,0.4,1,"6.819230769",0.208,0.262,"-6.819230769",0.213,0.19200000000000003,0.738,0.352,0,"29.7",21.88005171128957,-7.990472787359501,27.5454501648571,0.5833333333333334,31.633833124673796,39.74883044681136
25,682668,"Acuña, Luisangel",25,100,0.25,0.375,0.143,0.625,0.403,0.369,0.328,2,8,93.2,11.4,1007,40.7,38.55,0,9,16,-2.1000000000000014,4.38,128,150,134,150,299,327,290,"-0.663","0.663","77.7","7.4",,9,8,1,0,0,1,0,0,1,11.1,13.5268,1.4016,0.17292,0.03542,"93.2",164,25,0,0,6.56,-1.18,-0.31,3.52,0.333,0,"2.652",0.402,0.438,"-2.652",-0.078,-0.069,0.187,0.034,0,"56.2",17.014805318318654,-11.556489358581311,26.93990138116112,0.8333333333333334,36.815169382164086,39.28768092958551
23,595978,"Hedges, Austin",23,100,0.5,0,0.5,0.5,0.445,0.36,0.369,4,8,89.2,8.3,1743,69.5,67.96,0,10,13,-1.5,5.17,119,151,125,147,309,331,299,"-0.779","0.779","69.2","6.8",,8,8,4,0,0,0,0,0,0,0,4.19,0.61435,1.22043,0.31609,"91.2",146,12.5,0,0,5.34,-4.39,0.06,2.57,0.5,0,"3.386956522",0.369,0.471,"-3.386956522",0.131,0.131,0.029,0.085,0,"11.9",8.947448375856887,3.099150924937893,27.98029281240437,0.4444444444444444,37.193359434113916,29.93873772087123
22,668834,"McGee, Easton",22,100,0.2,0.2,0.25,0.4,0.326,0.415,0.335,1,5,95.5,2.5,2354,86.2,86.8,3,12,10,0.5999999999999943,6.71,122,145,123,149,288,321,307,"0.004","-0.004","74.7","7.4","0.8292595",6,4,0,1,0,0,1,16.7,1,16.7,2.93909,0.175,-0.17091,0.31909,"98.5",160,75,25,16.666666666666664,5.72,-1.36,0.17,2.44,0.333,1,"-0.018181818",0.446,0.501,"0.018181818",-0.135,-0.11299999999999999,-0.101,-0.089,25,"24.8",12.585424544474307,-5.178306049216985,34.91815881720327,0.45454545454545453,32.823290372242774,34.38853331465521
21,628708,"Marte, Yunior",25,84,0.75,0.25,1,1,0.753,0.561,0.537,3,4,87.1,21.7,2517,91.4,90.77,5,12,9,-0.6000000000000085,6.11,103,134,102,131,294,317,287,"-1.721","1.721","64.3","8.0","2.892503799",6,3,2,1,0,0,1,16.7,1,16.7,2.05905,0.71429,0.45905,-0.03905,"90.2",177,33.33333333333333,0,0,5.41,-1.65,0.04,1.84,0.833,0,"8.195238095",0.692,0.654,"-8.195238095",0.213,0.14100000000000001,0.346,0.192,41.7,"27.7",16.537602235328613,-14.348128983359075,31.86594468639023,0.3333333333333333,35.443556000989894,35.82641859913226
21,664238,"Moore, Dylan",21,100,0.167,0,0.167,0.167,0.29,0.379,0.235,1,6,73,16.2,1148,46,43.67,1,9,12,-2.299999999999997,4.15,114,150,128,148,286,321,290,"0.178","-0.178","70.0","7.2","0.250962684",8,6,1,0,0,0,0,0,1,12.5,11.8565,1.6035,0.187,-0.035,"91.1",137,20,0,0,7.3,-0.84,-0.06,3.45,0.375,0,"-0.847619048",0.454,0.324,"0.847619048",-0.068,-0.07900000000000001,-0.157,-0.089,11.1,"60.1",28.428381613318795,-5.338985882850938,29.44429164378494,0.2857142857142857,34.143789880484384,33.365381037867365
19,681432,"Little, Luke",19,100,0.4,0.6,0.333,1,0.586,0.527,0.338,2,5,90.1,-2.5,2334,93.8,96.06,3,10,9,2.299999999999997,7.64,115,152,124,150,295,328,282,"-1.115","1.115","70.8","7.0","1.754183576",5,4,1,0,0,1,1,20,0,0,2.00842,0.60526,0.21737,0.10579,"93.8",147,50,25,20,5.5,3.65,-0.09,2.26,0.4,1,"5.868421053",0.338,0.932,"-5.868421053",0.062,0.062,0.068,0.059,30,"26.2",2.8981334102708987,8.153314682676717,35.73689536858224,0.4,32.50520126981024,27.263865942264314
18,663494,"Torres, Bryan",18,100,0.143,0,0.143,0.143,0.198,0.516,0.48,1,7,95.2,18.1,1004,43.7,41.09,0,10,8,-2.6000000000000014,3.81,115,151,125,148,312,323,306,"0.806","-0.806","74.6","7.0",,8,7,1,0,0,0,0,0,1,12.5,11.72944,1.69167,-0.31889,-0.08889,"94.9",169,57.14285714285714,0,0,6.46,-1.49,0.57,3.29,0.25,0,"-4.477777778",0.545,0.642,"4.477777778",-0.337,-0.29500000000000004,-0.499,-0.318,0,"42.6",19.233744967677126,-8.407409615633895,27.279552486816765,0.14285714285714285,32.78567928388349,43.77585262784175
18,670871,"Zuñiga, Guillo",18,100,0,0,0,0,0.175,0.187,0.019,0,3,59.9,51.5,2388,93.8,94.73,2,8,10,0.9000000000000057,6.7,106,152,121,151,306,318,302,"0.464","-0.464","70.8","7.8","4.830808188",4,2,0,0,0,0,1,25,1,25,1.83222,0.77333,0.5,-0.69889,"90.3",99,0,0,0,5.87,-1.89,0.38,1.96,0.25,0,"-2.577777778",0.264,0.019,"2.577777778",-0.019,-0.014000000000000012,-0.019,-0.012,25,"28.3",10.893829822002632,-8.821755476194344,32.4737231907179,0.5,36.69354442978596,36.21084675852966
17,687721,"Weston, Cameron",17,100,0,0,0,0,0.233,0.381,0.241,0,2,99.6,1,2157,84.6,84.16,1,8,9,-0.3999999999999915,6.06,114,151,126,150,300,324,303,"0.16","-0.16","68.6","7.7","3.299125404",3,1,0,0,0,0,1,33.3,1,33.3,3.08471,0.165,0.29118,0.41118,"89.9",67,100,0,0,4.64,-0.78,-0.25,1.75,0.333,0,"-0.941176471",0.494,0.262,"0.941176471",-0.241,-0.16099999999999998,-0.262,-0.148,12.5,"4.1",10.097436567470709,-7.945596905985652,32.070355593148825,0.25,38.302266019967426,33.92410939204158
17,680728,"Del Castillo, Adrian",18,94.4,0.444,0,0.444,0.444,0.428,0.551,0.496,4,9,88.8,31,1156,51.8,49.43,0,11,6,-2.3999999999999986,3.84,119,148,126,151,298,331,300,"-0.907","0.907","67.8","6.9",,10,9,4,0,0,0,0,0,0,0,7.38938,1.1975,0.59063,0.14562,"94.7",212,66.66666666666666,11.11111111111111,10,6.65,-1.73,-0.14,3.49,0.5,1,"5.335294118",0.546,0.749,"-5.335294118",-0.052,-0.04600000000000004,-0.305,-0.123,0,"35.8",6.371323561664003,7.358254232901613,22.844406366475226,0.5714285714285714,40.667851036875064,27.87014964062031
17,605156,"Brooks, Aaron",17,100,0.5,1.5,0,2,0.859,0.502,0.189,1,2,85.8,57,1923,89.9,89.84,1,6,11,-0.10000000000000853,6.21,112,149,122,148,309,344,294,"-1.257","1.257","65.4","7.2","3.686505648",4,2,0,0,0,1,0,0,2,50,2.27471,0.55059,0.80647,0.12176,"90.1",199,50,50,25,6.05,-2.08,-0.56,2.87,0.75,1,"7.394117647",0.594,0.556,"-7.394117647",0.311,0.15600000000000003,1.444,0.357,16.7,"37.8",8.032319377007338,0.5982500078510993,26.859489363709027,0.6,32.23965177297539,25.401722719497073
16,644433,"Tromp, Chadwick",16,100,0.6,0.8,0.5,1.4,0.814,0.395,0.294,3,5,90.8,22.8,1092,39.9,37.53,0,6,10,-2.3999999999999986,3.38,126,150,137,151,311,334,298,"-2.325","2.325","73.6","6.9",,6,5,1,1,0,1,0,0,1,16.7,14.04187,1.39813,0.1975,-0.1475,"93.7",213,60,0,0,7.17,-1.54,-0.44,2.85,0.667,0,"14.53125",0.412,0.496,"-14.53125",0.306,0.25500000000000006,0.904,0.419,0,,20.797655353833953,-7.504459716391919,34.375443468821544,0.6,29.45873487217347,35.43354032711503
15,664744,"Espada, Jose",15,100,0.5,0,0.5,0.5,0.445,0.34,0.364,2,4,95.4,12,2357,88,87.75,1,7,8,-0.20000000000000284,6.3,114,150,118,146,298,323,290,"-0.287","0.287","69.9","7.2","0.1",4,4,2,0,0,0,0,0,0,0,2.542,0.44933,0.248,-0.012,"93.4",131,50,0,0,6.14,-2.02,0.18,2.16,0.5,0,"1.913333333",0.364,0.412,"-1.913333333",0.136,0.136,0.088,0.105,14.3,"47.2",11.623726127490654,-1.3415857469180714,30.884321190426697,0.8571428571428571,34.58050084944871,31.238201119590858
14,686563,"Cannon, Jonathan",14,100,,,,,0.698,0.698,,0,0,,,2421,90.3,89.81,1,1,13,-0.5,6.24,115,149,109,146,318,323,292,"-0.884","0.884","72.3","7.2","0.344325012",3,0,0,0,0,0,0,0,3,100,1.995,0.85357,0.19429,-0.21143,,,,,,5.79,-2.43,1.04,1.63,1,,"6.314285714",1,,"-6.314285714",,0,,0,100,"27.4",12.908380440795735,-4.1112923478952625,22.35082224714425,1,40.21838418349948,27.9016953473601
14,606115,"Arcia, Orlando",14,100,0.333,0,0.333,0.333,0.457,0.411,0.234,1,3,88.3,3.7,1381,50.5,48.35,0,3,11,-2.1000000000000014,3.87,119,148,124,150,296,320,303,"-0.793","0.793","72.4","6.9",,5,3,1,0,0,0,0,0,2,40,8.17643,1.21357,0.17692,-0.19231,"89.7",116,0,0,0,6.77,-1.79,-0.48,3.2,0.6,0,"5.664285714",0.54,0.286,"-5.664285714",0.099,0.05999999999999994,0.047,0.046,0,"36.3",11.949416992235516,7.94935603293345,25.925443210200353,0.6666666666666666,40.28384543648704,30.436987369481585
14,701474,"Davitt, Duncan",14,100,0,0,0,0,0.233,0.666,0.507,0,2,101.4,16,2398,87.5,88.54,0,6,8,1,6.99,106,150,115,146,307,318,292,"0.159","-0.159","72.4","6.8",,3,2,0,0,0,0,0,0,1,33.3,2.45643,0.54071,-0.03857,-0.35857,"94.6",250,100,50,33.33333333333333,4.97,-2.23,0.11,2.72,0.333,1,"-1.135714286",0.671,1.031,"1.135714286",-0.507,-0.338,-1.031,-0.433,0,"19.1",3.984182531498921,-0.12732887993988923,25.945164379949144,0.5,33.34338624296288,31.12123475512204
14,680474,"Schuemann, Max",14,100,0.25,0,0.25,0.25,0.317,0.43,0.387,1,4,88,22.5,1258,47.6,45.46,0,5,9,-2.1000000000000014,4.77,113,150,134,148,299,335,293,"0.108","-0.108","72.7","7.1",,5,4,1,0,0,0,0,0,1,20,9.32929,1.23,0.10769,0.10769,"91.5",208,0,0,0,6.18,-3.2,0.03,3.19,0.4,0,"-0.771428571",0.51,0.447,"0.771428571",-0.137,-0.10999999999999999,-0.197,-0.113,0,"39.5",17.7345307962944,-17.956528288959834,25.734524136191272,0.6,35.86439407100535,44.84530761085405
13,605441,"Ríos, Yacksel",13,100,0,0,0,0,0,0.335,0.345,0,5,90.8,19,2112,96.3,96.67,2,6,7,0.4000000000000057,6.45,117,152,121,152,305,318,298,"1.309","-1.309","72.8","7.3","2.093109288",5,3,0,0,0,0,2,40,0,0,1.42077,1.04692,0.79615,0.08385,"94.0",204,33.33333333333333,0,0,5.45,-1.8,0.12,2.3,0,0,"-10.069230769",0.345,0.43,"10.069230769",-0.345,-0.345,-0.43,-0.335,33.3,"40.6",6.618394724647652,4.06193048878896,34.90122786566158,0.5,36.366402515668725,26.533802166511737
12,686934,"McFarlane, Alex",12,100,0.25,0,0.25,0.25,0.222,0.521,0.446,1,4,94.7,7,2613,96.9,97.53,1,6,6,0.5999999999999943,6.3,121,149,134,150,289,320,297,"0.466","-0.466","69.1","7.3","1.815437256",4,4,1,0,0,0,0,0,0,0,1.74,0.68167,0.7225,-0.0775,"94.9",156,50,25,25,5.33,-2.03,0.02,1.95,0.25,1,"-3.883333333",0.446,0.787,"3.883333333",-0.196,-0.196,-0.537,-0.299,16.7,"25.0",7.248335520351128,-1.1527699986386397,43.387522527276964,0.5,34.309488091749586,28.74840827933648
10,664731,"Higgins, P.J.",10,100,0,0,0,0,0,0.034,0.03,0,3,78.1,55,1574,53.6,51.54,2,5,5,-2.1000000000000014,4.25,121,150,128,152,293,324,294,"0.786","-0.786","72.5","6.9","0.804790704",3,2,0,0,0,0,1,33.3,0,0,6.539,1.476,1.006,-0.618,"88.0",187,0,0,0,6.35,-2.07,-0.65,2.68,0,0,"-7.86",0.03,0.045,"7.86",-0.03,-0.03,-0.045,-0.034,40,"29.2",12.992815646406587,-1.2436552010275237,31.89749171748709,0.6,36.46204780944001,32.71027913754693
10,670097,"Short, Zack",10,100,0,0,0,0,0,0.204,0.209,0,3,83.8,9.7,1224,50.9,48.8,0,7,3,-2.1000000000000014,4,127,150,140,154,289,317,308,"0.786","-0.786","72.3","7.1",,3,3,0,0,0,0,0,0,0,0,7.579,1.457,0.271,-0.151,"92.8",240,0,0,0,6.92,-1.24,0.63,1.77,0,0,"-7.86",0.209,0.249,"7.86",-0.209,-0.209,-0.249,-0.204,0,"46.7",16.246903303092235,-11.114915302871719,30.761693496392695,0.42857142857142855,28.89518632994281,42.78498020108274
10,663967,"Salazar, César",10,100,0.25,0.75,0,1,0.51,0.137,0.084,1,4,80.1,38.3,1426,51.1,49.28,0,5,5,-1.8000000000000043,4.6,124,149,139,153,302,335,289,"-0.328","0.328","69.3","7.1",,4,4,0,0,0,1,0,0,0,0,7.157,1.716,0.678,-0.39,"90.0",151,25,0,0,6.47,-1.32,-0.45,2.71,0.25,0,"3.28",0.084,0.253,"-3.28",0.166,0.16599999999999998,0.747,0.373,0,"47.0",14.964112780921798,-1.5272116535100855,29.86764524583301,0.6,37.617916232165996,36.86279465005903
9,624512,"McGuire, Reese",9,100,0,0,0,0,0,0.027,0.017,0,3,84,53.3,1556,65,63.09,1,5,4,-1.8999999999999986,4.59,116,154,127,146,297,317,298,"0.787","-0.787","76.1","7.4","0.505214016",3,3,0,0,0,0,0,0,0,0,3.80444,1.60667,0.14111,0.14111,"89.0",230,0,0,0,6.91,-0.56,0.34,3.2,0,0,"-8.744444444",0.017,0.046,"8.744444444",-0.017,-0.017,-0.046,-0.027,20,"58.2",6.960096992916138,1.9602088114146934,26.756798713523615,0.8,39.97707018491974,35.82573189346877
9,676694,"Meyers, Jake",9,100,0,0,0,0,0,0.382,0.407,0,3,89,-12.3,1141,50.5,48.8,0,3,6,-1.7000000000000028,4.54,128,149,133,151,312,342,302,"0.786","-0.786","69.5","6.7",,3,3,0,0,0,0,0,0,0,0,8.19778,0.80778,-0.27889,-0.16778,"96.1",45,66.66666666666666,0,0,6.95,0.49,-0.42,2.79,0,0,"-8.733333333",0.407,0.459,"8.733333333",-0.407,-0.407,-0.459,-0.382,0,"61.8",17.285443396826757,-1.0339258411549808,26.798620631666104,0.5,34.3547724889461,33.873661929604644
8,686747,"La Sorsa, Joe",8,100,0.5,1.5,,2,1.02,0.797,0.4,1,2,104,30,2158,85.5,85.74,0,2,6,0.20000000000000284,6.33,118,152,121,148,301,314,278,"-1.396","1.396","71.5","7.3",,2,1,0,0,0,1,1,50,0,0,2.7325,0.4275,0.14625,0.24375,"96.0",266,100,100,50,5.32,3.1,0.65,2.16,0.5,1,"17.45",0.4,1.544,"-17.45",0.1,0.09999999999999998,0.456,0.223,0,"22.3",13.06134517643175,-6.362694641851528,33.77014683852407,1,30.161416216063316,36.22624561528619
7,620443,"Torrens, Luis",7,100,0.667,1,0.5,1.667,0.976,0.494,0.446,2,3,93.2,11,1138,44.5,42,0,3,4,-2.5,3.24,124,151,144,153,314,341,320,"-2.655","2.655","74.8","7.3",,3,3,1,0,0,1,0,0,0,0,10.48143,1.45429,-0.185,-0.02167,"93.2",195,33.33333333333333,0,0,7.47,-0.92,0.22,3.07,0.667,0,"37.928571429",0.446,0.707,"-37.928571429",0.221,0.22100000000000003,0.96,0.482,0,"61.0",15.7898972623464,-3.2809040403050953,30.67843896033064,1,32.93082624144595,38.9082417705579
6,608348,"Kelly, Carson",6,100,0.4,1.2,0,1.6,0.816,0.557,0.287,2,5,84,41,1201,53.3,51.62,0,5,1,-1.6999999999999957,4.67,113,153,122,150,309,330,302,"-1.442","1.442","73.0","6.8",,5,5,0,0,0,2,0,0,0,0,7.04667,1.57167,0.52333,0.42,"94.1",203,40,20,20,7.34,-1.43,0.26,2.89,0.4,1,"24.033333333",0.287,1.092,"-24.033333333",0.113,0.11300000000000004,0.508,0.259,0,"55.0",16.516892451705775,-2.112342146913001,33.000904788802934,1,33.185586333991296,33.59111415485066
6,664059,"Haggerty, Sam",6,100,0,0,0,0,0.243,0.278,0.057,0,2,70.2,-29.5,813,34.6,31.17,1,3,3,-3.400000000000002,3.43,120,155,119,147,299,338,271,"0.219","-0.219","70.6","7.4","1.444676664",3,2,0,0,0,0,0,0,0,0,19.96167,1.33333,-0.13333,-0.13333,"88.0",6,0,0,0,7.2,-0.76,-0.2,3.99,0.333,0,"-3.65",0.372,0.063,"3.65",-0.057,-0.03899999999999998,-0.063,-0.035,33.3,"62.4",16.844885656713128,3.825855789659845,30.169737918831498,0,44.13954261288013,29.213990468493623