"last_name, first_name","player_id","year","player_age","k_percent","bb_percent","in_zone_percent","whiff_percent","groundballs_percent","flyballs_percent","popups_percent","pitch_hand","arm_angle","n_ff_formatted","ff_avg_speed","ff_avg_spin","ff_avg_break_x","ff_avg_break_z","ff_avg_break_z_induced","ff_avg_break","ff_range_speed","n_sl_formatted","sl_avg_speed","sl_avg_spin","sl_avg_break_x","sl_avg_break_z","sl_avg_break_z_induced","sl_avg_break","sl_range_speed","n_ch_formatted","ch_avg_speed","ch_avg_spin","ch_avg_break_x","ch_avg_break_z","ch_avg_break_z_induced","ch_avg_break","ch_range_speed","n_cu_formatted","cu_avg_speed","cu_avg_spin","cu_avg_break_x","cu_avg_break_z","cu_avg_break_z_induced","cu_avg_break","cu_range_speed","n_si_formatted","si_avg_speed","si_avg_spin","si_avg_break_x","si_avg_break_z","si_avg_break_z_induced","si_avg_break","si_range_speed","n_fc_formatted","fc_avg_speed","fc_avg_spin","fc_avg_break_x","fc_avg_break_z","fc_avg_break_z_induced","fc_avg_break","fc_range_speed","n_fs_formatted","fs_avg_speed","fs_avg_spin","fs_avg_break_x","fs_avg_break_z","fs_avg_break_z_induced","fs_avg_break","fs_range_speed","n_kn_formatted","kn_avg_speed","kn_avg_spin","kn_avg_break_x","kn_avg_break_z","kn_avg_break_z_induced","kn_avg_break","kn_range_speed","n_st_formatted","st_avg_speed","st_avg_spin","st_avg_break_x","st_avg_break_z","st_avg_break_z_induced","st_avg_break","st_range_speed","n_sv_formatted","sv_avg_speed","sv_avg_spin","sv_avg_break_x","sv_avg_break_z","sv_avg_break_z_induced","sv_avg_break","sv_range_speed","n_fo_formatted","fo_avg_speed","fo_avg_spin","fo_avg_break_x","fo_avg_break_z","fo_avg_break_z_induced","fo_avg_break","fo_range_speed","n_sc_formatted","sc_avg_speed","sc_avg_spin","sc_avg_break_x","sc_avg_break_z","sc_avg_break_z_induced","sc_avg_break","sc_range_speed"
"Vodnik, Victor",680767,2026,26,16.6,11.8,45.6,24.2,56.1,15.2,3.8,"R",43.6,"50.3","98.5","2258","-5.3","-15.2","12.8","13.9","1.2","29.3","88.6","2365","2.4","-37.4","-2.7","4.7","1.6","16","92.4","1904","-15.2","-28.8","3.2","15.9","1.5",,,,,,,,,"2.4","98.9","2107","-13.2","-19.1","8.7","15.9","1.4","2","92.8","2313","2.4","-29.4","2.2","3.9","1.5",,,,,,,,,,,,,,,,,,,,,,,,,,,,,,,,,,,,,,,,,,,,,,,,
"Dreyer, Jack",676263,2026,27,29.2,7.3,49.2,28.2,48.8,24,9.1,"L",58.4,"47.2","94","2470","6.2","-11.4","19.7","20.7","1.6","37.9","88.7","2401","-3","-30.6","4.1","5.4","1.5",,,,,,,,,"14.9","81.1","2554","-6.6","-58.6","-16.7","18","1.4",,,,,,,,,,,,,,,,,,,,,,,,,,,,,,,,,,,,,,,,,,,,,,,,,,,,,,,,,,,,,,,,
"Kelly, Michael",547184,2026,33,18.8,18.8,58.7,24.1,20,20,15,"R",29.1,"22.3","95.9","2317","-7","-15.9","13.8","15.7","1.5","26.4","90","2627","4.4","-27.6","5.9","7.8","1.6","0.8","90.2","1155","-8","-35.1","-1.2","8.1",,,,,,,,,,"9.1","95.5","2296","-16.1","-24.6","5.7","17.2","1.4",,,,,,,,,,,,,,,,,,,,,,,,,"41.3","83.9","2760","13.4","-37.2","1.7","13.6","1.3",,,,,,,,,,,,,,,,,,,,,,,,
"Klein, John",804619,2026,24,10.5,21.1,47.6,10.3,30.8,38.5,15.4,"R",38.6,"50","94.9","2385","-12","-14.3","16.1","20.2","1.4",,,,,,,,,"28","86.4","1522","-13.1","-34.5","2.1","13.5","1.3","7.3","79.6","2369","13","-54.3","-10.9","17","1.5",,,,,,,,,"11","86.7","2219","2.6","-30.4","5.7","6.3","1.4",,,,,,,,,,,,,,,,,"3.7","82.7","2054","5.7","-34.6","4.9","7.9","1.5",,,,,,,,,,,,,,,,,,,,,,,,
"Webb, Logan",657277,2026,29,19.1,5.9,46.5,20.5,52.5,19.2,4.8,"R",20.9,"12.7","92.3","2084","-7.7","-22","9.9","12.7","1.1",,,,,,,,,"24.9","85.9","1481","-10","-42.1","-5.3","11.6","1.2",,,,,,,,,"29.7","92.1","1946","-15.5","-32","0.3","15.7","1.1","13.3","89.7","2313","-0.8","-26.8","6.8","7.1","1.3",,,,,,,,,,,,,,,,,"19.4","84.1","2605","14.3","-37.6","1.1","14.6","1.2",,,,,,,,,,,,,,,,,,,,,,,,
"Gibson, Trey",694346,2026,24,18.6,15.5,45.2,22.7,51.4,20,2.9,"R",37.8,"19.2","95.4","2021","-9.8","-16","14.2","17.4","1.3","21","87.8","2211","2.8","-41.8","-6.3","7.1","1.6",,,,,,,,,"13.2","84.3","2434","8.4","-52.5","-13.6","16.1","1.6","25.4","94.6","2001","-15.4","-22.9","7.7","17.3","1.2","19.2","91.9","2370","4","-22.9","9.3","10.3","1.6",,,,,,,,,,,,,,,,,"1.9","84.8","2621","14.7","-32.8","5.4","15.9","1.4",,,,,,,,,,,,,,,,,,,,,,,,
"Santa, Alimber",695001,2026,23,15.3,10.2,47.9,18.5,52.3,27.3,2.3,"R",30.5,"7.6","95.5","2119","-6.7","-20.4","9.5","11.7","1.4","31.1","87.4","2327","4.3","-33.1","2.5","5.5","1.5",,,,,,,,,,,,,,,,,"23.5","93.9","1937","-13.7","-26.9","4.1","14.5","1.5",,,,,,,,,,,,,,,,,,,,,,,,,"37.8","82.7","2786","16.9","-37.6","2.5","17.3","1.4",,,,,,,,,,,,,,,,,,,,,,,,
"Franco, Jose",683742,2026,25,16.3,16.3,45.7,20.6,33.9,33.9,9.7,"R",36.9,"46","95.1","2345","-10.1","-13.8","16.6","19.6","1.1","40.5","85.1","2508","3.2","-36.5","1.1","3.8","1.5","13.5","88.3","1709","-15.7","-26.6","8.6","18.2","1.3",,,,,,,,,,,,,,,,,,,,,,,,,,,,,,,,,,,,,,,,,,,,,,,,,,,,,,,,,,,,,,,,,,,,,,,,
"Bassitt, Chris",605135,2026,37,14.2,8.4,47.7,21.2,47.4,22.2,8.2,"R",29.9,"4.6","91.5","2105","-7.4","-21.1","11.5","13.8","1.3","2.2","79.4","2451","9.4","-48.1","-4.9","10.8","1.8","4.5","85","1739","-15.8","-37.5","0.5","16","1.4","23.3","71","2306","16.4","-67.4","-12.4","20.6","1.2","37.2","91.9","2090","-16.8","-27.1","5.4","17.7","1.2","22.4","89.6","2133","-1.9","-24.2","9.7","10","1.4",,,,,,,,,,,,,,,,,"5.8","72.9","2370","18.7","-52.7","-0.6","19","1.3",,,,,,,,,,,,,,,,,,,,,,,,
"Drake, Kohl",684442,2026,25,16.9,7.8,45.2,21.5,25.5,40,7.3,"L",38.8,"44","91.5","2272","11.3","-16.6","16.2","19.8","1.1","8.9","81.6","2365","-2.7","-39.4","1.4","5.2","1.4","17.2","81.7","1900","15.5","-32.8","8.2","17.7","1.1","17.2","78.5","2522","-5.3","-55.2","-10.8","12.2","1.2",,,,,,,,,"12.6","86.1","2284","-0.4","-27.9","8.7","8.8","1.3",,,,,,,,,,,,,,,,,,,,,,,,,,,,,,,,,,,,,,,,,,,,,,,,
"Oviedo, Johan",670912,2026,28,16.7,5.6,45.8,13.5,46.2,38.5,7.7,"R",23.4,"34.7","93","2253","-3.5","-17.7","14","14.6","1.4","19.4","83.5","2377","8.4","-39.4","0","8.6","1.5",,,,,,,,,"25","76.5","2325","11.8","-49.1","-2","12.2","1.6","19.4","92.1","2240","-11.2","-24.7","7.9","14.1","1.5","1.4","89.5","2177","-1.9","-25.5","8.5","8.7",,,,,,,,,,,,,,,,,,,,,,,,,,,,,,,,,,,,,,,,,,,,,,,,,
"Gaddis, Hunter",683769,2026,28,21.9,9.6,48.4,29.9,30.8,33.3,10,"R",35.2,"30.5","95.1","2259","-6.8","-13.6","16.7","18.1","1.1","47.9","89.6","2301","6.1","-28.9","5.1","8.3","1.6","20.6","79.7","2249","-19","-34.6","8.9","21.2","1.9",,,,,,,,,,,,,,,,,,,,,,,,,"1","80.1","790","-8","-38","5","10.1","1.7",,,,,,,,,,,,,,,,,,,,,,,,,,,,,,,,,,,,,,,,
"Peguero, Joel",666711,2026,29,10.4,8.3,51.5,18.1,56.8,21.6,2.7,"R",44.7,"43.2","100","2231","-5.8","-13.3","13.8","15.1","1.6","23.1","93.2","2546","4.6","-27.1","4","6.6","1.6",,,,,,,,,,,,,,,,,"33.7","99.1","2286","-14.4","-18.8","8.9","17","1.6",,,,,,,,,,,,,,,,,,,,,,,,,,,,,,,,,,,,,,,,,,,,,,,,,,,,,,,,
"Pomeranz, Drew",519141,2026,37,12.6,11.9,49.8,17.6,28,32,18,"L",37,"73","92.1","2583","3.4","-13.7","18.6","19","1.2",,,,,,,,,,,,,,,,,"27","84.3","2244","-4","-48","-9.5","10.6","1.3",,,,,,,,,,,,,,,,,,,,,,,,,,,,,,,,,,,,,,,,,,,,,,,,,,,,,,,,,,,,,,,,
"Rivera, Eduardo",700842,2026,23,22.7,13.6,45.7,25,50,21.4,10.7,"L",47,"54.3","95.3","2226","3.1","-13.9","16.2","16.6","1.2","31","87.8","2302","-3.1","-31.3","4.1","5.9","1.6","14.8","86.9","1175","7.9","-29.6","6.5","10.9","1.5",,,,,,,,,,,,,,,,,,,,,,,,,,,,,,,,,,,,,,,,,,,,,,,,,,,,,,,,,,,,,,,,,,,,,,,,
"Cleavinger, Garrett",664076,2026,32,32,10.7,43.6,29.5,39.3,26.2,9.5,"L",30.5,"14.4","96.6","2376","7.6","-13.3","16.1","17.9","1.2","44.9","87.4","2688","-5.6","-34.1","1.5","6.4","1.5",,,,,,,,,,,,,,,,,"27.1","95.2","2384","17.5","-21.5","8.8","19.7","1.2",,,,,,,,,,,,,,,,,,,,,,,,,"13.6","80.4","2797","-18.3","-42.5","0.1","18.5","1.2",,,,,,,,,,,,,,,,,,,,,,,,
"Paredes, Mike",702474,2026,25,12.3,8.4,49,19.3,39,29.7,5.1,"R",37.2,"37","93","2125","-4.7","-16.8","14.7","15.5","1.1",,,,,,,,,"25.6","87.7","1452","-10.6","-34.3","1","11","1.5",,,,,,,,,,,,,,,,,"15.4","87.4","2390","5","-29","6.5","8.6","1.7",,,,,,,,,,,,,,,,,"22","79.2","2518","17","-41.8","1.9","17.2","1.7",,,,,,,,,,,,,,,,,,,,,,,,
"Bazardo, Eduard",660825,2026,30,23.2,6.4,53.4,21.3,32.5,33.1,9.1,"R",42.6,"0.5","95.5","2097","-7.1","-13.7","16.5","18","1.4",,,,,,,,,,,,,,,,,,,,,,,,,"63.1","95.4","2199","-16.2","-19.8","10.2","19.3","1.3",,,,,,,,,"2.3","91.1","1734","-14.5","-25.6","7.5","16.5","1.4",,,,,,,,,"34.2","83.4","2634","14.8","-43.8","-4.3","15.6","1.3",,,,,,,,,,,,,,,,,,,,,,,,
"Peoples, Ben",687239,2026,25,13,9.3,45.2,23.8,43.9,29.3,4.9,"R",48.3,"60.1","96.3","2320","-0.7","-13.3","16.2","16.3","1","35.5","88.1","2509","3.6","-35.4","-0.3","4.4","1.2","4.4","88.9","1457","-11.6","-26.6","8","14.5","1.4",,,,,,,,,,,,,,,,,,,,,,,,,,,,,,,,,,,,,,,,,,,,,,,,,,,,,,,,,,,,,,,,,,,,,,,,
"Rajcic, Max",691008,2026,24,20.5,15.4,45.4,23.9,36,32,16,"R",42.6,"40.5","95.5","2262","-10.3","-13.9","16","19.1","1.1","3.1","89","2481","0","-31.3","2.9","4","1.5","11.7","85.7","1964","-15.2","-29.2","8","17.4","1.4","25.8","82.7","2885","8.5","-55.5","-15.3","17.6","1.5","7.4","95","2156","-14","-17.4","12.8","19.2","1.3",,,,,,,,,,,,,,,,,,,,,,,,,"11.7","83.9","2558","10.8","-37.7","1","11.4","1.4",,,,,,,,,,,,,,,,,,,,,,,,
"Shugart, Chase",663767,2026,29,27.5,9.4,48,25.3,38.5,34.6,5.8,"R",38.3,"10.8","96.1","2141","-8.9","-13.7","15.9","18.3","1.3",,,,,,,,,"8.7","89.1","1827","-15.2","-27.9","6.5","17","1.6",,,,,,,,,"28.4","95.2","2108","-16.3","-20.3","9.8","19.2","1.3","30.8","91.6","2441","2.7","-24.8","7.7","8.5","1.7",,,,,,,,,,,,,,,,,"21.4","82.5","2739","16.8","-40.3","0.2","17","1.7",,,,,,,,,,,,,,,,,,,,,,,,
"Crow, Coleman",689441,2026,25,11.8,7.1,52.2,16.3,36.8,26.5,11.8,"R",29.3,"18.3","91.3","2579","-7.5","-18.7","14.1","16.1","1.2",,,,,,,,,,,,,,,,,"20.7","74.1","2953","17.5","-65.6","-14.6","22.9","1.4","16.9","91.3","2510","-14.2","-24.7","8.1","16.6","1.2","36.3","87.4","2867","2.7","-28.2","7.4","8","1.2",,,,,,,,,,,,,,,,,"7.8","79.1","2982","21.3","-42.3","2","21.6","1.3",,,,,,,,,,,,,,,,,,,,,,,,
"Wantz, Andrew",681806,2026,30,5,15,49.4,14,21.4,28.6,14.3,"R",36,"34.6","94.3","2394","-5.2","-15","15.9","16.8","1.4",,,,,,,,,"3.7","86.9","1671","-12.7","-35","1.6","13.8","1.4","3.7","80.2","2699","8.2","-50.6","-8.4","11.8","1.5","18.5","93.3","2335","-14.8","-22.9","8.8","17.5","1.5","27.2","89.5","2517","4.7","-27.8","6.2","8","1.4",,,,,,,,,,,,,,,,,"12.3","83","2659","16.7","-35","4.9","17.5","1.4",,,,,,,,,,,,,,,,,,,,,,,,
"Hill, Jaden",677955,2026,26,22,13.4,48,30.4,43.6,24.4,7.7,"R",24.2,"30.4","97.1","2439","-8.7","-15.4","13.5","16.1","1.1","29.7","88.2","2466","2.8","-35.3","-0.3","3.6","1.3","19.5","85.6","1601","-13.6","-35.7","1.4","13.8","1",,,,,,,,,"20.4","97.6","2337","-15.4","-20.6","8.1","17.5","1.1",,,,,,,,,,,,,,,,,,,,,,,,,,,,,,,,,,,,,,,,,,,,,,,,,,,,,,,,
"Thompson, Keegan",624522,2026,31,19.3,3.5,51.3,21.6,31.8,34.1,9.1,"R",33.9,"28.7","92.3","2445","-4.5","-17.5","14.3","15.1","1",,,,,,,,,"6.7","86.3","1459","-9.1","-35.4","1.2","9.6","1.4","8.2","80.5","2563","8.6","-52.4","-10.5","13.8","1.5","22.6","92.1","2512","-12.4","-21.7","10.4","16.3","1.1","24.1","88.3","2683","4.4","-29.6","5","7","1.2",,,,,,,,,,,,,,,,,"9.7","83.5","2818","9.4","-33.8","5.6","11.8","1.4",,,,,,,,,,,,,,,,,,,,,,,,
"Gibson, Cade",806188,2026,28,18.3,9.9,47.4,19.6,50.5,17.5,3.1,"L",31.4,"2.7","92.2","2338","9.9","-18.9","12.9","16.4","1.4","17.2","87","2844","-3.2","-30.4","5.4","6.9","1.4","6.5","86.8","1698","11.8","-34.7","1.5","12.2","1.2","22.8","79.2","3110","-14.4","-59.5","-15.4","21.2","1.6","23.9","92.2","2316","15.2","-25.6","6.6","16.7","1.2",,,,,,,,,,,,,,,,,,,,,,,,,"26.9","80.4","3188","-21.5","-42.7","0","21.6","1.4",,,,,,,,,,,,,,,,,,,,,,,,
"Skubal, Tarik",669373,2026,29,30.5,4.3,49.3,32.2,45.5,25.7,6.3,"L",47.1,"35.3","96.7","2323","3.4","-12.2","17","17.5","1.3","13.7","89.4","2216","-3.2","-30.1","3.9","5.3","1.5","25.5","87.3","1830","13.7","-31.3","4.8","14.8","1.7","4.5","80.3","2534","-8.6","-47.5","-5.1","10.3","1.6","21","96.7","2190","13.4","-17.2","12.1","18.2","1.3",,,,,,,,,,,,,,,,,,,,,,,,,,,,,,,,,,,,,,,,,,,,,,,,,,,,,,,,
"Uribe, Abner",682842,2026,26,25.1,9.4,47.1,26.4,55.6,17.7,8.1,"R",37.2,"0.1","99","2425","-7.7","-14.4","13.4","15.4",,"36.8","87.4","2535","10.9","-32","3.9","12","1.5",,,,,,,,,,,,,,,,,"63.1","98.7","2303","-13.8","-21.2","6.9","15.5","1.3",,,,,,,,,,,,,,,,,,,,,,,,,,,,,,,,,,,,,,,,,,,,,,,,,,,,,,,,
"Helsley, Ryan",664854,2026,31,30.9,13.2,44.7,37.9,60.5,26.3,2.6,"R",60.9,"45.1","98.7","2580","-2.2","-8.9","19.4","19.6","1.7","38.8","87.9","2423","3.9","-34.6","0.8","5.2","1.8",,,,,,,,,"4","81.5","2532","2.7","-51.5","-10.3","10.7","1.6",,,,,,,,,,,,,,,,,"12.1","90.1","1447","-12.4","-24.6","9.1","15.8","1.5",,,,,,,,,,,,,,,,,,,,,,,,,,,,,,,,,,,,,,,,
"Hurt, Kyle",669165,2026,28,27.7,12.7,51.7,35.3,43.9,25.5,7.1,"R",44.8,"54.7","96.4","2074","-8.6","-12.6","16.8","18.9","1.2","9.7","87.9","2157","0.9","-34.1","1.5","2.4","1.4","35.6","88.6","1338","-13.7","-31.5","3.4","14.5","1.1",,,,,,,,,,,,,,,,,,,,,,,,,,,,,,,,,,,,,,,,,,,,,,,,,,,,,,,,,,,,,,,,,,,,,,,,
"Kilian, Caleb",668873,2026,29,26.8,10.5,48.2,27.9,48.8,27.1,7,"R",46.5,"49.9","96.8","2380","-1.8","-13.4","15.7","15.9","1.2","12.8","88.3","2535","5","-34.9","-0.1","5.5","1.7",,,,,,,,,"23.8","80.9","2703","10.5","-57","-14.8","18.3","1.5","13.5","96","2408","-13.2","-18.2","11.5","17.6","1.3",,,,,,,,,,,,,,,,,,,,,,,,,,,,,,,,,,,,,,,,,,,,,,,,,,,,,,,,
"Castro, Kervin",665645,2026,27,34.8,8.7,45.7,25,61.5,15.4,7.7,"R",62.6,"52.1","93.9","2388","-1","-13.7","17.2","17.3","1.3",,,,,,,,,,,,,,,,,"11.7","79.5","2362","5.9","-56.3","-13","14.5","1.5","17","93.5","2259","-10.4","-18","13.1","16.9","1.4","19.1","92.5","2399","4.9","-21.6","10.2","11.4","1.3",,,,,,,,,,,,,,,,,,,,,,,,,,,,,,,,,,,,,,,,,,,,,,,,
"Burgos, Raymond",670103,2026,27,20,0,61.2,18.2,50,37.5,0,"L",27.8,"6","90.9","2161","10.4","-21","11.8","15.8","1.4",,,,,,,,,"17.9","84.7","1525","13.4","-37.9","0.1","13.9","1.4",,,,,,,,,"34.3","90.8","2165","14.4","-28.6","4.4","15.2","1.3","20.9","86.7","2141","0.3","-29.3","6.8","8","1.4",,,,,,,,,,,,,,,,,"20.9","78.6","2321","-14.6","-44","0.2","14.8","1.5",,,,,,,,,,,,,,,,,,,,,,,,
"Smith, Hagen",696146,2026,22,42.9,35.7,38.1,34.8,33.3,0,33.3,"L",20.5,"47.6","94.5","2466","9.5","-16.1","14.5","17.4","1.4","19","82.9","2389","-4.3","-43.7","-4","6.1","1.4","3.2","88.9","1713","12.8","-25.9","8.7","15.7","1.5",,,,,,,,,,,,,,,,,"30.2","88.5","2495","-2.9","-29.9","4.9","5.8","1.4",,,,,,,,,,,,,,,,,,,,,,,,,,,,,,,,,,,,,,,,,,,,,,,,
"Abel, Mick",690953,2026,24,24.7,10.8,51,28.8,40.4,24.6,7,"R",27.2,"42.9","94.8","2516","-7.5","-13.6","16.9","18.6","1.4","13.4","87.1","2406","3.4","-32.4","3.5","5.2","1.6","17.6","87.4","1687","-9.9","-33.6","2.1","10.4","1.5","12","80.5","2667","12.3","-51.6","-9.1","15.4","1.4","3.4","93.7","2389","-14.4","-20.4","10.8","18.2","1.3",,,,,,,,,,,,,,,,,,,,,,,,,"10.6","83.5","2721","15","-37.5","2","15.4","1.4",,,,,,,,,,,,,,,,,,,,,,,,
"Strowd, Kade",669704,2026,28,14.3,42.9,31.3,0,0,33.3,0,"R",44,"6.3","94.9","2367","-1.2","-15.6","14.8","15.1","1.5",,,,,,,,,,,,,,,,,"18.8","84","2871","11.8","-49.7","-10.7","16","1.5","3.1","93.9","2140","-13.5","-21.4","9.7","16.7",,"71.9","90.8","2551","4.7","-27.5","5.7","7.6","1.5",,,,,,,,,,,,,,,,,,,,,,,,,,,,,,,,,,,,,,,,,,,,,,,,
"Bellozo, Valente",678368,2026,26,16.7,14.6,48.2,29.5,28.1,40.6,9.4,"R",36.7,"21.2","90.4","2069","-5.2","-18.6","14.6","15.6","1.6",,,,,,,,,"18.2","80.6","1777","-15.6","-39.8","2.1","15.8","1.5","4.7","75.9","2718","11.4","-53.3","-6.1","13.3","1.6","11.2","88.3","2019","-12.8","-27.5","7.2","14.7","1.4","23.5","86.1","2388","0.5","-26.3","10","10.4","1.5",,,,,,,,,,,,,,,,,"21.2","78.9","2627","12.1","-39.3","4.6","13.3","1.4",,,,,,,,,,,,,,,,,,,,,,,,
"Smith, Burch",572143,2026,36,27.4,9.6,49.5,22.7,52.2,26.1,2.2,"R",36.2,"43.6","93.8","2339","-5","-13.9","17.3","18.2","1.4",,,,,,,,,"9.4","84.3","1709","-8.8","-34.7","3.5","9.8","1.6","25.4","82.2","2467","9.2","-54.2","-13.3","16.3","1.5","0.7","91.6","2260","-9.8","-25.1","7.3","12.2","1.6","20.9","87.7","2386","4.3","-30.8","4.5","6.8","1.5",,,,,,,,,,,,,,,,,,,,,,,,,,,,,,,,,,,,,,,,,,,,,,,,
"Zuñiga, Guillo",670871,2026,27,25,25,27.8,25,0,50,50,"R",28.3,"38.9","97.4","2390","-7.3","-14.5","14.2","16","1.4",,,,,,,,,"11.1","91.4","2028","-16.6","-29.3","3.3","16.9","1.4",,,,,,,,,"27.8","97.3","2406","-15.6","-20.3","8.6","17.8","1.4",,,,,,,,,,,,,,,,,,,,,,,,,"22.2","84.5","2542","13.5","-33.5","4.6","14.3","1.5",,,,,,,,,,,,,,,,,,,,,,,,
"Milner, Hoby",571948,2026,35,12.1,6,50.9,17.1,43.7,23.5,5.9,"L",-4.5,"13.7","87.4","1934","14.3","-29.7","6.5","15.9","1.2",,,,,,,,,"15.7","80.7","1565","15","-45.5","-3.2","15.6","1.1",,,,,,,,,"42.1","86.9","1900","16.8","-36.2","0.3","17.1","1.1",,,,,,,,,,,,,,,,,,,,,,,,,"28.5","78.3","1824","-14.4","-45.3","-0.4","14.5","1.2",,,,,,,,,,,,,,,,,,,,,,,,
"Javier, Cristian",664299,2026,29,16.8,10.7,48.8,24.4,23.6,43.4,7.5,"R",34.7,"50","93","2201","-4.6","-14.3","17.3","18.1","1","0.9","84.7","2499","6.8","-33.8","4","8","1.4","16.4","86.3","2385","-14.9","-27.8","9.2","17.6","1.7","2.3","77.1","2981","11.1","-57.9","-11.4","16.2","1.6","2.1","93.1","2293","-12","-15.8","16","20.1","1.4","5.7","88.7","2351","3.7","-24.8","9.9","10.7","1.3",,,,,,,,,,,,,,,,,"22.6","80.4","2552","14.5","-39.9","2.7","15","1.6",,,,,,,,,,,,,,,,,,,,,,,,
"Liberatore, Matthew",669461,2026,26,22,8.6,48.7,22.9,38.3,28.7,7,"L",46.4,"31.3","94.4","2109","6.3","-14.1","16.6","17.9","1.2","23.9","86.4","2659","-4.3","-35.6","0.7","5","1.4","14.7","88.6","1797","14.7","-25.4","9.4","17.7","1.2","16.5","79.6","3055","-10.2","-61.2","-17.4","20.3","1.7","8.9","94.4","2129","13.1","-16.8","14","19.2","1.3","4.2","90.5","2470","-1.6","-22.3","10.8","11.1","1.3","0.5","87","873","7.3","-29.4","6.9","11.1","1.5",,,,,,,,,"0.1","86.5","2786","-12.2","-33.3","3.2","12.6","1.4",,,,,,,,,,,,,,,,,,,,,,,,
"Hoppe, Alex",695380,2026,27,25.9,8.9,46.4,27.6,47.1,13.8,4.6,"R",51.1,"36.6","98","2287","-2.5","-14","14.3","14.7","1.2","44.9","88.5","2361","4.1","-38.1","-3.4","5.6","1.3","1.2","91.9","1956","-16.9","-25.4","6.9","18.3","1.5",,,,,,,,,"17.4","97.8","2138","-13.2","-19.1","9.5","16.5","1.3",,,,,,,,,,,,,,,,,,,,,,,,,,,,,,,,,,,,,,,,,,,,,,,,,,,,,,,,
"Buttó, José",676130,2026,28,31.3,25,30.2,40.9,14.3,42.9,0,"R",38.1,"25.4","94.1","2479","-4.4","-14.1","16.9","17.6","1.4","20.6","85.1","2656","2.6","-37.5","0.2","3.3","1.4","12.7","87.9","2119","-10.8","-29.8","5.7","12.7","1.5","1.6","80.4","2546","2","-53.1","-10.5","10.7",,"39.7","92.5","2238","-15.3","-22","10.3","18.7","1.5",,,,,,,,,,,,,,,,,,,,,,,,,,,,,,,,,,,,,,,,,,,,,,,,,,,,,,,,
"Barnes, Charlie",656212,2026,30,9.5,11.1,43.8,15.1,46.9,16.3,6.1,"L",23,"33.3","89.3","2026","11","-20.8","13.6","17.6","1.3","20.9","83.6","2469","-5.2","-38.9","0.4","5.8","1.3","17.9","82.4","1694","17.3","-37.1","3.4","17.8","1.2",,,,,,,,,"21.4","89.2","2005","16.8","-28.8","5.7","17.8","1.2",,,,,,,,,,,,,,,,,,,,,,,,,"6.5","78.2","2490","-18","-47.6","-2.6","18.3","1.5",,,,,,,,,,,,,,,,,,,,,,,,
"Backhus, Kyle",679775,2026,28,21.3,6.4,48.9,19.6,45.5,22.7,4.5,"L",5.9,,,,,,,,,,,,,,,,,"10.5","80.4","1649","14.9","-39.8","2.8","15.5","1.9",,,,,,,,,"55.4","90.7","2181","18.8","-32.5","1","19","1.4",,,,,,,,,,,,,,,,,,,,,,,,,"34.2","78.3","2133","-11","-41.7","3.1","11.7","1.6",,,,,,,,,,,,,,,,,,,,,,,,
"Petty, Chase",695534,2026,23,10.8,6.5,48.2,19.6,38.4,30.4,6.3,"R",32.5,"14.9","96.9","2319","-14.7","-15.9","13.4","19.9","1.4","9.4","89.2","2198","1.6","-31","3.4","4.3","1.7","23.1","87.4","1666","-15.1","-35.1","0.8","15.4","1.5",,,,,,,,,"34.4","96.2","2106","-15.4","-18.8","10.8","18.9","1.4",,,,,,,,,,,,,,,,,,,,,,,,,"18.2","83.2","2293","12.6","-36.9","2.6","13.2","1.6",,,,,,,,,,,,,,,,,,,,,,,,
"Ragans, Cole",666142,2026,28,29.8,15.2,44.4,31.7,34.9,37.3,8.4,"L",42.1,"56.1","94.9","2556","12.8","-12.8","17.8","22","1.8","13.3","85.1","2576","-0.6","-38","-0.4","2.6","1.6","16.5","84.2","2093","15.5","-26.6","12.2","19.8","1.3","8.5","79.3","2451","-10.6","-58","-14","17.7","1.8",,,,,,,,,"5.6","89.7","2582","1.4","-26","7.8","8.1","1.4",,,,,,,,,,,,,,,,,,,,,,,,,,,,,,,,,,,,,,,,,,,,,,,,
"Sugano, Tomoyuki",608372,2026,36,13.9,5.5,47.2,18.2,37.4,31.3,4.5,"R",40.9,"20.5","92.4","2415","-5.6","-17.2","14.7","15.8","1.1","9.9","85.3","2592","3.7","-37.4","-0.2","4.5","1.3",,,,,,,,,"6.8","79.8","2692","6.4","-51.7","-9.1","11.3","1.2","19.4","92.3","2299","-13.2","-20.8","11.2","17.4","1.1","11.4","88.8","2492","1.4","-28.7","5.6","6.1","1.1","21.5","86.8","1655","-10.7","-30.3","5.7","12.3","1.2",,,,,,,,,"10.5","83.7","2569","8.9","-36.8","2.3","9.8","1.2",,,,,,,,,,,,,,,,,,,,,,,,
"López, Reynaldo",625643,2026,32,21.6,9.5,47.1,21.8,36.8,28.7,7.7,"R",41.1,"54.8","94.2","2066","-6.9","-14.1","16.6","18.1","1.7","30.8","84.1","2319","5.4","-38.3","0.2","5.9","2.3","3.5","84","1599","-11.6","-28.5","10.2","15.9","1.9","10.9","74.2","2285","7.4","-57.4","-7.9","11","2.1",,,,,,,,,,,,,,,,,,,,,,,,,,,,,,,,,,,,,,,,,,,,,,,,,,,,,,,,,,,,,,,,
"Gore, MacKenzie",669022,2026,27,26.1,8.6,47.4,26.4,39.1,26.2,7.7,"L",47.7,"45.9","95.4","2244","6.6","-13.9","16.3","17.7","1.1","10","85.7","2085","-4.4","-34.7","2.8","6.8","1.5","11.9","86.5","1961","13.2","-26.6","10.1","16.8","1.3","19","81.7","2268","-3.3","-52.5","-11.4","12.1","1.6","5.6","95.2","2124","13.5","-16.4","13.9","19.5","1.2","7.7","89.9","1928","-1.5","-26.1","7.6","7.9","1.3",,,,,,,,,,,,,,,,,,,,,,,,,,,,,,,,,,,,,,,,,,,,,,,,
"Madden, Ty",680744,2026,26,25.8,9.1,40.1,24.9,38.8,24.7,12.9,"R",41.9,"33.5","93.1","2314","-4.8","-15.9","15.5","16.4","1.4","23","83.7","2633","1","-43","-4.2","4.7","1.6",,,,,,,,,"1.1","78.8","2505","2.8","-55.6","-11.6","12.1","1.5","11.6","92.1","2249","-13.4","-21.8","10.4","17.1","1.4","17.5","87.4","2562","1.8","-31.7","3.9","4.6","1.6","13.4","85","1443","-10.4","-35.2","2.3","11.1","1.4",,,,,,,,,,,,,,,,,,,,,,,,,,,,,,,,,,,,,,,,
"Hiraldo, Yaramil",682274,2026,30,35.1,16.2,45.8,44,17.6,47.1,11.8,"R",61.7,"43.1","95.7","2332","-3.7","-10.9","19.1","19.6","1.1","25.7","87","2354","4","-32.9","3.1","5.3","1.3",,,,,,,,,,,,,,,,,,,,,,,,,,,,,,,,,"31.3","86.9","1413","-8","-27.5","8.9","12.4","1.3",,,,,,,,,,,,,,,,,,,,,,,,,,,,,,,,,,,,,,,,
"Gil, Luis",661563,2026,28,10.6,12.9,43.3,18.5,46.8,32.3,6.5,"R",34.6,"45.1","95","2417","-3","-13.7","16.8","17.2","1.6","21.1","85.4","2589","8.6","-31.5","6.3","11.7","2.1","20.5","89.8","1664","-15.3","-29.2","5","16.3","1.8",,,,,,,,,"13.4","94.5","2477","-14.1","-20.7","10.3","17.7","1.3",,,,,,,,,,,,,,,,,,,,,,,,,,,,,,,,,,,,,,,,,,,,,,,,,,,,,,,,
"Minter, A.J.",621345,2026,32,21.4,2.7,46.5,23.5,42.9,33.3,9.5,"L",41.7,"29.8","93.1","2429","3.8","-16.4","15.1","15.6","1.1",,,,,,,,,"10.5","86.4","1584","14.3","-29.6","7","16.2","1.3",,,,,,,,,"4.5","93.1","2463","13","-22.4","9.2","16","1.3","55.3","88.8","2533","-3.4","-29.6","4.8","6.3","1.2",,,,,,,,,,,,,,,,,,,,,,,,,,,,,,,,,,,,,,,,,,,,,,,,
"McCullers Jr., Lance",621121,2026,32,24.6,13.8,44.4,27.9,44.1,24.6,9.3,"R",31.1,"3.7","91.6","2138","-8.2","-18.5","14.1","16.5","1.5",,,,,,,,,"14.9","85.4","1710","-15.7","-36.4","1.4","16.3","1.4","14.6","81.6","2818","13.6","-50.2","-8.8","16.4","1.3","21.9","91.2","2070","-15.1","-27.3","5.7","16.3","1.5","27.6","89","2335","2.7","-26.2","8.2","8.9","1.5",,,,,,,,,,,,,,,,,"17.3","82.3","2702","17.1","-34.6","6","18.3","1.5",,,,,,,,,,,,,,,,,,,,,,,,
"Weiss, Ryan",680802,2026,29,22.9,15.3,44.5,23.7,33.3,27.2,8.6,"R",41,"37","95.2","2448","-6.1","-13.2","17.2","18.4","1.3",,,,,,,,,"14.9","89.1","1313","-11.6","-33.4","1.4","12.2","1.3","3.4","80.8","2355","8.3","-53.1","-10.8","13.9","1.5","12.5","93.1","2282","-14.5","-21","10.7","18.1","1.3",,,,,,,,,,,,,,,,,,,,,,,,,"32.3","83.8","2616","15.7","-39.7","-0.6","15.9","1.3",,,,,,,,,,,,,,,,,,,,,,,,
"De los Santos, Yerry",660787,2026,28,18.2,9.1,61,13.6,56.3,18.8,6.3,"R",24.5,"11.6","95","2065","-14.8","-20.3","10.2","18","1.4","4.7","85.7","2046","2.3","-34.4","3.3","4.8","1.5","23.3","87.7","1385","-12.4","-35.8","-0.1","12.5","1.3",,,,,,,,,"60.5","95.6","2114","-17.8","-23.4","6.7","19.1","1.2",,,,,,,,,,,,,,,,,,,,,,,,,,,,,,,,,,,,,,,,,,,,,,,,,,,,,,,,
"Anderson, Drew",623454,2026,32,26.7,9.1,44.1,28.4,47.7,24.4,8.8,"R",41.1,"40.4","95.7","2279","-6.5","-14.5","15.4","16.9","1.5","4.8","87.5","2624","3.8","-34.7","0.9","5","2","30.7","90.3","1493","-11","-36.6","-2.9","11.7","1.6","22.6","80.4","2714","10.4","-59","-16","19.2","1.5","1.4","95.1","2110","-12.2","-22.8","7.3","14.4","1.4",,,,,,,,,,,,,,,,,,,,,,,,,,,,,,,,,,,,,,,,,,,,,,,,,,,,,,,,
"Varland, Gus",681402,2026,29,19.9,9.9,50.3,21.6,28.3,32.1,9.4,"R",51.3,"58.1","95.1","2308","-9.3","-11.9","18.3","20.7","1.1","39.6","87.6","2209","1.5","-34","1.7","3","1.2","2.3","91.4","1256","-12.7","-29.1","3.7","13.6","1.4",,,,,,,,,,,,,,,,,,,,,,,,,,,,,,,,,,,,,,,,,,,,,,,,,,,,,,,,,,,,,,,,,,,,,,,,
"Sproat, Brandon",687075,2026,25,24.2,11.6,49.4,25.1,43.2,27.6,5.8,"R",33.2,"24.3","96.7","2046","-7.2","-16.5","12.7","14.7","1.6",,,,,,,,,"8.1","91.3","1702","-14.4","-30","2.8","14.8","1.5","9.8","82.9","2528","10.8","-51.2","-11.2","15.7","1.6","26","96.1","1989","-15.2","-24.2","5.4","16.3","1.6","21.5","92.9","2144","1.7","-23.8","7.7","8.2","1.7",,,,,,,,,,,,,,,,,"10.3","86.2","2519","13.2","-33.7","3.2","14","1.7",,,,,,,,,,,,,,,,,,,,,,,,
"Bidois, Brandan",684049,2026,25,25,15,44.6,37.7,25.5,44.7,8.5,"R",64.7,"54.8","96.9","2339","-3.5","-9.8","19.3","19.7","1.2","41.8","86.4","2671","6.1","-37.7","-1.3","6.9","1.9","3.4","91.7","1466","-12.6","-24","8.4","15.5","1.6",,,,,,,,,,,,,,,,,,,,,,,,,,,,,,,,,,,,,,,,,,,,,,,,,,,,,,,,,,,,,,,,,,,,,,,,
"Wesneski, Hayden",669713,2026,28,16,8,42.1,26.7,37.5,26.8,3.6,"R",47.8,"25","93.6","2195","-5.6","-17.4","13.7","14.9","1.4",,,,,,,,,"6.3","85.3","1554","-14.3","-31.9","5.7","15.6","1.7","0.8","72.7","2578","11.7","-65.7","-13","17.5","1.5","17.9","92.6","1983","-14.2","-23.4","8.5","16.7","1.6","20","89","2451","4.6","-29.1","5.2","7.2","1.4",,,,,,,,,,,,,,,,,"30","80.5","2750","19","-46.3","-3.7","19.5","1.6",,,,,,,,,,,,,,,,,,,,,,,,
"Phillips, Evan",623465,2026,31,24.5,6.1,48.5,25.3,32.4,47.1,11.8,"R",26.2,"50.5","96.8","2419","-9.5","-13.8","15.5","18.3","1.1",,,,,,,,,,,,,,,,,,,,,,,,,"5.7","96.8","2231","-16.7","-20.2","9","19.2","1.5","7.7","92.8","2457","0.9","-25.2","6.5","6.8","1.4",,,,,,,,,,,,,,,,,"36.1","86.2","2564","15.5","-38.8","-1.8","15.7","1.3",,,,,,,,,,,,,,,,,,,,,,,,
"Drohan, Shane",675660,2026,27,23.8,7.2,48.9,27.5,41.4,29.3,6,"L",33.8,"29.1","94.9","2433","11.6","-16.2","14.2","18.4","1.2","20.2","86.1","2838","-3.7","-36.5","0","4.3","1.7","4.9","86","1573","12.1","-32.6","4.4","13.4","2.2","13.7","80.3","2870","-10","-51","-8.5","13.3","1.6","20.3","94.7","2368","15.7","-22.3","8.2","17.8","1.1","11.8","90.6","2660","0.6","-21.6","11.4","11.6","1.6",,,,,,,,,,,,,,,,,,,,,,,,,,,,,,,,,,,,,,,,,,,,,,,,
"Sabrowski, Erik",681870,2026,28,37.7,17.1,45.6,31.6,20,35.4,12.3,"L",45.6,"67.4","94.1","2542","9.8","-11.8","19.3","21.7","1.1","12.4","86.5","2604","-1.2","-32.2","4.1","4.9","1.7",,,,,,,,,"20.1","81.7","2646","-6.2","-52","-10.8","12.8","1.5",,,,,,,,,,,,,,,,,,,,,,,,,,,,,,,,,,,,,,,,,,,,,,,,,,,,,,,,,,,,,,,,
"Kerkering, Orion",689147,2026,25,24.8,12.6,46.7,27.3,30.4,34.4,9.6,"R",33.3,"33.3","97.3","2348","-11.6","-13","16","19.8","1.1",,,,,,,,,,,,,,,,,,,,,,,,,"18","96.5","2281","-16.9","-18.7","10.8","20.2","1.2",,,,,,,,,"5","92.2","1682","-16","-25.5","6.7","17.7","1.4",,,,,,,,,"43.8","87.1","2918","14.3","-36.8","-0.7","14.5","1.1",,,,,,,,,,,,,,,,,,,,,,,,
"Bubic, Kris",663460,2026,28,24.6,12.6,47.3,26.1,45.7,27.9,3.9,"L",38.1,"41.2","91.8","2398","2.5","-15.3","17.2","17.5","1.2","8.9","85.3","2576","-2.5","-39.6","-2","3.8","1.4","20","85.9","1536","9.5","-37","0","9.8","1",,,,,,,,,"12.7","91.2","2251","12.2","-24.5","8.4","15.1","1.2",,,,,,,,,,,,,,,,,,,,,,,,,"17.3","82.4","2609","-13.8","-44.6","-4.1","14.6","1.3",,,,,,,,,,,,,,,,,,,,,,,,
"Ramos, Wilkin",678576,2026,25,6.7,26.7,49.2,26.1,50,20,0,"R",30.1,"21.3","95.8","2216","-14.3","-19.7","10.1","17.6","1.4",,,,,,,,,,,,,,,,,"14.8","74.8","1883","8.8","-58.9","-9.8","13.4","1.6","60.7","94.5","2129","-18","-27","3.7","18.6","1.5","3.3","90.3","2098","-10.7","-24.6","8.8","13.9","1.5",,,,,,,,,,,,,,,,,,,,,,,,,,,,,,,,,,,,,,,,,,,,,,,,
"Sears, JP",676664,2026,30,17.5,7.7,47.3,20.7,43.3,33.7,2.9,"L",26,"34.4","93","1951","11","-18.1","13.5","17.5","1.2","14","81.2","2280","-4.6","-43.2","-2","5.7","1.4","20.8","85","1719","16.3","-36","1.8","16.6","1.2",,,,,,,,,"14.7","91.8","1985","15.2","-23.3","9.3","18","1.3","1.7","88.3","2040","2","-23.2","11.8","12.3","1.4",,,,,,,,,,,,,,,,,"14.4","79.7","2217","-12.4","-37.4","5.8","14.3","1.5",,,,,,,,,,,,,,,,,,,,,,,,
"Pearson, Nate",663878,2026,29,20.2,12.8,44.9,22.7,43.7,26.8,5.6,"R",43.4,"41.4","97.6","2298","-6","-12.2","16.5","17.7","1.5","33","89.3","2516","5.8","-33.3","0.8","6.2","1.5","3","85.6","1403","-9.5","-30.9","6.1","11.3","1.6","11","81.4","2672","11.8","-52.7","-11.3","16.5","1.6","11.7","96.8","2195","-14.1","-17.3","11.8","18.5","1.5",,,,,,,,,,,,,,,,,,,,,,,,,,,,,,,,,,,,,,,,,,,,,,,,,,,,,,,,
"Hoffmann, Andrew",694851,2026,26,20.3,13.6,49.1,19.1,35.1,29.7,8.1,"R",51.2,"51.5","94.5","2275","-5.3","-15.3","15.5","16.5","1.1","20.5","86.1","2316","4.4","-34.9","1.9","5.2","1.4","27.9","87.4","875","-8.5","-34.6","1.3","9.2","1.3",,,,,,,,,,,,,,,,,,,,,,,,,,,,,,,,,,,,,,,,,,,,,,,,,,,,,,,,,,,,,,,,,,,,,,,,
"Murray, Jayden",681151,2026,29,17.7,11.4,47,27.7,26.8,42.9,1.8,"R",29.8,"53.3","95.3","2463","-8.8","-14.8","15.4","17.8","1.1",,,,,,,,,"7.6","89.2","1927","-15.6","-28.2","6.5","17.2","1.3",,,,,,,,,"9.5","94.9","2349","-16.1","-22","8.7","18.4","1.2","4.6","91.1","2354","0.2","-26.2","6.9","7.5","1.4","0.3","88.3","1472","-13.7","-31","3.8","14.3",,,,,,,,,,"24.7","81.1","2443","16.4","-43","-1.1","16.8","1.2",,,,,,,,,,,,,,,,,,,,,,,,
"Grove, Michael",675627,2026,29,21.4,0,52.8,28.9,27.3,31.8,9.1,"R",54.6,"18","94.2","2302","-1.6","-13.9","16.9","17.2","1.4","38.2","85.1","2341","5.5","-38.5","-0.8","6.3","1.2",,,,,,,,,"7.9","76.2","2430","11.2","-61.7","-14.4","18.3","1.4","20.2","93.7","2263","-9.7","-15.6","15.5","18.4","1.4","15.7","89.7","2418","5.2","-22.9","10.6","12.2","1.4",,,,,,,,,,,,,,,,,,,,,,,,,,,,,,,,,,,,,,,,,,,,,,,,
"Boyd, Matthew",571510,2026,35,20.1,7,48,22.8,41.7,23.8,8.9,"L",23.7,"46.3","92.7","2316","13.9","-20.1","11.9","18.4","1.4","15.4","82.9","2545","-1.6","-38.5","1.3","3.7","2","26.3","78.7","1771","15.9","-40.7","3.7","16.4","1.5","11.6","73.2","2355","-10.5","-59.4","-8.1","13.5","2","0.4","91.8","2302","18.4","-23.6","9","20.6","1.5",,,,,,,,,,,,,,,,,,,,,,,,,,,,,,,,,,,,,,,,,,,,,,,,,,,,,,,,
"Walker, Ryan",676254,2026,30,15.2,12,48.8,15.2,47.8,23.3,5.6,"R",16.7,"2.9","93.9","2264","-8.4","-22.7","8","12.1","1.4","28.8","83","2523","17","-36.9","2.8","17.4","1.2",,,,,,,,,,,,,,,,,"68.4","95.2","2344","-17.1","-26.9","3.4","17.5","1.1",,,,,,,,,,,,,,,,,,,,,,,,,,,,,,,,,,,,,,,,,,,,,,,,,,,,,,,,
"Gray, Peyton",682608,2026,31,23.5,6.9,51.7,26,37.4,24.5,12.2,"R",38.3,"39.2","92.9","2323","-11.8","-15.2","16.6","20.5","1.1","20.3","86.5","2552","3.6","-30.3","6.1","7.9","1.3","40.5","83.3","1798","-16.6","-35","4.5","17.5","1.3",,,,,,,,,,,,,,,,,,,,,,,,,,,,,,,,,,,,,,,,,,,,,,,,,,,,,,,,,,,,,,,,,,,,,,,,
"Suarez, Ranger",624133,2026,30,24.7,7,43.4,23.2,41.9,21.9,6.6,"L",41.4,"22.7","91.7","2047","4.4","-20.4","12","12.9","1.1","3.8","78.7","2256","-12.7","-43.4","0.7","13.1","1.5","13.4","81.1","1267","10.1","-39.1","2.6","11.2","1.2","16.5","75.5","2204","-10.8","-58.1","-10","14.8","1.4","23.2","90.4","1994","13.7","-27.5","6.1","15.3","1.1","20.6","88.1","2112","-1.6","-27.1","8","8.3","1.3",,,,,,,,,,,,,,,,,,,,,,,,,,,,,,,,,,,,,,,,,,,,,,,,
"Gasser, Robert",688107,2026,27,21.3,6.3,53.1,22,33,29,10.5,"L",23.6,"24.7","92.6","2231","7.8","-17.6","14.2","16.3","1.2",,,,,,,,,"8.5","87.9","1977","16.4","-34.7","0.7","16.6","1.4",,,,,,,,,"23.5","92.3","2107","15.2","-25.3","6.9","16.8","1.3","16.7","88","2419","-2.2","-28.5","6.7","7.4","1.5",,,,,,,,,,,,,,,,,"26.6","80.3","2463","-13.9","-37.8","4.7","15","1.5",,,,,,,,,,,,,,,,,,,,,,,,
"Guerrero, Tyron",594027,2026,35,26.6,3.9,59,25.4,54,19.5,4.6,"R",42.4,,,,,,,,,"11.7","91.5","2115","1.7","-28.7","3.9","5.3","1.7",,,,,,,,,,,,,,,,,"84.1","100.1","2217","-14","-14.5","12.7","19","1.6",,,,,,,,,"4.2","92","1375","-9.1","-28.5","3.5","9.9","1.6",,,,,,,,,,,,,,,,,,,,,,,,,,,,,,,,,,,,,,,,
"Patrick, Chad",694477,2026,27,21.9,9.6,47.5,26.2,38.4,28.9,10.3,"R",31.9,"25.3","95.4","2329","-7.4","-14.7","15.3","17.1","1.5",,,,,,,,,"0.6","90.4","1909","-12.9","-26.7","6.5","15.1","1.7",,,,,,,,,"22.9","95.3","2144","-15.2","-21.1","9","17.8","1.4","42.4","89.8","2467","2.7","-21.7","12.1","13","1.4",,,,,,,,,,,,,,,,,,,,,,,,,"8.8","85.8","2424","5","-40.1","-3.2","6.1","1.8",,,,,,,,,,,,,,,,
"Bennett, Jake",687562,2026,25,18,5.2,47.5,23.4,48.5,25.1,7.4,"L",31.8,"34.2","92.9","2152","11.9","-19.9","11.8","16.9","1.3",,,,,,,,,"25.6","83.3","1975","12.3","-34","5.4","13.7","1.5","3.7","78.8","2219","-3.6","-53.8","-9.6","10.5","1.6","25","92.4","2038","16.7","-27.4","4.6","17.5","1.5","4.5","85.1","2050","0.5","-35","2.9","3.5","1.6",,,,,,,,,,,,,,,,,"6.9","79.3","2225","-11.6","-50.1","-6.5","13.6","1.4",,,,,,,,,,,,,,,,,,,,,,,,
"Cook, Alex",702047,2026,25,11.8,11.8,50,17.2,7.7,30.8,23.1,"R",44.5,"72.2","95.2","2319","-6.4","-11.3","19","20.2","1.3","15.3","87.6","2219","3.3","-26.6","9","10.1","1.5","12.5","88.3","1757","-16.5","-28.3","6.9","17.9","1.4",,,,,,,,,,,,,,,,,,,,,,,,,,,,,,,,,,,,,,,,,,,,,,,,,,,,,,,,,,,,,,,,,,,,,,,,
"Wilcox, Cole",677961,2026,26,22.8,13.8,47.1,31.4,44.7,17.1,3.9,"R",26.6,"27.7","96.6","2101","-13.6","-18.2","11.1","17.6","1.1","17.2","87.6","2180","-0.2","-36.7","-1","2.1","1.2","11.9","87.8","1514","-16.1","-36.2","-0.7","16.5","1.4",,,,,,,,,"16","96.5","1995","-18.1","-22.2","7.4","19.6","1.2",,,,,,,,,,,,,,,,,,,,,,,,,"27.3","86.5","2172","10.4","-41.5","-4.9","11.7","1.4",,,,,,,,,,,,,,,,,,,,,,,,
"Rodón, Carlos",607074,2026,33,26.8,13.4,44.1,28.8,42.6,24.3,6.1,"L",45.3,"44.4","94.4","2366","9.2","-12.5","18.3","20.6","1.5","24.3","86.4","2620","-5","-36.8","-0.3","5.9","1.7","15.6","85.5","1658","12.4","-32.1","5.1","13.5","1.4","1.6","79.9","2753","-7","-55","-12","14","1.6","14.1","93.3","2241","14.9","-23.1","8.4","17.2","1.7",,,,,,,,,,,,,,,,,,,,,,,,,,,,,,,,,,,,,,,,,,,,,,,,,,,,,,,,
"Sands, Cole",663485,2026,28,19.6,8.9,48.8,23.3,41,35.9,0,"R",25.7,"39.7","93.1","2274","-11.1","-17.3","14.4","18.3","1.4",,,,,,,,,,,,,,,,,"12.9","80.6","2824","15.5","-47.4","-4.8","16.4","1.4","7.7","92","2160","-16.6","-24.8","7.6","18.4","1.3","23.4","87.6","2371","1.9","-28","7.6","8.1","1.4","16.3","87.1","1533","-15.3","-35.7","0.6","15.5","1.4",,,,,,,,,,,,,,,,,,,,,,,,,,,,,,,,,,,,,,,,
"Alvarado, José",621237,2026,31,26.9,10.6,41.5,29.4,37.7,25.4,10.7,"L",57.4,"1.9","97.1","1987","7.6","-13.5","15.6","17.5","1.4",,,,,,,,,,,,,,,,,"3","84.6","2328","-0.5","-42.5","-4.4","5","1.6","62.6","98","2020","14.6","-16.4","12.1","19.1","1.2","32.5","91.7","2115","-2.5","-27","5.4","6.2","1.5",,,,,,,,,,,,,,,,,,,,,,,,,,,,,,,,,,,,,,,,,,,,,,,,
"Roberts, Ethan",681799,2026,28,15.5,12.7,47,22.6,47.4,21.1,9.2,"R",34.7,,,,,,,,,,,,,,,,,,,,,,,,,,,,,,,,,"16.3","93.6","2484","-12.7","-22.6","8.6","15.5","1.1","45","92.9","2788","-0.6","-17.7","13.7","14","1.2",,,,,,,,,,,,,,,,,"38.8","83.5","3191","19.8","-40.4","-1","20","1.2",,,,,,,,,,,,,,,,,,,,,,,,
"Williams, Trevor",592866,2026,34,29.8,4.3,45.1,22.1,56.7,20,6.7,"R",17,"42.3","90","2234","-3.6","-23.2","10.2","11.1","1.3","5.6","82.6","2195","5.4","-36.7","3.1","6.4","1.5","9.4","81.8","1452","-11.9","-39.9","0.7","12.2","1.4",,,,,,,,,"15.5","88.5","1979","-13.6","-31","3.8","14.3","1.4",,,,,,,,,,,,,,,,,,,,,,,,,"27.2","78.5","2283","9","-37.2","7.1","11.9","1.1",,,,,,,,,,,,,,,,,,,,,,,,
"Stanek, Ryne",592773,2026,34,24.1,13.3,44.1,28.7,40,26.4,9.6,"R",46.3,"51.3","98","2327","-8.8","-10.9","17.7","19.9","1.3","23.3","88.6","2455","3","-34.1","0.7","4","1.5",,,,,,,,,,,,,,,,,"10.3","97","2164","-15.2","-18.5","10.6","18.7","1.5",,,,,,,,,"14.8","89.9","1184","-11.5","-28.9","4.8","12.8","1.2",,,,,,,,,"0.2","83.4","2495","13.8","-39.5","-0.2","14.1","1.4",,,,,,,,,,,,,,,,,,,,,,,,
"Alvarado, Elvis",665660,2026,27,30.1,11.8,48.4,32.3,39.1,47.1,1.1,"R",21.6,"58.1","98.9","2442","-12.6","-13.5","14.6","19.4","1.4","24","88.1","2092","-0.6","-33.1","2.3","2.7","1.6",,,,,,,,,,,,,,,,,"13.3","97.8","2466","-17.6","-19.6","9.1","19.9","1.4",,,,,,,,,"4.6","87.4","1007","-5.5","-33.7","2","6.7","1.5",,,,,,,,,,,,,,,,,,,,,,,,,,,,,,,,,,,,,,,,
"Peralta, Sammy",671111,2026,28,26.7,13.3,53.1,25,14.3,28.6,28.6,"L",16.1,"8.2","89.3","2177","9.2","-27","6.7","11.4","1.4","14.3","80.7","2484","-3.9","-36","5.6","8.1","1.4","18.4","84.6","1912","13.2","-36.5","1.1","13.4","1.4",,,,,,,,,"38.8","89.4","2145","13.6","-30.1","3.6","14.1","1.3",,,,,,,,,,,,,,,,,,,,,,,,,"20.4","80.4","2516","-11.4","-40.5","1.7","11.6","1.4",,,,,,,,,,,,,,,,,,,,,,,,
"Rodriguez, Bradgley",699134,2026,22,25.4,7.6,49.7,28.7,51.3,24.7,8,"R",43,"25","98.2","2417","-6.6","-11.3","17.1","18.6","1.2","7.6","88.6","2565","3.5","-30.7","4","6.3","1.9","42.4","90","1806","-16.9","-25.6","8.3","18.9","1.6",,,,,,,,,"25","97.7","2273","-14.8","-17","11.7","19","1.1",,,,,,,,,,,,,,,,,,,,,,,,,,,,,,,,,,,,,,,,,,,,,,,,,,,,,,,,
"Verlander, Justin",434378,2026,43,5.3,10.5,46.3,15.4,18.8,37.5,6.3,"R",57.1,"42.5","93.2","2379","-9.2","-13.7","18.1","20.4","1.3","27.5","87.4","2407","1.4","-30.4","5.4","5.7","1.3","10","83.5","1707","-13.2","-32.1","7.2","15.2","1.4","17.5","79.2","2671","4.4","-54.4","-10.8","11.7","1.4",,,,,,,,,,,,,,,,,,,,,,,,,,,,,,,,,"2.5","82.2","2509","10.9","-42.9","-2.1","11.1","1.5",,,,,,,,,,,,,,,,,,,,,,,,
"Hamilton, Ian",641656,2026,31,17.4,13,45.7,28.6,56.3,12.5,0,"R",37.5,"27.2","94.6","2209","-11.5","-16.9","13.6","18","1.3","62","86.9","1517","0.7","-32.4","3.9","4.2","1.2",,,,,,,,,,,,,,,,,"10.9","93.7","2123","-16.4","-23","8.1","18.4","1.5",,,,,,,,,,,,,,,,,,,,,,,,,,,,,,,,,,,,,,,,,,,,,,,,,,,,,,,,
"Cole, Gerrit",543037,2026,35,26.4,5.2,53,21.5,32.4,31.5,9.5,"R",37.1,"47.8","96.9","2321","-9.7","-12.6","16.7","19.4","1.2","19.5","89.6","2491","4.3","-31","2.9","5.7","1.4","14.9","86.3","1946","-15.1","-28.3","8.5","17.5","1.6","13.1","83.2","2821","11.9","-53.7","-13.8","18.3","1.7","4.7","96.1","2319","-15.9","-18.9","10.9","19.3","1.4",,,,,,,,,,,,,,,,,,,,,,,,,,,,,,,,,,,,,,,,,,,,,,,,,,,,,,,,
"Pérez, Cionel",672335,2026,30,22.7,8.8,46.9,25.2,56.5,20.2,4.8,"L",35.1,"20.9","96.9","2156","6.1","-15","14.1","15.4","1.3",,,,,,,,,,,,,,,,,"18.2","85.5","2660","-3.6","-47.4","-10","10.8","1.6","29.1","96.7","2186","14.9","-22.6","6.6","16.4","1.4",,,,,,,,,,,,,,,,,,,,,,,,,,,,,,,,,"31.8","85.8","2629","-12.5","-41.3","-4","13.4","1.4",,,,,,,,,,,,,,,,
"Seymour, Ian",693855,2026,27,28.4,8,49.7,29.4,32.6,30.9,12.4,"L",42.1,"26.9","91.4","2182","6.5","-15.8","17","18.4","1.2","3.9","82.7","2158","-4.4","-29.7","10.4","11.5","1.4","31","83.4","1657","15.4","-31.3","8","17.5","1.6","1","72.7","1942","-9.7","-64.5","-12.3","16","1.6","13.3","90","1986","14.6","-23.4","10.5","18.2","1.3","0.8","87.1","2107","-1.6","-26.7","9.3","9.9","1.4",,,,,,,,,,,,,,,,,"23.2","81.4","2187","-12.4","-32.9","8.7","15.6","1.6",,,,,,,,,,,,,,,,,,,,,,,,
"Sterner, Justin",686993,2026,29,21.7,7.1,46.7,29.9,41.2,32.1,6.9,"R",38.2,"39.5","93.5","2334","-8","-14","17.5","19.4","1.1",,,,,,,,,,,,,,,,,,,,,,,,,,,,,,,,,"30.9","88.7","2630","2.8","-28.4","6.5","7.3","1.4",,,,,,,,,,,,,,,,,"29.6","81.4","2710","14.5","-37.9","3.6","15.2","1.2",,,,,,,,,,,,,,,,,,,,,,,,
"Okert, Steven",595345,2026,34,26.1,5.2,51.9,30.1,27.9,35.1,16.9,"L",33.9,"27.2","91.3","2237","7.1","-17","16","17.6","1.3","67.7","81.1","2415","-7.5","-34.2","7.4","11.1","1.5","0.2","85.9","2086","9.9","-22.6","14.6","17.7","1.4",,,,,,,,,"5","90.6","2248","14.8","-23.4","10","17.9","1.3",,,,,,,,,,,,,,,,,,,,,,,,,,,,,,,,,,,,,,,,,,,,,,,,,,,,,,,,
"Brito, Jhony",666745,2026,28,20,5,48.7,28.3,26.7,53.3,6.7,"R",51.2,"9","94.6","2032","-7.6","-16.5","14.2","16.2","1.5","16.7","87.8","2059","1.7","-29.4","6","6.3","1.4","29.5","88.2","1555","-15.2","-28.1","7.1","16.9","1.3",,,,,,,,,"21.8","94.4","2009","-16.3","-21.3","9.5","18.9","1.3",,,,,,,,,,,,,,,,,,,,,,,,,"23.1","82.6","2220","7.6","-42","-1.7","8.2","1.5",,,,,,,,,,,,,,,,,,,,,,,,
"Faucher, Calvin",676534,2026,30,25.4,13.8,44.6,26.5,54.1,18,2.3,"R",43.1,"8.1","96.4","2415","-7.7","-14.7","14.7","16.8","1.2","2.7","91.8","2899","3","-31.9","0.3","3.5","1.5",,,,,,,,,"14.7","85.5","3036","10.1","-52","-14.2","17.6","1.4","14.5","96.1","2281","-15.6","-24.4","5.3","16.7","1.2","36","93.2","2748","3.3","-26.9","4.4","6.3","1.5",,,,,,,,,,,,,,,,,"24.1","87.7","3043","14.8","-37.3","-1.6","15.3","1.3",,,,,,,,,,,,,,,,,,,,,,,,
"Kinley, Tyler",641755,2026,35,23.7,10.7,46.7,27.9,30,33.6,10.9,"R",45.1,"17","94.4","2376","-3.1","-14.8","15.7","16.2","1.2","66.2","87.1","2567","2","-32.9","2.9","4.3","1.6",,,,,,,,,"15.8","83","2755","4.1","-49.3","-9.7","10.7","1.7","0.9","94.4","2380","-11.8","-19.9","10.8","16.1","1.5",,,,,,,,,"0.2","86.1","1643","-12.1","-28.6","8.1","14.5",,,,,,,,,,,,,,,,,,,,,,,,,,,,,,,,,,,,,,,,,
"Cameron, Noah",702070,2026,26,21.4,7.6,47.3,25.9,40.5,24.7,6.2,"L",52.4,"25.9","92.5","2323","6.2","-14.9","17","18.2","1.4","11.3","85.1","2499","-2.9","-35","2.7","4.8","1.7","21.2","81","1638","12.6","-32","9.8","16.1","2.2","17.2","81.9","2304","-3.8","-50.1","-9.3","10.4","2.1","3.9","91.5","2262","12.6","-20.8","11.7","17.4","1.3","20.5","89.8","2350","-2.5","-24.7","9.1","9.6","1.7",,,,,,,,,,,,,,,,,,,,,,,,,,,,,,,,,,,,,,,,,,,,,,,,
"Blewett, Scott",656240,2026,30,9.6,7.7,41.6,20.4,46.5,23.3,4.7,"R",45.1,"23.4","95.4","2284","-5.9","-15.1","14.8","16.1","1.3","27.4","84.3","2131","1.2","-41.3","-2.8","3.8","1.1",,,,,,,,,,,,,,,,,"12.2","94.6","2102","-13","-18.3","12.3","17.9","1.3","26.9","88.9","2310","4.1","-28.4","5.9","7.3","1.2","10.2","86.7","1090","-8","-33.8","2.5","9","1.4",,,,,,,,,,,,,,,,,,,,,,,,,,,,,,,,,,,,,,,,
"Mayza, Tim",641835,2026,34,24.4,6.3,47.6,24.2,48.7,22.4,2.6,"L",43.1,"7.1","94.7","2053","8.1","-16.8","13.6","15.9","1.3","31.9","87.3","2223","-1.3","-37.2","-1.3","2.6","1.4",,,,,,,,,,,,,,,,,"58.3","94.2","2051","15","-21.5","9.3","17.7","1.2",,,,,,,,,"2.7","91.4","1608","14.1","-25.5","7.2","16","1.4",,,,,,,,,,,,,,,,,,,,,,,,,,,,,,,,,,,,,,,,
"Johnson, Ryan",696270,2026,23,17.3,10.8,47.9,24,35.8,34.7,7.4,"R",18.6,,,,,,,,,"0.4","84.4","2619","7.4","-37.3","0.9","7.5","1.4",,,,,,,,,,,,,,,,,"25.2","92.1","2224","-14","-26.3","5.9","15.4","1.4","31.3","89.5","2486","1.9","-24.9","9.2","9.6","1.6","25","84.7","1870","-13.4","-36.6","1.7","13.8","1.7",,,,,,,,,"18.1","80.1","2443","8.9","-36.7","5.9","11.2","1.7",,,,,,,,,,,,,,,,,,,,,,,,
"Fairbanks, Pete",664126,2026,32,31.3,9.8,47.7,30.8,22.6,44.1,10.8,"R",54.3,"50.5","97.3","2405","-1.8","-10.8","18.1","18.3","0.9","24.1","83.5","2530","6.3","-47.7","-8.5","10.9","1.4","2.1","94","2015","-11.1","-22.3","8.6","14.3","1.4",,,,,,,,,,,,,,,,,"23.3","89.6","2497","5.5","-31.1","3","7.6","1.5",,,,,,,,,,,,,,,,,,,,,,,,,,,,,,,,,,,,,,,,,,,,,,,,
"Painter, Andrew",691725,2026,23,19.2,8.6,47.1,23.4,41,27.3,9.8,"R",45.3,"32.7","96.5","2264","-2.5","-13.2","16.1","16.5","1.2","20.2","87.9","2552","6.4","-31.2","4.1","8","1.4","4","90.1","1736","-12.3","-29.5","4","13.1","1.3","7.5","81.2","2640","8","-49.1","-7.6","11.3","1.4","10","95.1","2143","-11.9","-16.5","13.8","18.3","1.1",,,,,,,,,"11.9","87.4","1593","-9.8","-27.6","8.1","13.4","1.3",,,,,,,,,"13.7","82.8","2622","16.4","-38","2.1","16.7","1.5",,,,,,,,,,,,,,,,,,,,,,,,
"Kriske, Brooks",621139,2026,32,20,0,42.1,22.2,25,0,50,"R",45.4,"31.6","92.3","2218","-7.1","-13.5","18.9","20.2","1.4",,,,,,,,,,,,,,,,,,,,,,,,,,,,,,,,,"18.4","85","2107","2.2","-35","3","3.9","1.4","50","81.7","1073","-9.4","-40.1","1.3","10.3","1.3",,,,,,,,,,,,,,,,,,,,,,,,,,,,,,,,,,,,,,,,
"Teodo, Emiliano",693713,2026,25,10,20,48.8,20,42.9,14.3,14.3,"R",39.8,,,,,,,,,"34.9","91.9","2508","-0.6","-28.8","3.3","3.7","1.4","7","92.9","1768","-16.7","-26","5.6","17.8","1.4",,,,,,,,,"58.1","99.4","2306","-16.9","-21.2","6.4","18.2","1.4",,,,,,,,,,,,,,,,,,,,,,,,,,,,,,,,,,,,,,,,,,,,,,,,,,,,,,,,
"Eisert, Brandon",685126,2026,28,26.7,8,41.6,30.2,42.9,30.6,2,"L",33.9,"37.7","90","2118","7.3","-18.6","15.1","16.9","1.3","35.5","83.9","2221","-5.4","-37.2","1.7","6.4","1.4","20.3","84.8","1334","12.3","-33.8","4.1","13.1","1.4",,,,,,,,,"6.6","89.1","2017","15.1","-25","9.5","17.9","1.3",,,,,,,,,,,,,,,,,,,,,,,,,,,,,,,,,,,,,,,,,,,,,,,,,,,,,,,,
"Mejia, Juan",675848,2026,25,21.6,12.9,45.2,25.5,44,26,5.3,"R",35.2,"52.8","97.2","2460","-4.6","-17.9","10.8","12","1.4","2.6","87.9","2860","5.1","-33.2","1.8","6.2","1.5","2.8","93.2","2062","-13","-24.7","6.7","15.1","1.3",,,,,,,,,"6.3","96","2490","-10.9","-22.6","6.9","13.2","1.4",,,,,,,,,,,,,,,,,,,,,,,,,"35.4","84.3","2851","14.1","-40","-1.6","14.6","1.5",,,,,,,,,,,,,,,,,,,,,,,,
"Knack, Landon",689017,2026,28,17.1,5.7,52.4,21.7,30.8,42.3,7.7,"R",56.4,"43.7","93.3","2421","-3.8","-12.7","18.6","19.1","1.3","17.5","86.5","2551","2.9","-31.5","4.6","6.2","1.7","25.4","85.3","1792","-10","-26.6","10.8","16.3","1.3","13.5","80.2","2890","8.1","-57.7","-15","17.2","1.4",,,,,,,,,,,,,,,,,,,,,,,,,,,,,,,,,,,,,,,,,,,,,,,,,,,,,,,,,,,,,,,,
"Abner, Philip",691769,2026,24,10,13.3,48.3,17.4,37,30.4,2.2,"L",38.4,"55.6","90.6","2351","0.6","-20.6","12.8","12.9","1.1","18.1","80.7","2354","-11","-40.7","1.5","11.6","1.4","5.6","82.8","1548","5.6","-34.3","5.2","8","1.3","20.3","81.2","2306","-2.6","-47.7","-6.2","6.9","1.4","0.4","89.5","2404","3.6","-18.1","16","16.4",,,,,,,,,,,,,,,,,,,,,,,,,,,,,,,,,,,,,,,,,,,,,,,,,,,,,,,,,
"Kranick, Max",668820,2026,28,6.4,12.8,44.7,22,32.4,24.3,16.2,"R",42.8,"42.9","95.3","2163","-5","-14.2","15.7","16.6","1.5","31.8","88.5","2000","2.3","-28","6.6","7.5","1.3",,,,,,,,,"24.7","80.1","2176","6.9","-48.1","-5.9","9.2","1.5",,,,,,,,,,,,,,,,,,,,,,,,,,,,,,,,,"0.6","80.9","2114","8.8","-37.6","3.5","9.4",,,,,,,,,,,,,,,,,,,,,,,,,
"Civale, Aaron",650644,2026,31,17.6,6.6,49.5,20.9,28.3,32.9,9.8,"R",43.8,"12.5","91.4","2401","-6.4","-14.3","18.6","19.7","1.3","3.8","82.5","2844","8.6","-43.6","-3.5","9.7","1.7",,,,,,,,,"24.8","77.1","3048","11.5","-61.1","-14.7","18.8","1.7","17.8","91.3","2280","-13.7","-19.8","13","19","1.4","35.5","87.7","2646","6","-25.3","10","11.9","1.3","5.8","84.2","1895","-14.3","-30.2","8.4","16.9","1.9",,,,,,,,,,,,,,,,,,,,,,,,,,,,,,,,,,,,,,,,
"Brash, Matt",666374,2026,28,23.4,9.4,43.1,32.1,42.5,12.5,7.5,"R",30.6,"6.1","96.5","2223","-10.8","-16","13.6","17.5","1.2","59.5","86.8","2922","14.5","-37.4","-0.9","14.8","1.4","13.4","90.9","1813","-9.6","-34.5","-1.4","10.1","1.2",,,,,,,,,"21","97.4","2255","-16.7","-20.9","8","18.7","1",,,,,,,,,,,,,,,,,,,,,,,,,,,,,,,,,,,,,,,,,,,,,,,,,,,,,,,,
"Kuhnel, Joel",669270,2026,31,14,7.6,47,22.6,50.4,16,7.6,"R",37.9,"5.5","95.1","2277","-4.2","-17.5","12.6","13.4","1.7","1.4","86.8","2454","5.2","-36.4","-0.3","5.8","1.5","6.8","90.1","1427","-11.5","-29","4.6","12.6","1.7","3.2","81.9","2421","5.8","-42.4","-1.6","6.3","1.9","51.4","95.1","2268","-14.5","-23.6","6.7","16.1","1.9","31.7","90.5","2484","2.8","-30.8","2.5","4.4","1.8",,,,,,,,,,,,,,,,,,,,,,,,,,,,,,,,,,,,,,,,,,,,,,,,
"Brubaker, JT",664141,2026,32,16.1,10,44.9,21.4,40.8,26,4.7,"R",45.8,"5.7","93","2105","-7.9","-17.3","14.2","16.4","1.2","26","87.2","2573","0.1","-33.3","2.5","3.1","1.1","13.9","88.6","2042","-16","-29.6","5.3","17","1.1","8.5","82","2702","11.9","-47","-6.3","13.7","1.4","46","93.6","2217","-15.5","-22.1","9.1","18.1","1.2",,,,,,,,,,,,,,,,,,,,,,,,,,,,,,,,,,,,,,,,,,,,,,,,,,,,,,,,
"Fisher, Braydon",680755,2026,25,22.9,13.5,45.2,26.7,45.8,26.1,7.8,"R",48.7,"17.5","94.7","2214","-4.8","-13","17.6","18.3","1.1","50.5","88.3","2287","0.9","-30.4","4.6","5.1","1.4",,,,,,,,,"28.7","81.5","2492","3.1","-53.4","-12.1","12.7","1.3","0.2","93.4","1993","-12.9","-17.4","14","19.1","1.4","3.1","92.6","2161","-0.8","-20.5","11.4","11.7","1.3",,,,,,,,,,,,,,,,,,,,,,,,,,,,,,,,,,,,,,,,,,,,,,,,
"Estes, Joey",683155,2026,24,22.2,5.6,52.1,32.4,15.4,46.2,0,"R",35.1,"42.3","93.6","2384","-6","-16.5","14.4","15.8","1.2","21.1","83","2418","7.3","-40.6","-1.2","7.9","1.4","5.6","84.6","1862","-11.6","-28.8","9","14.8","1.5",,,,,,,,,,,,,,,,,"21.1","88.7","2464","3","-26.2","8","8.7","1.5",,,,,,,,,,,,,,,,,"9.9","79.6","2531","12.6","-39.8","2.9","13","1.5",,,,,,,,,,,,,,,,,,,,,,,,
"Strzelecki, Peter",657265,2026,31,7.4,11.1,40.2,18.2,47.6,23.8,14.3,"R",22.1,"10.3","92.7","2393","-8.2","-18.7","13.2","15.7","1.4",,,,,,,,,"11.2","86.3","1653","-15.7","-39","-2","16.1","1.7","31.8","81.6","2875","14.4","-50.1","-8.8","17","1.6","43.9","92.2","2331","-14.2","-28.8","3.6","15","1.5",,,,,,,,,,,,,,,,,,,,,,,,,"2.8","81.6","2924","16.9","-42.3","-1.2","17","1.5",,,,,,,,,,,,,,,,,,,,,,,,
"Legumina, Casey",668984,2026,29,16.1,6,51.6,21,40.5,28.2,5.5,"R",16.3,"41.2","93.3","2374","-14","-17.8","13.7","19.8","1","13.6","85","2602","3.5","-33.2","4.5","6.2","1.6","10.7","86.9","1488","-14.8","-35.2","1","15","1.4",,,,,,,,,"21.9","93","2294","-18","-22.5","9.2","20.3","1.1",,,,,,,,,,,,,,,,,,,,,,,,,"12.6","79.9","2705","12.4","-37","6.2","14.4","1.3",,,,,,,,,,,,,,,,,,,,,,,,
"Spence, Mitch",687765,2026,28,10.7,16.1,44,20,46.3,17.1,9.8,"R",44.6,,,,,,,,,"20","84.5","2703","12.7","-35","3.5","13.7","1.4","8.5","88","1869","-11.3","-32","3.7","12.2","1.4","16.5","81.6","2756","9.4","-51.7","-10.3","14.1","1.5","17","92.5","2356","-11.7","-24.8","7.4","14","1.5","38","91.9","2603","2.5","-24.9","7.3","7.9","1.7",,,,,,,,,,,,,,,,,,,,,,,,,,,,,,,,,,,,,,,,,,,,,,,,
"Sommers, Drew",805427,2026,25,34.1,11.4,46.6,31.7,55.3,19.1,4.3,"L",11.9,"29.2","94.8","2207","12.5","-19.5","10.9","16.7","1","23.6","83.4","2304","-9.6","-40.8","-1.6","10","1.4","2.8","88.8","1703","16.1","-33.9","1","16.6","1.5",,,,,,,,,"44.4","94.9","2167","16.7","-26.2","4.2","17.3","1.1",,,,,,,,,,,,,,,,,,,,,,,,,,,,,,,,,,,,,,,,,,,,,,,,,,,,,,,,
"Hader, Josh",623352,2026,32,36.5,9.6,45.5,37.6,41.1,25,16.1,"L",31.4,,,,,,,,,"37.1","84.5","2489","-0.5","-35.4","3.1","4.1","1.7",,,,,,,,,,,,,,,,,"62.9","95","2267","8.8","-12.1","18.4","20.5","1.2",,,,,,,,,,,,,,,,,,,,,,,,,,,,,,,,,,,,,,,,,,,,,,,,,,,,,,,,
"Teng, Kai-Wei",678906,2026,27,22.3,10,47.8,25.2,39.9,23.8,8.3,"R",23.6,"28.1","93.3","2472","-10","-18.2","13.3","16.8","1.7","1.8","85.5","2677","3.9","-35.1","2.9","5.7","1.4","10.2","87.1","1671","-14.7","-32","4.3","15.9","1.5","9.7","82.4","2621","16.4","-49","-8.3","18.4","1.6","15.2","93.3","2401","-15.9","-26","5.7","17.1","1.3",,,,,,,,,,,,,,,,,,,,,,,,,"35","84.3","2730","14.8","-37.9","0.9","15","1.5",,,,,,,,,,,,,,,,,,,,,,,,
"Anderson, Shaun",641312,2026,31,18.3,10.8,47,26.6,46.2,21.5,7.7,"R",43.7,"26.8","93.1","2547","-2.1","-16.5","15.1","15.5","1.2","26.8","89.1","2747","5.3","-29.3","5.1","7.6","1.2","25.6","86.6","1548","-13","-31.7","5.1","14.5","1.7",,,,,,,,,"7.4","93.8","2429","-10.2","-18.2","13","16.6","1.5",,,,,,,,,,,,,,,,,,,,,,,,,"13.4","82","2905","16.6","-44.4","-3.2","17.3","1.7",,,,,,,,,,,,,,,,,,,,,,,,
"Mautz, Brycen",802408,2026,24,14.3,14.3,47.5,17.4,30,40,0,"L",24,"45.8","93.3","2249","13.1","-17.8","13.6","19","1.6","15.3","85.1","2314","1.5","-35.9","2.4","3","1.5",,,,,,,,,"22","79","2356","-7.7","-52.5","-8.6","11.7","1.6","16.9","93","2329","19.1","-25.9","5.7","19.9","1.3",,,,,,,,,,,,,,,,,,,,,,,,,,,,,,,,,,,,,,,,,,,,,,,,,,,,,,,,
"Blanco, Ronel",669854,2026,32,21,13.6,49.8,26.1,46.2,40.4,1.9,"R",47,"37.8","93.5","2279","-7.4","-12.6","18.9","20.3","1.1","17.2","86.4","2115","2.7","-30.4","6","7","1.5","26.9","84.7","1475","-13.2","-32.6","5.6","14.9","1.3","18.1","80","2208","9.2","-44.7","-1.8","10","1.5",,,,,,,,,,,,,,,,,,,,,,,,,,,,,,,,,,,,,,,,,,,,,,,,,,,,,,,,,,,,,,,,
"Morris, Kade",695034,2026,24,11.3,11.3,46.4,16.5,56.1,24.4,2.4,"R",22.8,"20.1","95.1","2320","-12.2","-16.1","14.4","18.9","1.3","15.8","88.4","2135","1.7","-29.6","5.4","6.1","1.6","9.1","88.9","1726","-16.4","-33.1","1.5","16.6","1.4","8.1","76.8","2608","15.7","-59.2","-12.2","20","1.5","34.4","94","2077","-17.1","-27","4.1","17.7","1.2",,,,,,,,,,,,,,,,,,,,,,,,,"12.4","81.6","2497","13.6","-37.7","3.5","14.3","1.4",,,,,,,,,,,,,,,,,,,,,,,,
"Bibee, Tanner",676440,2026,27,19.5,6.8,50.3,24.2,38.4,27.2,9.6,"R",54.7,"22.1","94","2155","-5","-15","16","16.9","1.1",,,,,,,,,"14.6","81.1","1875","-12","-28.3","13.4","18.2","1.5","10.8","77.9","2574","14.7","-53.5","-8","17","1.8","23.2","93.3","2137","-14.6","-22.3","9.2","17.4","1.3","24.5","85.9","2665","6.9","-34.5","2.6","8.2","1.6",,,,,,,,,,,,,,,,,"4.8","82.6","2631","16.8","-40.4","0","17.1","1.6",,,,,,,,,,,,,,,,,,,,,,,,
"Saucedo, Tayler",642048,2026,33,34.5,6.9,44.3,43.1,31.3,37.5,12.5,"L",23.9,"20","92.7","2404","10.3","-18.4","13.6","17.2","1.3","25.2","86.9","2348","-2.2","-32","4.2","5.3","1.3","11.3","86.3","2215","16.4","-29.8","7.4","18.8","1.5",,,,,,,,,"19.1","92.4","2314","17.3","-27.6","4.7","18","1.3",,,,,,,,,,,,,,,,,,,,,,,,,"24.3","82.8","2362","-8.4","-35.2","5.1","10.5","1.3",,,,,,,,,,,,,,,,,,,,,,,,
"Ramírez, Yohan",670990,2026,31,27.4,13.2,46.3,27.9,49.1,20.5,7.5,"R",25.9,"23.4","96.6","2353","-10.7","-16.3","13","17","1.2",,,,,,,,,"0.5","88.8","2043","-17.3","-29.4","5.5","18.3","1.4","12.9","84.3","2457","13.9","-44.5","-5.8","15.3","1.6","24.7","96.4","2249","-17.4","-24.1","5.5","18.4","1.2",,,,,,,,,,,,,,,,,,,,,,,,,"38.5","84.3","2656","16.1","-35.9","2.8","16.5","1.3",,,,,,,,,,,,,,,,,,,,,,,,
"Roycroft, Chris",688297,2026,29,15.1,10.4,50.7,16.7,59.2,22.4,1.3,"R",25.5,"20.6","94.3","2200","-4.2","-22","8.7","10","1.4",,,,,,,,,,,,,,,,,,,,,,,,,"51.2","96.2","2156","-16.6","-27.8","1.8","16.8","1.3","23.9","89.1","2127","2.4","-32.6","1.9","3.9","1.4",,,,,,,,,,,,,,,,,"4.3","86.2","2325","12.9","-32.4","4.3","13.8","1.5",,,,,,,,,,,,,,,,,,,,,,,,
"Criswell, Cooper",681867,2026,29,19,6.6,45.9,22,61.8,20.2,3.4,"R",7.3,"6.1","91","2296","-10.1","-23.5","9.6","14","1.2",,,,,,,,,"26.8","85.5","1558","-13.9","-44","-6.4","15.5","1.2",,,,,,,,,"26","91.1","2072","-16.1","-36.9","-3.7","16.6","1.1","21.2","87.1","2326","1.7","-30.2","5.7","6.4","1.4",,,,,,,,,,,,,,,,,"19","78.7","2645","18.9","-37.5","7","20.3","1.4","0.9","82.1","2707","14.8","-42.5","-2","15","1.5",,,,,,,,,,,,,,,,
"Akin, Keegan",669211,2026,31,14.9,7.9,52.4,19.3,35.2,35.2,9.1,"L",39.3,"49.4","93.7","2343","10.5","-14.1","17.2","20.2","1.1","24.8","86.7","2466","-2.3","-30.9","5.4","6.3","1.5","25.7","86.7","2113","17.2","-27.8","8.9","19.5","1.3",,,,,,,,,,,,,,,,,,,,,,,,,,,,,,,,,,,,,,,,,,,,,,,,,,,,,,,,,,,,,,,,,,,,,,,,
"Adam, Jason",592094,2026,34,16.4,6,45.9,28.6,46.1,31.4,7.8,"R",35,"22.9","93.4","2512","-9.6","-14.3","17.1","19.8","1.1","38.1","84.6","2521","-0.3","-37.3","0.7","2.2","1.3","32.1","88.2","2055","-16","-32.2","3.1","16.4","1.1",,,,,,,,,,,,,,,,,,,,,,,,,,,,,,,,,,,,,,,,,"6.9","78.2","2662","14.2","-47.2","-2.2","14.6","1.5",,,,,,,,,,,,,,,,,,,,,,,,
"Treinen, Blake",595014,2026,38,25,10,45.7,25.7,53.1,26.6,3.1,"R",32.5,"11.5","94.6","2307","-10","-16.2","14.5","17.7","1.3",,,,,,,,,"0.5","90.8","1866","-15.4","-28","5.2","16.3","1.4",,,,,,,,,"36.9","95","2274","-17.5","-24.9","5.4","18.5","1.5","9.4","91","2460","0.3","-23.4","9.4","9.6","1.4",,,,,,,,,,,,,,,,,"41.7","83.8","2543","13.2","-39.8","-0.7","13.4","1.3",,,,,,,,,,,,,,,,,,,,,,,,
"Leasure, Jordan",673929,2026,27,23.1,10.3,41.9,26.5,23.1,50,9.6,"R",53.9,"52.4","95.8","2300","-3.6","-10.8","19.2","19.6","1","41.2","87.2","2429","6.4","-32.4","3.3","7.6","1.3",,,,,,,,,,,,,,,,,"3.5","95.6","2285","-10.1","-12.3","17.7","20.4","1.4",,,,,,,,,"2.9","87.1","1086","-7.3","-26.5","9.7","13.1","1.4",,,,,,,,,,,,,,,,,,,,,,,,,,,,,,,,,,,,,,,,
"King, John",667463,2026,31,18.3,7.2,46.4,21.9,46.2,26.9,5.4,"L",26.3,"1.4","90.5","2055","6.2","-23.1","10.3","12.1","1.5","20.9","82.5","2784","-6.8","-40.8","-0.7","7.4","1.4","20","83.7","1554","13.7","-39.7","-0.5","14","1.4","11.8","79","2851","-11.3","-56","-11.8","16.5","1.3","31.8","90.4","2176","12.6","-31.6","1.9","12.9","1.3",,,,,,,,,,,,,,,,,,,,,,,,,"14.1","81.5","2820","-15.6","-42.7","-1.3","15.8","1.3",,,,,,,,,,,,,,,,,,,,,,,,
"Fleming, Josh",676596,2026,30,5.6,11.1,44.2,13.5,64.3,28.6,0,"L",29.7,,,,,,,,,,,,,,,,,"23.4","81.4","1618","13.7","-43.4","-2","14.1","1.2","33.8","77.1","2218","-12.8","-46.3","0.2","13.1","1.3","37.7","89.5","1711","16.8","-32","2.2","17.1","1.3","5.2","86.2","1815","1.5","-29.3","7.4","7.6","1.5",,,,,,,,,,,,,,,,,,,,,,,,,,,,,,,,,,,,,,,,,,,,,,,,
"Morgan, Eli",669212,2026,30,17.6,9.9,42.2,24.1,32.8,20.3,10.9,"R",49.6,"37.2","91.2","2271","-10.3","-15","18","20.8","1.2","29.8","85.4","2440","2.9","-34.1","3.1","5.2","1.6","33","77","2206","-17.8","-42.7","3.6","18.3","1.4",,,,,,,,,,,,,,,,,,,,,,,,,,,,,,,,,,,,,,,,,,,,,,,,,,,,,,,,,,,,,,,,,,,,,,,,
"Heasley, Jonathan",669169,2026,29,10.5,0,54.7,7.9,29.4,47.1,0,"R",52.6,"39.1","91.4","2100","-9.2","-15.2","17.8","20.1","1.5","32.8","83.2","2018","3.4","-39.8","0","4.1","1.5","18.8","84.2","1315","-11.5","-40.1","-1.4","11.8","1.4","9.4","79.9","2448","2.9","-54.7","-11.9","12.3","1.4",,,,,,,,,,,,,,,,,,,,,,,,,,,,,,,,,,,,,,,,,,,,,,,,,,,,,,,,,,,,,,,,
"Mahle, Tyler",641816,2026,31,23.4,8.7,46.2,23,43,28.1,6.6,"R",41.8,"48.4","92.7","2310","-11.2","-14.3","17.6","20.9","1.5","7.3","84.8","2490","5.7","-35.9","2.2","7","1.8",,,,,,,,,,,,,,,,,"1","91.9","2294","-11.9","-18.1","14.3","18.7","1.4","17.1","87.8","2442","-0.1","-24.9","10.4","11.1","1.5","26.3","85.9","1618","-13.1","-31.8","5.2","14.4","1.7",,,,,,,,,,,,,,,,,,,,,,,,,,,,,,,,,,,,,,,,
"Young, Danny",664849,2026,32,20.7,19,42.5,22.5,46.9,28.1,3.1,"L",14.8,,,,,,,,,,,,,,,,,"0.9","87.4","2075","15.8","-38.3","-2.4","16.2","1.5",,,,,,,,,"50.2","93.6","2332","18.2","-28.2","3.1","18.5","1.1","0.4","93.8","2307","12.3","-21.5","9.7","15.7",,,,,,,,,,,,,,,,,,"48.5","82.8","2730","-17.1","-40.2","0.1","17.3","1.2",,,,,,,,,,,,,,,,,,,,,,,,
"Wiemer, Joey",686894,2026,27,0,12.5,27.9,0,15.4,46.2,7.7,"R",38.2,,,,,,,,,"80","61.9","1485","-3.8","-60.7","11.4","12.6","2.5","5","68.2","138","-10.4","-57.1","2.2","10.6",,"15","35.3","873","3","-232.8","15.4","15.7","1.5",,,,,,,,,,,,,,,,,,,,,,,,,,,,,,,,,,,,,,,,,,,,,,,,,,,,,,,,,,,,,,,,
"Ríos, Yacksel",605441,2026,33,40,0,69.2,33.3,33.3,33.3,0,"R",40.6,"38.5","98.1","2178","-8.2","-11.8","16.5","18.4","1.4","7.7","84.4","2284","3.9","-42.5","-4.5","5.9",,,,,,,,,,,,,,,,,,"38.5","98.5","2138","-12.2","-12.9","15.3","19.6","1.4",,,,,,,,,"15.4","92.2","1801","-13.2","-27.8","4.4","13.9","1.4",,,,,,,,,,,,,,,,,,,,,,,,,,,,,,,,,,,,,,,,
"Lambert, Peter",663567,2026,29,23.5,9.3,47.1,25.5,39.2,33.7,8.4,"R",48.5,"31.1","93.9","2304","-8.2","-13.6","17.6","19.5","1.3","13.5","85.6","2636","3","-35.6","1.7","4.1","1.4","23","87","1566","-13.3","-27.8","8.5","15.9","1.6","0.5","77.9","2635","11","-63.6","-17.1","20.4","1.6","9.7","93.3","2165","-15","-19.1","12.5","19.8","1.5","10.1","91.5","2335","0.7","-19.9","12.6","12.9","1.5",,,,,,,,,,,,,,,,,"8.3","82.7","2733","15.9","-42.5","-2.1","16.7","1.7","4","79.9","2627","14.9","-55.4","-11.9","19.2","1.5",,,,,,,,,,,,,,,,
"Dallas, Chad",689149,2026,26,15.4,15.4,35.9,21.3,37,29.6,7.4,"R",53.6,,,,,,,,,,,,,,,,,,,,,,,,,"29.5","84.3","2688","5.9","-52.6","-14","15.4","1.4","1.9","94.3","2348","-8.5","-18.4","12.5","15.2","1.4","40.4","92.8","2430","3.5","-19.4","12.1","12.8","1.2",,,,,,,,,,,,,,,,,"28.2","83.7","2692","15.4","-40.6","-1.6","15.8","1.3",,,,,,,,,,,,,,,,,,,,,,,,
"Ober, Bailey",641927,2026,30,16.1,6,49.9,19.7,34.1,30.9,13.8,"R",28.5,"32.4","88.1","2264","-7.3","-18.8","16.5","18.1","1.3","16.7","82.2","2082","4.5","-33.9","6.3","8.1","1.4","34.4","82.7","2056","-18.7","-33.6","6.6","19.9","1.4","1.6","72.7","2117","10.5","-60.1","-8.1","13.3","1.3","2.9","88.5","2099","-13.6","-24.7","10.2","17.1","1.3",,,,,,,,,,,,,,,,,,,,,,,,,"12","76.1","2226","12.2","-45.9","1.6","12.6","1.4",,,,,,,,,,,,,,,,,,,,,,,,
"Waguespack, Jacob",621097,2026,32,16.1,9.7,48.9,26.1,48.5,26.5,7.4,"R",68.5,"47.7","92.8","2147","-2.8","-13","18.7","19","1.1",,,,,,,,,"19.6","84.2","1563","-9","-29.1","9.1","13","1.4","2.4","75.8","2161","2.6","-58.6","-11.2","11.5","1.5",,,,,,,,,"30.3","86.8","1951","4","-30.6","5.4","7","1.3",,,,,,,,,,,,,,,,,,,,,,,,,,,,,,,,,,,,,,,,,,,,,,,,
"Kelly, Merrill",518876,2026,37,15.1,9.8,42.7,21.3,41.9,26.8,5,"R",23.6,"26.9","92.1","2366","-9.6","-17.9","14.5","17.4","1.4","10.1","86.4","2303","1.5","-32.4","4","4.8","1.2","27.4","88.4","2164","-15.1","-34.8","0.2","15.2","1.4","12","82.5","2569","7.2","-48.5","-8.4","11.2","1.6","9.8","92.3","2240","-16.6","-25.7","6.5","17.9","1.4","13.9","91","2366","-4","-20.4","12.5","13.3","1.3",,,,,,,,,,,,,,,,,,,,,,,,,,,,,,,,,,,,,,,,,,,,,,,,
"Muñoz, Andrés",662253,2026,27,37.4,9.5,41.5,40.3,46.8,20.2,8.5,"R",29.9,"38.9","99.5","2331","-8","-14","13.6","15.9","1.5","48.3","87","2375","6.4","-37","-1","6.7","1.7","4.6","92.1","1580","-13.9","-34.1","-1.8","14.2","1.4",,,,,,,,,"8.3","98.2","2180","-15.7","-21.2","7.3","17.7","1.2",,,,,,,,,,,,,,,,,,,,,,,,,,,,,,,,,,,,,,,,,,,,,,,,,,,,,,,,
"Medina, Luis",665622,2026,27,27,11.2,46.2,30.2,35.5,34,6.4,"R",40.2,"30.6","97.6","2399","-7.2","-13.2","15.5","17.2","1.8","15.9","86.3","2550","9.6","-35.6","1.1","10.3","1.7","14.5","89.9","1595","-10.3","-31.8","2","10.8","1.5","12.2","80.6","2577","8.5","-54.3","-12.1","14.9","1.7","26.8","97.2","2407","-15","-17.7","11.3","18.8","1.7",,,,,,,,,,,,,,,,,,,,,,,,,,,,,,,,,,,,,,,,,,,,,,,,,,,,,,,,
"Hedges, Austin",595978,2026,33,8.3,0,60,6.7,45.5,18.2,0,"R",11.9,,,,,,,,,,,,,,,,,"100","70.4","1719","-15.7","-51.3","4.1","16.5","1.5",,,,,,,,,,,,,,,,,,,,,,,,,,,,,,,,,,,,,,,,,,,,,,,,,,,,,,,,,,,,,,,,,,,,,,,,
"Megill, Trevor",656730,2026,32,29,6.6,50.1,31.9,35.9,29.9,11.1,"R",54.4,"64.8","97.9","2396","-4.2","-9.6","19","19.6","1.2",,,,,,,,,,,,,,,,,"35.2","88","2710","1.9","-37.4","-2.1","3.9","1.3",,,,,,,,,,,,,,,,,,,,,,,,,,,,,,,,,,,,,,,,,,,,,,,,,,,,,,,,,,,,,,,,
"Dodd, Dylan",689266,2026,28,28.2,8.5,45.4,28.2,31.5,28.1,15.7,"L",42.4,"0.2","94.2","2194","8.2","-12.2","18.4","20.2",,"5.7","82.6","2397","0.8","-41.6","-1.4","2.5","1.4",,,,,,,,,,,,,,,,,"61.7","93.8","2173","8.7","-14","17.1","19.3","1","32.4","87.4","2046","2.3","-29.4","6.3","7","1.3",,,,,,,,,,,,,,,,,,,,,,,,,,,,,,,,,,,,,,,,,,,,,,,,
"Fluharty, Mason",689254,2026,24,27,9.8,45.7,28.6,37.5,31.3,6.3,"L",36,,,,,,,,,,,,,,,,,"9.7","87.3","1848","12.4","-34","2.2","13.1","1.6",,,,,,,,,,,,,,,,,"48.8","90.8","2648","-2.5","-21.9","11","11.5","1.2",,,,,,,,,,,,,,,,,"41.5","82.1","2677","-15.3","-40.1","0.9","15.7","1.6",,,,,,,,,,,,,,,,,,,,,,,,
"Bradford, Cody",674003,2026,28,13,6.5,50.3,19.7,30.6,36.1,5.6,"L",51.3,"45.5","88.5","2037","3.6","-18.5","16.6","17.1","1.3","10.3","81","2012","-5.9","-39.6","2.1","6.8","1.5","36.6","80.8","1625","14.6","-33.7","8.3","16.9","1.4","7.6","75.3","1946","-6.6","-52.4","-3.8","7.9","1.7",,,,,,,,,,,,,,,,,,,,,,,,,,,,,,,,,,,,,,,,,,,,,,,,,,,,,,,,,,,,,,,,
"Montero, Keider",672456,2026,25,17.5,5.7,53.4,19.2,41.6,25.2,13.4,"R",42.6,"30.5","94.3","2231","-6","-14.4","16.4","17.6","1.3","19","85.9","2572","6.4","-35.1","2","7.3","1.6","14","86.9","2004","-15.1","-27.1","9","17.7","1.2","13.8","80.4","2863","11.1","-49.3","-6.9","13.4","1.5","22.8","94.7","2237","-15.3","-19.2","11.4","19.2","1.2",,,,,,,,,,,,,,,,,,,,,,,,,,,,,,,,,,,,,,,,,,,,,,,,,,,,,,,,
"Banks, Tanner",621383,2026,34,21.9,8.9,49.5,23.2,35.6,31.7,4,"L",49.3,"20.7","92","2117","2.5","-17.4","15","15.3","1.3","35.4","86.8","2318","-5.1","-31.4","4.6","7.1","1.2","4.9","83.8","1654","10.3","-36.2","2.6","10.9","1.5",,,,,,,,,"16","91.3","1958","13.4","-23.3","9.6","16.6","1.3",,,,,,,,,,,,,,,,,,,,,,,,,"23","81.6","2301","-13.8","-39.2","2.2","14.2","1.5",,,,,,,,,,,,,,,,,,,,,,,,
"Mushinski, Parker",656786,2026,30,0,19,43.2,11.8,41.2,23.5,5.9,"L",40.7,"23.9","92.2","2430","4.6","-19","12.9","13.7","1.2",,,,,,,,,"4.5","86.3","1777","12.3","-34.4","1.8","12.5","1.4","14.8","81.6","2768","-8.2","-52","-11","13.8","1.4","11.4","91","2371","9.4","-23.3","9.4","13.7","1.4","15.9","89.1","2586","-4.6","-25.4","8.6","10.1","1.4",,,,,,,,,,,,,,,,,"29.5","82","2727","-12.8","-36.5","4.1","13.7","1.3",,,,,,,,,,,,,,,,,,,,,,,,
"Lowder, Rhett",695076,2026,24,18.2,9.5,49.3,20.3,43.5,27.9,5.6,"R",28.4,"20.6","93.4","2246","-10.6","-18.1","13.4","17.2","1.2","27.9","84.9","2778","2.5","-38.8","-1","3.4","1.4","20.5","86.3","1949","-17.5","-36.6","0.3","17.7","1.4","1.8","79.8","3112","11.6","-56.3","-12.9","17.5","1.8","28.9","92.8","2258","-17.3","-25.1","6.7","18.6","1.2",,,,,,,,,,,,,,,,,,,,,,,,,"0.1","83.2","2835","10.2","-39.9","-0.4","10.2","1.6",,,,,,,,,,,,,,,,,,,,,,,,
"Rasmussen, Drew",656876,2026,30,26.3,4.5,49.4,25.3,44.6,22.7,7.9,"R",52.6,"29.2","95.9","2513","-4.4","-12.2","17.7","18.3","1",,,,,,,,,"12.2","89.9","1214","-12","-31.3","2.8","13","1.1","4","80.3","2607","4.7","-55.3","-12.5","13.6","1.7","22.8","95.4","2417","-16.2","-17.7","12.5","20.6","1","29.3","90","2643","4.5","-29.8","3.9","6.7","1.7",,,,,,,,,,,,,,,,,"2.7","84.5","2496","12.5","-38.9","-0.5","12.8","1.3",,,,,,,,,,,,,,,,,,,,,,,,
"Ritchie, JR",702275,2026,23,20.7,14.1,44,23.3,45.1,29.6,4.9,"R",25.4,"18","94.5","2353","-9.4","-16.3","14.2","17.1","1.5","6.9","85","2563","4.4","-37.4","0.1","5","1.4","17.3","88.1","1680","-13.8","-34.8","0.3","14","1.6","27.4","82.9","2634","13.1","-51.6","-11.6","17.6","1.3","20.7","94.2","2309","-16","-24.6","6.1","17.3","1.3","9.7","89.2","2475","1.5","-26.7","7.4","7.9","1.7",,,,,,,,,,,,,,,,,,,,,,,,,,,,,,,,,,,,,,,,,,,,,,,,
"Foley, Jason",671345,2026,30,13.9,11.1,49.2,16.4,48.1,18.5,7.4,"R",25.3,"13.3","96.8","2219","-11.5","-16.9","12.2","17.1","1.3","26.6","86.4","2316","4.1","-36.4","0.1","4.7","1.6",,,,,,,,,,,,,,,,,"45.3","95.8","2157","-17.4","-26","3.8","17.9","1.1",,,,,,,,,"14.8","89.4","1046","-8","-34.4","-0.5","8.5","1.3",,,,,,,,,,,,,,,,,,,,,,,,,,,,,,,,,,,,,,,,
"Kerry, Brett",695049,2026,27,22.2,3.7,45.3,26.7,47.5,20,12.5,"R",52.1,"47.6","91.6","2175","-6.3","-15.5","17.3","18.5","1.5","27.4","85.8","1949","0.7","-36.9","0.7","1.9","1.4","22.2","81.4","1886","-13.2","-29","12.6","18.4","1.5","1.4","78.1","2454","9.9","-58.3","-13.1","16.5","1.5",,,,,,,,,,,,,,,,,,,,,,,,,,,,,,,,,"1.4","79.6","2611","12.2","-50.5","-6.8","14.4","1.5",,,,,,,,,,,,,,,,,,,,,,,,
"Duran, Jhoan",661395,2026,28,36,4.3,45.9,36.8,60,11.6,6.3,"R",38.2,"27.5","100.3","2074","-13","-14","13.3","18.7","1.1",,,,,,,,,"6.2","88.7","938","-9.1","-33.6","1.3","10.5","1.6","10.1","88.4","2664","2","-41.9","-7.1","7.6","1.4",,,,,,,,,,,,,,,,,"45.9","97.4","1715","-14.5","-25.3","3.5","15.1","1.2",,,,,,,,,"10.4","89.2","2593","8.8","-35.9","-1.5","9.6","1.6",,,,,,,,,,,,,,,,,,,,,,,,
"Boyle, Joe",671212,2026,26,24.2,9.1,49,26.4,40.9,22.7,15.9,"R",26.7,"20.9","97.1","2587","-7.4","-14.9","14.2","16.3","1.3","34.2","88.9","2649","4","-33.6","1.1","5.1","1.6",,,,,,,,,,,,,,,,,"19.4","97.1","2440","-15.8","-23.5","5.8","17.1","1.3",,,,,,,,,"15.2","92.6","2105","-17.4","-31","1.2","17.6","1.2",,,,,,,,,"10.3","85.2","2644","16","-36.9","1.2","16.3","1.2",,,,,,,,,,,,,,,,,,,,,,,,
"Kremer, Dean",665152,2026,30,24.2,7.2,45.1,27.2,37.6,37.6,3.8,"R",43.8,"25.5","93.1","2276","-6.3","-13.4","18.2","19.3","1.2","1.8","83.5","2619","6","-38.8","0.4","7.8","1.3",,,,,,,,,"13.8","76.8","2813","8.1","-59.7","-13.2","15.7","1.2","14.7","92.1","2144","-13.8","-20.5","11.7","18.2","1.2","15.8","87.3","2372","4.2","-29.5","6.1","7.6","1.1","28.3","82.7","1283","-10.6","-29.9","10","14.8","1",,,,,,,,,,,,,,,,,,,,,,,,,,,,,,,,,,,,,,,,
"Cortes, Carlos",666126,2026,29,2.4,12.2,39.1,5.2,34.3,40,2.9,"L",37,,,,,,,,,"30.6","63.9","1554","1","-56.9","15.8","16.9","4.5","65.3","71.6","1716","11.7","-40","14.1","18.8","3.3","4.1","64.2","1600","5.8","-67.9","1","5.9","1.7",,,,,,,,,,,,,,,,,,,,,,,,,,,,,,,,,,,,,,,,,,,,,,,,,,,,,,,,,,,,,,,,
"Lavender, Nate",681320,2026,26,41.7,16.7,55.8,36,60,40,0,"L",40.7,"59.6","92.8","2303","6.2","-15.2","16.5","17.7","1.3","23.1","86.1","2505","-5.8","-30.3","6.1","8.9","1.6","7.7","81.3","1740","13.3","-34.1","7.3","15.2","1.5",,,,,,,,,,,,,,,,,,,,,,,,,,,,,,,,,,,,,,,,,"9.6","80.3","2661","-13.6","-37.1","5.2","15","1.4",,,,,,,,,,,,,,,,,,,,,,,,
"Kochanowicz, Jack",686799,2026,25,15.9,12.2,47.1,23.6,57.2,19.7,4.3,"R",36.4,"22.2","96.2","2285","-6.8","-15.9","13.8","15.5","1.2","16.3","85.6","2824","5.8","-41.3","-4","7.5","1.9","23.2","89.9","2167","-10.3","-32.8","0.9","10.7","1.4",,,,,,,,,"38.3","95.7","2138","-13","-25.2","4.7","14.1","1.2",,,,,,,,,,,,,,,,,,,,,,,,,,,,,,,,,,,,,,,,,,,,,,,,,,,,,,,,
"Yarbrough, Ryan",642232,2026,34,15.8,9.5,50.3,22.9,36.2,27.5,12.3,"L",17.4,"18.2","87.5","1933","13.4","-23.5","12.5","18.4","1.5",,,,,,,,,"20.9","77.8","1953","18","-45","0.5","18.1","1.3",,,,,,,,,"13","87.1","1893","16.6","-29.7","6.4","18","1.3","27.2","85","2082","2.9","-28.3","9.4","10.2","1.3",,,,,,,,,,,,,,,,,"20.8","71.9","2275","-14.1","-46.1","7.1","16.1","1.5",,,,,,,,,,,,,,,,,,,,,,,,
"Woodford, Jake",663765,2026,29,18.3,5.6,49.7,19.5,38.5,26,4.2,"R",24.9,"0.9","93.4","2130","-8.7","-19.1","12.2","15","1.4","1.5","85.3","2406","5.3","-36.4","1.2","5.8","1.5",,,,,,,,,"0.9","77.7","2493","13.8","-55.9","-10.3","17.4","1.5","29.1","93.7","2057","-15.1","-25.7","5.5","16.2","1.3","37.2","90.3","2270","0.6","-25.3","8.1","8.5","1.5","14.9","85.4","1048","-9.8","-37.6","-0.2","10.1","1.2",,,,,,,,,"15.5","81.4","2586","16.7","-41.4","0.1","16.8","1.3",,,,,,,,,,,,,,,,,,,,,,,,
"Garcia, Brandyn",805299,2026,26,29.1,5.5,54.1,25.4,62.5,15,7.5,"L",16.8,,,,,,,,,,,,,,,,,,,,,,,,,,,,,,,,,"49","97.3","2287","16.1","-26.7","2.3","16.5","1.1","20.1","94.2","2298","0.2","-23.1","7.5","7.9","1.4",,,,,,,,,,,,,,,,,"30.9","87.5","2622","-12.9","-32","3.8","13.8","1.6",,,,,,,,,,,,,,,,,,,,,,,,
"Ponce, Cody",664074,2026,32,30,10,23.4,51.7,50,16.7,0,"R",44.1,"25.5","95.9","2556","-10","-12","17.9","20.6","1.4","36.2","88.3","2314","0.9","-29.9","5.2","5.5","1.4","25.5","88.3","737","-5.2","-29.8","5.6","7.9","1.4","12.8","84.5","2520","0.7","-46.8","-8.5","8.7","1.4",,,,,,,,,,,,,,,,,,,,,,,,,,,,,,,,,,,,,,,,,,,,,,,,,,,,,,,,,,,,,,,,
"McLean, Nolan",690997,2026,24,28,8.8,47.9,24.8,46,24,5.5,"R",30.9,"21","96.1","2330","-11.7","-15.9","13.9","18.3","1.2","2.1","86.5","2950","9.6","-31.8","4.8","11.1","1.7","6.2","88.1","1228","-12.5","-38.1","-2.5","13.2","1.7","14.5","81.9","3358","17.4","-55.1","-13.3","22","1.9","32.5","95.1","2206","-17.7","-25.3","5.2","18.5","1.4","10.1","92","2544","0.9","-25.6","6.6","6.9","1.6",,,,,,,,,,,,,,,,,"13.6","84.9","3009","18.6","-40","-1.5","18.9","1.6",,,,,,,,,,,,,,,,,,,,,,,,
"Beeter, Clayton",690925,2026,27,24.3,15.1,43.3,27.7,55.6,23.3,2.2,"R",51.9,"49.3","95.6","2407","-3.6","-12.2","17.6","18.1","1.6","50.7","86.1","2786","3.6","-42.6","-5.9","7.4","1.7",,,,,,,,,,,,,,,,,,,,,,,,,,,,,,,,,,,,,,,,,,,,,,,,,,,,,,,,,,,,,,,,,,,,,,,,,,,,,,,,
"Castillo, Luis",622491,2026,33,20.9,7.2,49.2,24.9,38.6,28.1,7.3,"R",16.1,"43.9","95.3","2272","-12.1","-17.6","12.5","17.5","1.3","25.9","85.6","2242","0.8","-35.6","1.5","2.5","1.6","13.1","87.6","1943","-17.2","-36.1","-0.5","17.3","1.3",,,,,,,,,"17.1","95.5","2077","-18.1","-26","4","18.7","1.3","0.1","92.3","2070","-6.8","-20.8","11.2","13.1",,,,,,,,,,,,,,,,,,,,,,,,,,,,,,,,,,,,,,,,,,,,,,,,,
"Acton, Garrett",670183,2026,28,32.1,10.7,49.6,35.4,33.3,33.3,6.7,"R",43.8,"54.8","94.2","2483","-4.2","-11.2","19.8","20.3","1.2","45.2","86.1","2494","1.2","-32.4","4.4","5.2","1.3",,,,,,,,,,,,,,,,,,,,,,,,,,,,,,,,,,,,,,,,,,,,,,,,,,,,,,,,,,,,,,,,,,,,,,,,,,,,,,,,
"Maton, Phil",664208,2026,33,22.8,11.8,51.8,25.7,41.7,19,3.6,"R",25,,,,,,,,,,,,,,,,,,,,,,,,,"28.9","75.6","3117","18.6","-58.1","-9.3","20.9","1.4","19","90.2","2303","-13.1","-27.3","6.4","14.7","1.5","36.8","89.5","2561","2.6","-24.2","9.7","10.2","1.2",,,,,,,,,,,,,,,,,"15.2","83.2","2736","12.9","-35","4.5","14.1","1.2",,,,,,,,,,,,,,,,,,,,,,,,
"Palencia, Daniel",694037,2026,26,26.8,8.5,47.8,29.6,30.4,23.9,4.3,"R",36.9,"66.1","99.4","2355","-8.8","-11.4","16.3","18.7","1.4","25.3","90.5","2309","1.6","-30","3.2","4.1","1.8",,,,,,,,,,,,,,,,,"2.4","100.1","2284","-14.5","-15.4","11.8","18.7","1.4",,,,,,,,,"6.2","89.6","1124","-10.6","-30.3","3.8","11.9","1.3",,,,,,,,,,,,,,,,,,,,,,,,,,,,,,,,,,,,,,,,
"Messick, Parker",800048,2026,25,25.1,7,47.5,25.6,45,21.3,11.7,"L",42.1,"38.1","94.2","2165","5.3","-14.2","16.6","17.6","1.6","4.8","86.8","2348","-5.9","-31.8","4.3","7.9","1.6","23.7","85.8","1847","14.9","-35.4","1.8","15.1","1.4","10.2","79.2","2285","-14","-49.9","-6","15.4","1.5","16.6","92.6","2053","13.1","-21.6","10.2","16.7","1.4","6.6","90.5","2154","-2.5","-23.4","9.8","10.4","1.4",,,,,,,,,,,,,,,,,,,,,,,,,,,,,,,,,,,,,,,,,,,,,,,,
"Raley, Brooks",548384,2026,38,24.3,8.6,49.2,23.5,37.2,24,10.7,"L",32.1,,,,,,,,,,,,,,,,,"12.6","84.4","1979","16.8","-38.8","-0.1","17.1","1.2",,,,,,,,,"21.2","90.2","2409","16.5","-29.1","4.8","17.3","1.3","28.7","86.7","2583","-4","-29.8","6.4","8","1.3",,,,,,,,,,,,,,,,,"37.4","80.8","2917","-17.3","-37.8","4.5","18.1","1.2",,,,,,,,,,,,,,,,,,,,,,,,
"Seymour, Carson",693313,2026,27,11.5,11.5,44.1,18,38.5,30.8,7.7,"R",38.7,"19.6","96.3","2194","-8.8","-16.5","13","15.9","1.4","26","87.7","2103","-0.3","-41.2","-5.8","6","1.4",,,,,,,,,"0.5","85.6","1639","6.7","-39.8","-2.4","7.2",,"30.9","95.7","2228","-15.5","-24.8","5.2","16.5","1.4","18.6","93.3","2389","-1.2","-26.1","5.1","5.5","1.6","4.4","91.2","1290","-11.6","-34","-1.2","11.7","1.4",,,,,,,,,,,,,,,,,,,,,,,,,,,,,,,,,,,,,,,,
"Lee, Chase",695445,2026,27,6.9,24.1,43.8,23.5,35,35,10,"R",-3,"14.6","90.2","2421","-7.1","-26.8","6.7","9.9","1.4",,,,,,,,,"10.4","85.2","1642","-14.3","-42.5","-4.4","15","1.3",,,,,,,,,"37.5","90","2326","-10.4","-36","-2","10.8","1.2",,,,,,,,,,,,,,,,,,,,,,,,,"37.5","80.8","2914","16.6","-35.4","6.8","18.1","1.3",,,,,,,,,,,,,,,,,,,,,,,,
"Iglesias, Raisel",628452,2026,36,26.8,7.1,52,30.3,36.7,29.2,9.2,"R",29.7,"38.6","94.4","2329","-8.9","-15.9","14.8","17.5","1.2","5.6","83.4","2686","11.3","-35.1","4.1","12.4","1.4","35.2","88.5","1907","-15.3","-30.2","4.7","16.3","1.1",,,,,,,,,"20.5","94.4","2344","-17","-22.7","8","18.9","1.2",,,,,,,,,,,,,,,,,,,,,,,,,,,,,,,,,,,,,,,,,,,,,,,,,,,,,,,,
"Sandoval, Patrick",663776,2026,29,21.3,9.6,49,24.9,35.5,22.6,10.8,"L",51,"22.4","93.7","2097","7.2","-15.1","15.9","17.5","1.5","28.6","86.9","2592","-7.4","-31.9","4.1","8.8","1.5","25.1","84","1747","14.9","-28.7","9.9","18","1.4","3.3","75.3","2739","-9.9","-60.9","-12.7","16.2","1.5","18.4","94.2","2092","13.5","-17.9","12.8","18.7","1.6",,,,,,,,,,,,,,,,,,,,,,,,,"2.2","80.2","2754","-17.2","-43.2","-0.5","17.4","1.4",,,,,,,,,,,,,,,,,,,,,,,,
"Bachman, Sam",696147,2026,26,23.2,13.6,45.6,33.1,50.8,21.3,4.9,"R",34.1,"3.2","98.5","2299","-11.8","-15.3","13","17.7","1.4","50.9","88.5","2673","2.2","-36.2","-1.3","3.3","1.5","14.5","91.7","1870","-15.2","-34.6","-2","15.6","1.3",,,,,,,,,"31","98.7","2352","-16.7","-20.1","8","18.6","1.2",,,,,,,,,,,,,,,,,,,,,,,,,"0.5","86.4","2727","8.8","-39.9","-3.6","9.8","1.4",,,,,,,,,,,,,,,,,,,,,,,,
"Alcantara, Sandy",645261,2026,30,19,6.2,51.1,22,44.1,23.9,8.7,"R",33.4,"19.5","97.5","2248","-12.7","-15.5","13.5","18.6","1.3","6.7","85.1","2353","4.9","-35.3","2.9","6.5","1.5","20.5","90.9","2088","-17","-30.7","2.5","17.3","1.2","3.4","83.3","2421","4","-42.5","-3.1","5.3","1.8","26.3","97.3","2292","-17.2","-20.8","8.3","19.2","1.3","14.6","90","2204","1.1","-27.8","5.9","6.3","1.4",,,,,,,,,,,,,,,,,"8.9","84.3","2373","12.2","-37.9","0.9","12.6","1.5",,,,,,,,,,,,,,,,,,,,,,,,
"Hart, Kyle",606996,2026,33,22.4,8.2,49,21.2,51.1,23.3,6,"L",37.5,"8.8","94","2265","8.3","-16.1","14.9","17.1","1.5","15.7","89.1","2426","-3.1","-28.4","6","7.2","1.9",,,,,,,,,,,,,,,,,"28.2","93.8","2161","16.3","-23.3","7.9","18.2","1.5",,,,,,,,,"20.4","85.5","1138","7.8","-39.6","-2","8.6","1.3",,,,,,,,,"26.9","83.1","2750","-16.8","-38.4","1.3","17.1","1.6",,,,,,,,,,,,,,,,,,,,,,,,
"Allard, Kolby",663465,2026,28,20,6.7,52.5,17.4,40.6,21.9,6.3,"L",45.5,"33.9","89.4","1958","3.8","-18.6","15.7","16.3","1.2",,,,,,,,,"18.6","82.5","1474","14.2","-31.7","8.6","16.7","1.4","13.6","71.5","1717","-7.1","-67.2","-13.2","15","1.4","11.3","90.1","1961","13.7","-21.1","12.6","18.7","1.3","22.6","83","1989","-5.5","-35.2","4.4","7.3","1.6",,,,,,,,,,,,,,,,,,,,,,,,,,,,,,,,,,,,,,,,,,,,,,,,
"Davitt, Duncan",701474,2026,26,12.5,12.5,46.4,7.7,33.3,16.7,16.7,"R",18.8,"28.6","92.9","2403","-7.7","-15.5","16.2","18","1.4","42.9","86.6","2591","4.9","-32.1","4.2","6.7","1.4","7.1","87","1680","-14.7","-39.9","-3.4","15.2","1.4","3.6","81.5","2755","13.7","-45.7","-4.6","14.5",,"7.1","92.4","2292","-18.1","-23.7","8.2","19.9","1.5",,,,,,,,,,,,,,,,,,,,,,,,,"10.7","82.8","2737","20.7","-35.2","5","21.4","1.4",,,,,,,,,,,,,,,,,,,,,,,,
"Waldichuk, Ken",686610,2026,28,20,12.5,43,27.4,42.3,34.6,11.5,"L",38.7,"32.9","93.1","2408","9.8","-14.5","17.3","20","1.7",,,,,,,,,"1.3","85.6","1932","16.7","-28.8","8.9","19","1.5","40.9","81.5","2331","-14.7","-45","-3.6","15.4","1.6",,,,,,,,,"18.1","87.6","2326","-2.9","-28","7.5","8.5","1.6",,,,,,,,,,,,,,,,,"6.7","84.9","2292","-4.7","-35.1","2.7","5.8","1.4",,,,,,,,,,,,,,,,,,,,,,,,
"Márquez, Germán",608566,2026,31,15.7,10.2,49.2,19,38.7,33.5,7.5,"R",38.5,"38.1","94.6","2167","-12.7","-16.1","14.7","19.6","1.3","13","87.7","2331","-2.7","-30.4","5.5","6.9","1.3","3.2","87","1611","-13.2","-29.8","6.8","15.2","1.6","31.8","85.4","2603","1.1","-37.2","0.8","3","1.9","13.9","94.1","2142","-16.1","-19.5","11.6","19.9","1.3",,,,,,,,,,,,,,,,,,,,,,,,,,,,,,,,,,,,,,,,,,,,,,,,,,,,,,,,
"Martin, Chris",455119,2026,40,13.6,3,53.6,15.9,31.5,25.9,5.6,"R",42.5,"26.2","94.5","2198","-8.9","-14.9","15.8","18.2","1.1",,,,,,,,,,,,,,,,,"5.6","83.9","2486","3.6","-45","-6.2","7.3","1.3","12.1","93.9","2136","-15","-20.7","10.4","18.4","1.1","41.9","91.4","2249","2.1","-24.3","8.3","8.8","1.2","9.7","87.7","1502","-11.4","-31.8","3.7","12.1","1.3",,,,,,,,,"4.4","84.2","2548","14.3","-43.4","-4.4","15","1.5",,,,,,,,,,,,,,,,,,,,,,,,
"Hancock, Emerson",676106,2026,27,22.7,6.1,51.1,23.2,42.4,29.9,7,"R",11.6,"39.5","95.4","2353","-12.1","-21","9.1","15.3","1.4",,,,,,,,,"5.2","87.2","1531","-15.2","-37","-1","15.5","1.3","4.1","76","2572","13.6","-54.2","-6.8","15.3","1.5","23.3","94.8","2352","-17.9","-30.2","0.3","18.1","1.2","11.8","85.8","2296","3.5","-33.2","3.7","5.6","1.8",,,,,,,,,,,,,,,,,"16.1","77.1","2603","16.4","-43.6","2.8","17","1.4",,,,,,,,,,,,,,,,,,,,,,,,
"De Jesus, Enmanuel",646241,2026,29,23.5,8,50.8,24.8,41.8,27.3,7.3,"L",43.6,"43","94.2","2328","9.7","-13.8","17.2","19.8","1.1","6.4","80.1","2674","-4.6","-50.2","-7.6","9.4","1.4","21.6","87.7","2106","17","-27.9","7.7","18.8","1.2",,,,,,,,,"12.3","94.2","2301","15.6","-17.8","13.1","20.5","1.2","16.7","85.5","2613","-3.1","-36.3","1.1","4.2","1.5",,,,,,,,,,,,,,,,,,,,,,,,,,,,,,,,,,,,,,,,,,,,,,,,
"Corniell, Jose",692030,2026,23,14.3,14.3,49,26.9,20,40,10,"R",31.5,"26","94.2","2052","-11.3","-16.2","14.6","18.6","1.3","7.7","83.2","2274","5.7","-31.3","8","10","1.5","26","85.7","1568","-15.7","-30.9","6.5","17.1","1.3",,,,,,,,,"8.7","93.6","1958","-16.7","-23","8.1","18.6","1.4","14.4","90.6","2094","-3.6","-26.4","7","8.2","1.5",,,,,,,,,,,,,,,,,"17.3","80.2","2352","12.4","-43.7","-1.1","12.8","1.6",,,,,,,,,,,,,,,,,,,,,,,,
"Garrett, Braxton",666129,2026,28,17.9,28.6,41.9,23.5,46.7,33.3,6.7,"L",38.6,"21.7","91.7","2358","4.9","-18.1","14.4","15.3","1.2","16.3","86.9","2418","-1.8","-35.6","0.5","2.5","1.4","13.2","84.3","1606","14.5","-39.2","-0.4","14.8","1.5",,,,,,,,,"28.7","91.1","2186","15.5","-26","7.1","17.3","1.1",,,,,,,,,,,,,,,,,,,,,,,,,"20.2","83.5","2483","-10.2","-36.6","2.8","11.2","1.3",,,,,,,,,,,,,,,,,,,,,,,,
"Hanifee, Brenan",669724,2026,28,10.8,7.5,53,14.4,61.3,21.3,2.7,"R",31,"8.4","96.2","2093","-11.9","-19","10.6","16.1","1.4","23.1","88.1","2282","1.6","-32.5","2.6","3.7","1.5","7.8","89.5","1671","-16.2","-34.5","-0.3","16.3","1.2",,,,,,,,,"60.7","95","2064","-16","-26.3","4","16.7","1.1",,,,,,,,,,,,,,,,,,,,,,,,,,,,,,,,,,,,,,,,,,,,,,,,,,,,,,,,
"Moll, Sam",594580,2026,34,22.6,12.3,44.3,23.6,56.1,18.9,6.8,"L",13.2,"10.7","92.5","2613","10.8","-22.3","9.5","14.9","1.4",,,,,,,,,"15.5","84.6","1727","12.4","-45.6","-7.1","14.6","1.5",,,,,,,,,"37.3","91.4","2457","15.7","-34.8","-1.9","16","1.3",,,,,,,,,,,,,,,,,,,,,,,,,"36.5","81.2","2855","-14.7","-43.9","-2.1","15","1.4",,,,,,,,,,,,,,,,,,,,,,,,
"Orze, Eric",679358,2026,28,19,11.1,48.6,21.8,43.8,19.2,9.2,"R",42.6,"26.1","92.8","2272","-9.6","-14","18","20.5","1.2","14.3","87.4","2551","4.3","-29.5","6.1","7.8","1.4",,,,,,,,,"9.3","82","2888","15.6","-46.3","-5.3","16.7","1.3",,,,,,,,,,,,,,,,,"50.2","83.5","1685","-14.9","-38.3","1.2","15.2","1.2",,,,,,,,,,,,,,,,,,,,,,,,,,,,,,,,,,,,,,,,
"Kimbrel, Craig",518886,2026,38,21.8,11.6,43,25.3,32.3,34.4,7.3,"R",23.5,"67.4","93.6","2282","-11.8","-16.4","15","19.2","1.2",,,,,,,,,"2.8","88.6","1627","-16.8","-32.6","2.3","17.1","1.4","8.7","84.1","2601","11.6","-46.7","-7.8","14.2","1.5","6.5","93.7","2121","-17.8","-21.9","9.3","20.2","1.3",,,,,,,,,,,,,,,,,,,,,,,,,"14.5","85.6","2601","13.6","-37.5","0.3","13.9","1.4",,,,,,,,,,,,,,,,,,,,,,,,
"Hentges, Sam",656529,2026,29,24,15.5,43.8,28.2,48,24,9.3,"L",37.3,"30.6","94.1","2191","6.3","-15.8","14.9","16.3","1.4","24.7","87.7","2194","-3","-31","4.4","5.8","1.7",,,,,,,,,"17.4","80.2","2310","-5.8","-53.6","-11.1","12.7","1.4","27.3","93.8","2102","12.2","-18.6","12.5","17.8","1.6",,,,,,,,,,,,,,,,,,,,,,,,,,,,,,,,,,,,,,,,,,,,,,,,,,,,,,,,
"Molina, Anthony",683627,2026,24,9.5,4.8,39.8,17.1,55.6,22.2,0,"R",47.9,"36.4","96.7","2195","-6.1","-13","16.1","17.3","1.1","9.1","88.5","2120","4.3","-28.4","6.1","7.6","1.4","27.3","87.6","1923","-14.2","-29.1","6.2","15.5","1.5","27.3","84.8","2180","3.6","-38","-0.3","3.7","1.4",,,,,,,,,,,,,,,,,,,,,,,,,,,,,,,,,,,,,,,,,,,,,,,,,,,,,,,,,,,,,,,,
"Lovelady, Richard",663992,2026,30,18.5,14.4,47.7,22.9,45.3,22.1,5.3,"L",20.2,"21.5","91.4","2398","3.7","-20.6","11.9","12.8","1.1","5.9","86.7","2481","-3.5","-32.3","3.8","5.9","1.6",,,,,,,,,,,,,,,,,"29.7","91.2","2250","13.6","-28.3","4.7","14.7","1.1",,,,,,,,,,,,,,,,,,,,,,,,,"42.9","81.8","2491","-14.1","-41.3","-0.4","14.5","1.2",,,,,,,,,,,,,,,,,,,,,,,,
"Cuas, Jose",621016,2026,32,28.9,6.7,44.3,25,24.1,27.6,10.3,"R",1.9,"37.1","92.1","2370","-10.2","-23.2","8.9","13.8","1.1",,,,,,,,,"1","87.7","1601","-12.6","-36.3","-0.7","13.3","1.5",,,,,,,,,"28.6","92.4","2452","-15.8","-31.9","0.3","15.9","1.2","8.1","88","2521","-3.1","-27.4","7.8","8.6","1.4",,,,,,,,,,,,,,,,,"25.2","82.9","2757","7.8","-34.1","6","10.6","1.2",,,,,,,,,,,,,,,,,,,,,,,,
"Tidwell, Blade",694918,2026,25,20.9,5.5,49.2,29.4,37.9,18.2,21.2,"R",40.5,"33.9","95.8","2239","-7.6","-12.8","17.2","18.9","1.6","9.5","87.7","2476","4.1","-33.4","2.1","6.4","1.7","4.8","83.1","1605","-11.7","-32.3","7.1","13.9","1.3","1.1","83","2578","5.7","-51.7","-11.8","13.3","1.5","12.7","94.1","2144","-15.5","-18.9","12.1","19.8","1.5",,,,,,,,,,,,,,,,,,,,,,,,,"38.1","82.8","2919","14.6","-35.2","4.7","15.8","1.5",,,,,,,,,,,,,,,,,,,,,,,,
"Mey, Luis",682825,2026,25,32.8,16.4,45.7,39.4,53.6,28.6,3.6,"R",32.2,"1.6","98.4","2379","-5","-19.1","9.2","10.6","1.5","42.1","86.5","2421","12.4","-32.6","4","13.4","1.7",,,,,,,,,,,,,,,,,"56.3","98.8","2297","-14.9","-22.6","5.6","16.1","1.3",,,,,,,,,,,,,,,,,,,,,,,,,,,,,,,,,,,,,,,,,,,,,,,,,,,,,,,,
"Fermin, José",820862,2026,24,27.6,11.5,47.6,31.4,47.1,22.5,4.9,"R",44.2,"6.3","96.6","2280","-7.2","-12.4","17.1","18.7","1.4","57.9","90.4","2524","-1.5","-31.4","2.1","3","1.7","6.3","93","2124","-14.8","-21","10.9","18.5","1.3",,,,,,,,,"29.6","96.4","2324","-15.3","-17.1","12.5","19.8","1.3",,,,,,,,,,,,,,,,,,,,,,,,,,,,,,,,,,,,,,,,,,,,,,,,,,,,,,,,
"Ginn, J.T.",669372,2026,27,21.1,10.4,42.5,27.4,47.1,23.8,7.1,"R",41.8,"12.1","93.6","2044","-4.7","-19.8","11.3","12.4","1.4","15.6","85.5","2327","5.5","-40.3","-2.8","6.9","1.6","20.4","87.8","1512","-11.6","-33.1","2.5","12.5","1.4",,,,,,,,,"34.8","93.5","1976","-14.6","-27.5","3.9","15.3","1.5","17.1","90.3","2154","0.1","-26.9","6.5","6.9","1.8",,,,,,,,,,,,,,,,,,,,,,,,,,,,,,,,,,,,,,,,,,,,,,,,
"Lucchesi, Joey",664192,2026,33,16.7,25,33.3,17.1,69.2,15.4,0,"L",45.2,"14.4","92.5","2246","8.1","-18","14.1","16.4","1.4",,,,,,,,,,,,,,,,,"27","77.5","2095","-7.2","-50.7","-4.8","9.2","1.8","51.4","91.8","2239","15.8","-21.6","11.1","19.5","1.4",,,,,,,,,"7.2","81.6","1150","6.2","-39.2","2","7.8","1.5",,,,,,,,,,,,,,,,,,,,,,,,,,,,,,,,,,,,,,,,
"Ohtani, Shohei",660271,2026,31,27.9,7.6,50.3,30.4,52.1,20.2,8.9,"R",33.7,"45.1","98.1","2488","-5","-14.3","14","15.1","1.6","1.1","88","2593","3.8","-36","-0.8","4.5","1.6",,,,,,,,,"10","75.2","2651","13.4","-63.9","-14.8","20","2.9","5.2","96.5","2217","-14.2","-23.1","6.4","15.7","1.7","0.7","92.4","2376","-0.7","-20.9","10.9","11.6","1.6","8.5","89","1564","-12.7","-32.5","2","13.3","1.9",,,,,,,,,"29.4","85","2726","15","-34.5","3.4","15.7","2.3",,,,,,,,,,,,,,,,,,,,,,,,
"Sanmartin, Reiver",665665,2026,30,21.9,6.3,46.2,25,47.8,21.7,0,"L",20.9,"10.3","92.2","2268","13.6","-21.9","10.2","17.1","1.3","29.9","82.8","2529","-6.3","-38.8","0.9","6.7","1.3","22.2","87","2100","17.2","-37.8","-1.7","17.3","1.3",,,,,,,,,"37.6","91.7","2257","17.8","-30.9","1.6","17.9","1.1",,,,,,,,,,,,,,,,,,,,,,,,,,,,,,,,,,,,,,,,,,,,,,,,,,,,,,,,
"Keller, Mitch",656605,2026,30,17.7,8.3,48.5,20.5,37.9,25.8,6.3,"R",35.3,"32","93.3","2364","-8.6","-16.2","15.1","17.5","1.2","9.5","87.2","2524","4.5","-34.5","1.2","5.2","1.5","9","88.7","1540","-12.1","-32.2","2.4","12.7","1.3","9.1","77.8","2648","13.2","-58.5","-12.8","18.6","1.5","17.1","92.3","2374","-14.3","-24.3","7.7","16.4","1.1","7.4","89.7","2489","2.4","-24.5","9.1","9.7","1.3",,,,,,,,,,,,,,,,,"16","82","2698","17.2","-40","0.9","17.5","1.4",,,,,,,,,,,,,,,,,,,,,,,,
"Thielbar, Caleb",573204,2026,39,28.8,7.8,46.8,28.3,28.9,37.1,12.4,"L",54.7,"40.3","93.3","2312","4.5","-12.6","18.9","19.5","1.2","21.3","87.5","2306","-4.8","-30.1","5.4","7.6","1.7",,,,,,,,,"26.4","76.3","2590","-6.9","-61.4","-14.3","16","1.3",,,,,,,,,,,,,,,,,,,,,,,,,,,,,,,,,"12","80.3","2487","-14.9","-43.4","-1","15.2","1.5",,,,,,,,,,,,,,,,,,,,,,,,
"Rea, Colin",607067,2026,35,17.1,8.2,47.8,19.6,42.6,28.4,5.2,"R",29.6,"42.8","93.7","2172","-8.6","-17.7","13.3","16","1","10.8","86.1","2127","3.4","-37.4","-0.5","3.9","1.2","18.6","87.7","1393","-12.1","-37","-1.5","12.5","1.1","5.5","80","2186","10.1","-50.3","-7.7","12.9","1.3","8.2","92.4","2122","-13.6","-23","9","16.6","1.2","5.3","87.1","2178","4.3","-29.8","6.1","7.8","1.3",,,,,,,,,,,,,,,,,"8.9","82.9","2430","15.4","-37.6","2.2","15.8","1.2",,,,,,,,,,,,,,,,,,,,,,,,
"Topa, Justin",623437,2026,35,13,12,47.9,14.1,57.4,23.5,1.5,"R",11.2,,,,,,,,,,,,,,,,,"14.2","86.2","1831","-15.1","-42.1","-5.1","16.1","1.2",,,,,,,,,"42.6","93.4","2183","-18.1","-30.7","0.8","18.2","1.1","26.5","91.4","2316","-3.8","-24.1","8.4","9.4","1.2",,,,,,,,,,,,,,,,,"16.7","81.6","2627","14.4","-38.6","2.8","14.9","1.6",,,,,,,,,,,,,,,,,,,,,,,,
"Díaz, Yilber",700270,2026,25,20,13.3,43.2,17.2,20,30,10,"R",45.5,"54.1","96.5","2251","-9.1","-11.8","17.7","20","1.4","40.5","86.9","2586","0","-31.9","4.3","4.4","1.6",,,,,,,,,"5.4","79.5","2906","1.5","-59.6","-16","16.1","1.5",,,,,,,,,,,,,,,,,,,,,,,,,,,,,,,,,,,,,,,,,,,,,,,,,,,,,,,,,,,,,,,,
"Estrada, Jeremiah",669093,2026,27,31.5,13,40.8,33.2,36.7,30,8.3,"R",69.3,"58.5","95.8","2103","-1.2","-10.4","19.4","19.6","1.3","10.6","86","2216","6.5","-36.3","0.8","7.1","1.9",,,,,,,,,,,,,,,,,,,,,,,,,,,,,,,,,"31","82.1","1293","-12.8","-33.1","7.5","15.1","1.6",,,,,,,,,,,,,,,,,,,,,,,,,,,,,,,,,,,,,,,,
"Anderson, Grant",681982,2026,29,21.5,9.4,47.4,25.5,35.9,30.5,14.5,"R",6.7,"38.3","93.4","2412","-11.3","-18.9","12.4","16.9","1.2",,,,,,,,,"2.6","86.4","1608","-13.6","-38.8","-2.3","13.9","1.5",,,,,,,,,"22.6","93","2274","-17.2","-29.8","1.9","17.4","1.5",,,,,,,,,,,,,,,,,,,,,,,,,"36.5","81.1","2602","12.2","-37.7","3.8","13","1.6",,,,,,,,,,,,,,,,,,,,,,,,
"Miles, Spencer",693686,2026,25,23.4,6.5,52.8,18.4,52.8,19.4,5.6,"R",37.7,"15.4","96","2228","-8.3","-14.8","15","17.2","1.5","16.4","87.4","2528","3.8","-36.6","-0.7","4.6","1.5","0.2","86.5","1719","-15","-30.6","5.8","16.1","1.4","25.8","80.7","2858","13.5","-53","-10.5","17.3","1.6","42.1","96.2","2266","-16.4","-22.3","7.4","18.1","1.5",,,,,,,,,,,,,,,,,,,,,,,,,,,,,,,,,,,,,,,,,,,,,,,,,,,,,,,,
"Laweryson, Cody",689520,2026,28,23.1,10.3,49.7,20.3,40,22,8,"R",25,"68.6","92.6","2315","-14","-17.8","14.2","20","1.1",,,,,,,,,"14.5","83","1614","-14.8","-40.3","-0.6","15.2","1.2",,,,,,,,,,,,,,,,,"16.9","84.2","2438","1.9","-36.6","1.9","3.6","1.4",,,,,,,,,,,,,,,,,,,,,,,,,,,,,,,,,,,,,,,,,,,,,,,,
"Lynch IV, Daniel",663738,2026,29,19.7,6.9,47,28.3,51,24.5,6.1,"L",41.3,"15.4","94.9","2314","7.9","-14.1","16.3","18.2","1.4","23.5","87.3","2323","-2.7","-33","2.8","4.5","1.8","24","86","1575","14.5","-34.1","2.9","15","1.4","6.8","81.5","2265","-3.3","-42.9","-1.9","4.2","1.5","30.3","94.4","2198","16.2","-20.9","9.9","19.1","1.3",,,,,,,,,,,,,,,,,,,,,,,,,,,,,,,,,,,,,,,,,,,,,,,,,,,,,,,,
"Gallen, Zac",668678,2026,30,13.9,7,44.7,19,45.1,27,3.8,"R",43.6,"37","93.4","2311","-3.3","-14.9","16.6","17.1","1.2","21.6","88.7","2351","4.5","-30.5","4.2","6.8","1.3","17.6","86.6","1542","-12.7","-32.2","4.3","13.6","1.6","18.6","81.6","2433","4","-51.1","-9.9","10.9","1.4","5.3","92.8","2186","-10.9","-18.1","13.7","17.7","1.1",,,,,,,,,,,,,,,,,,,,,,,,,,,,,,,,,,,,,,,,,,,,,,,,,,,,,,,,
"Curvelo, Luis",681168,2026,25,11.1,11.1,58.8,21.8,23.8,35.7,9.5,"R",36.2,"30.5","95.5","2332","-13.7","-16","14.2","19.8","1.5","28.9","84.1","2182","1.6","-35.1","3.8","4.3","1.8",,,,,,,,,,,,,,,,,"20.3","94.7","2285","-14.8","-17.2","13.5","20.1","1.4",,,,,,,,,"20.3","83.2","1149","-9.3","-35","4.5","10.8","1.3",,,,,,,,,,,,,,,,,,,,,,,,,,,,,,,,,,,,,,,,
"Sisk, Evan",681895,2026,29,27,10.3,44.7,26.5,43.6,14.9,15.8,"L",21.8,"16.6","91.6","2037","7.2","-19.7","12.9","14.9","1.5",,,,,,,,,"9","83.5","2131","16.5","-36.1","3.3","17.1","1.6","26.9","77.5","2211","-11.6","-52.2","-6.4","13.3","1.7","31.2","91.2","1967","15.6","-27.1","6","16.9","1.7",,,,,,,,,,,,,,,,,,,,,,,,,"16.3","80.1","2232","-11.8","-37.5","5.4","13.3","1.6",,,,,,,,,,,,,,,,,,,,,,,,
"Kent, Jackson",800600,2026,23,31.6,26.3,37.2,25,75,0,0,"L",,"43.6","92.7","2075","5.9","-16.6","14.9","16.2","1.5","24.4","86.4","2230","-1.6","-33.4","3","3.9","1.4","21.8","85.8","1816","14.4","-29.8","7.2","16.3","1.4","10.3","79.1","2463","-6.1","-58.1","-14.5","15.8","1.4",,,,,,,,,,,,,,,,,,,,,,,,,,,,,,,,,,,,,,,,,,,,,,,,,,,,,,,,,,,,,,,,
"Whitlock, Garrett",676477,2026,30,29.2,4.2,50.7,29.8,39.3,27.7,11.6,"R",42.5,,,,,,,,,"27.1","86","1969","0.4","-38.7","-1.7","3","1.6","17.1","84.3","2233","-15.8","-37.3","1.2","16","1.3",,,,,,,,,"55.9","95","2173","-11.5","-14.4","15.9","19.6","1.1",,,,,,,,,,,,,,,,,,,,,,,,,,,,,,,,,,,,,,,,,,,,,,,,,,,,,,,,
"Bieber, Shane",669456,2026,31,16.4,11.8,39.3,23.8,44.3,24.3,7.9,"R",38.7,"34.1","92.3","2380","-11.1","-15","17.2","20.6","0.9","11","85.2","2599","0.4","-38.9","-1.4","2.6","1.2","19.5","88.2","1465","-12.7","-33.9","1.3","13.1","1","18.5","82.7","2505","5.9","-51.9","-11.7","13.3","1","3.9","92.3","2319","-15.4","-19.7","12.4","19.8","1.2","13","87.4","2575","0.9","-27","8.5","8.8","1.1",,,,,,,,,,,,,,,,,,,,,,,,,,,,,,,,,,,,,,,,,,,,,,,,
"Jobe, Jackson",695549,2026,23,25,6.3,43.7,25,63.6,36.4,0,"R",39,"40.8","98.3","2430","-7.7","-11","17.2","18.9","1.3","25.4","90.1","2789","6.4","-31.9","1.4","7.2","1.5","11.3","85.8","1827","-15.2","-30.7","6.3","16.6","1.4","9.9","81.9","2874","11","-54.9","-14.1","17.9","1.5","12.7","96.5","2399","-15.7","-22.4","6.9","17.2","1.4",,,,,,,,,,,,,,,,,,,,,,,,,,,,,,,,,,,,,,,,,,,,,,,,,,,,,,,,
"Antone, Tejay",622088,2026,32,21.7,6.8,49.8,26.7,45,28.8,9,"R",26.6,"6","95.2","2569","-7.8","-17","13.2","15.5","1.4","1.3","88.7","2747","6.3","-31.1","3.3","7.7","1.5",,,,,,,,,"12.7","81.6","2838","12.6","-52.8","-11.4","17.2","1.7","8.5","93.9","2604","-13.7","-28.1","2.8","14.2","1.4","17.3","90.2","2757","0.9","-25.6","7.8","8.2","1.4",,,,,,,,,,,,,,,,,"54.2","83.9","2836","14.2","-35.8","3.2","14.9","1.3",,,,,,,,,,,,,,,,,,,,,,,,
"Lawrence, Justin",664875,2026,31,24.3,15.8,44,26.3,43,25,6,"R",2.7,"13.6","95.6","2502","-12","-18.5","11.5","16.8","1.4",,,,,,,,,,,,,,,,,,,,,,,,,"42.7","95.5","2421","-16.6","-28.6","1.4","16.8","1.4",,,,,,,,,,,,,,,,,,,,,,,,,"43.7","82.1","2982","17.2","-38.8","2","17.6","1.4",,,,,,,,,,,,,,,,,,,,,,,,
"Pérez, Martín",527048,2026,35,18.6,10,45.8,22.1,48.5,21,5.2,"L",44.6,"4.9","89.9","2102","10","-17.9","16","19","1.3",,,,,,,,,"30.5","81.9","1630","14.4","-32.2","8.5","16.9","1.6","7.6","76.8","2410","-5.2","-49.7","-3.6","6.5","1.4","34.6","89.2","1990","16.1","-25.4","8.9","18.5","1.4","22.5","85.2","2234","-1.4","-28.5","8.9","9.3","1.8",,,,,,,,,,,,,,,,,,,,,,,,,,,,,,,,,,,,,,,,,,,,,,,,
"Weaver, Luke",596133,2026,32,25.9,6.9,49.7,29.9,42.6,29.6,9.6,"R",46.8,"50.5","95.3","2441","-6.4","-11.2","19.1","20.2","1.3","0.2","84.8","2519","5.3","-41.6","-3.6","6.5",,"34.6","88","1894","-13.1","-29.8","5.4","14.3","1.3",,,,,,,,,,,,,,,,,"14.8","90.5","2411","2.7","-23.4","10","10.8","1.5",,,,,,,,,,,,,,,,,,,,,,,,,,,,,,,,,,,,,,,,,,,,,,,,
"Nance, Tommy",667297,2026,35,24.6,9.6,47.1,24.6,48.8,22,4.1,"R",45.9,"0.4","94.6","1922","-15","-19.6","11.1","18.8","1.4","40.3","89","2619","0.5","-32.7","1.5","3.3","1.5",,,,,,,,,"31","84.7","2838","11.7","-53.2","-14.7","18.9","1.2","28.2","94.6","2253","-15","-20.7","9.9","18.1","1.2",,,,,,,,,,,,,,,,,,,,,,,,,,,,,,,,,,,,,,,,,,,,,,,,,,,,,,,,
"Dion, Will",702021,2026,26,26.8,4.1,50.4,25.8,37.9,27.3,6.1,"L",66.1,"43.9","91.5","2348","0.8","-12.8","19.9","20","1",,,,,,,,,"19.5","78.5","1498","8","-32.6","11.6","14.6","1.5","21.5","81","2477","2.1","-51.3","-9.8","10.1","1.4","5.9","90","2364","9.8","-17.4","16.2","19","1.3","9.1","87.9","2391","-4.6","-24.6","10.4","11.5","1.2",,,,,,,,,,,,,,,,,,,,,,,,,,,,,,,,,,,,,,,,,,,,,,,,
"Avila, Luinder",679883,2026,24,19.7,13.6,43.9,23.9,47.5,25.5,4.9,"R",51.6,"26","96.1","2490","-0.8","-15","14.5","14.7","1.4","21.7","88.1","2702","6.5","-36.2","-1.1","6.9","1.9","10.3","89.4","2065","-14.9","-27.9","6.3","16.5","1.8","14.7","83","2717","7.2","-44.4","-4.8","9","1.5","27.4","96.4","2413","-11.4","-18.5","10.9","15.9","1.3",,,,,,,,,,,,,,,,,,,,,,,,,,,,,,,,,,,,,,,,,,,,,,,,,,,,,,,,
"Bigge, Hunter",685801,2026,28,16.5,16.5,42.9,25.9,42.1,29.8,12.3,"R",54.5,"51.4","96.5","2395","-4","-11","18.6","19.1","1.2","41.1","88.7","2329","4.7","-30.5","4.3","6.7","1.8",,,,,,,,,"2.2","80.3","2371","8.2","-59","-16","18.1","1.5",,,,,,,,,,,,,,,,,"5.3","87.7","1316","-10.3","-35.3","0.6","11.9","1.6",,,,,,,,,,,,,,,,,,,,,,,,,,,,,,,,,,,,,,,,
"Kikuchi, Yusei",579328,2026,35,23.2,9.9,49.7,25.9,39.4,24.5,10.6,"L",49.3,"33.9","95.4","2261","6.7","-13.4","16.9","18.3","1.4","23.6","86.9","2415","-3.7","-35.2","1","4.9","2.1",,,,,,,,,"8.8","78.7","2589","-7.2","-53.7","-9.4","12.3","1.7",,,,,,,,,"11.5","90.2","2305","-1.8","-24.3","9.3","9.8","1.7","22.2","86.7","1616","9.7","-27.5","8.9","13.4","2",,,,,,,,,,,,,,,,,,,,,,,,,,,,,,,,,,,,,,,,
"Lodolo, Nick",666157,2026,28,18.5,9.1,46.7,22.1,43.9,24.9,3.9,"L",14.5,"26.6","94","2282","16.9","-22.9","8.4","19","1.1",,,,,,,,,"23.3","88.2","1894","17.4","-34.5","0.8","17.5","1","24.5","82.3","2622","-8","-41.1","-0.6","8.4","1.3","25.5","93.7","2310","18.8","-26.5","4.7","19.5","1.1",,,,,,,,,,,,,,,,,,,,,,,,,,,,,,,,,,,,,,,,,,,,,,,,,,,,,,,,
"Cruz, Fernando",518585,2026,36,28.7,14.4,42.5,39.1,33.1,34.7,14,"R",47.4,"31.7","93.1","2241","-5.4","-14.5","17.1","18.1","1","13.3","82.3","2555","12.5","-36","4.5","13.9","1.3",,,,,,,,,,,,,,,,,"2.9","92.6","2081","-13.6","-18.4","13.6","19.3","1.3",,,,,,,,,"52.1","80","724","-4.1","-41.4","1.4","6.1","1",,,,,,,,,,,,,,,,,,,,,,,,,,,,,,,,,,,,,,,,
"Sulser, Cole",642121,2026,36,24.4,7.1,42.5,26.9,40,31.1,8.1,"R",42.5,"45.2","92.2","2386","-9.1","-13.5","18.9","21.1","1.2",,,,,,,,,"39.2","83.5","1696","-13.7","-37.2","2.1","14.1","1.1",,,,,,,,,,,,,,,,,"11.5","87.4","2341","3.4","-27.1","8.6","9.7","1.4",,,,,,,,,,,,,,,,,"4.1","83.1","2601","11.6","-31.3","8.6","15.2","1.7",,,,,,,,,,,,,,,,,,,,,,,,
"Gervase, Paul",801434,2026,26,23.5,14.7,44.4,28,47.6,28.6,9.5,"R",28.1,"44.4","92.7","2205","-6.7","-15.9","15.8","17.3","1.4","38.7","83","2385","5.9","-44.4","-4.9","7.8","1.4","1.6","86.8","1318","-9.7","-34.3","2","10","1.4",,,,,,,,,,,,,,,,,"15.3","90.2","2268","1","-22.9","10.5","10.7","1.5",,,,,,,,,,,,,,,,,,,,,,,,,,,,,,,,,,,,,,,,,,,,,,,,
"Hughes, Gabriel",687312,2026,24,21.7,8.4,51.3,20.3,40.8,25.5,5.1,"R",43.3,"56.6","92.3","2217","1.4","-21.4","10.3","10.6","1.4","10.6","86.4","2268","7.4","-31.4","5","9.2","1.4","9.7","87.1","1459","-10.4","-32.1","3.6","11.2","1.4","10","78.4","2476","7.8","-56.4","-12.2","14.6","1.3","5.6","92.5","2041","-9.8","-22.5","9.1","13.7","1.6",,,,,,,,,,,,,,,,,,,,,,,,,"7.5","85.3","2302","13.3","-33.7","3.6","14.1","1.3",,,,,,,,,,,,,,,,,,,,,,,,
"Joyce, Ben",690829,2026,25,30.8,7.7,46.6,38.5,37.5,12.5,37.5,"R",27,"51.7","101.3","2357","-9.8","-12","14.8","17.9","1.5","10.3","87.3","2736","8.5","-36.3","-0.2","8.6","1.5",,,,,,,,,,,,,,,,,"37.9","95.8","1793","-13.7","-26.6","3.3","14.2","1.8",,,,,,,,,,,,,,,,,,,,,,,,,,,,,,,,,,,,,,,,,,,,,,,,,,,,,,,,
"Miller, Mason",695243,2026,27,47.4,9.7,45.1,46.9,48.8,24.4,6.1,"R",40.4,"46","101.5","2531","-6","-10","16.6","17.8","1.2","51.6","87.9","2408","9.9","-39.7","-4.1","11","1.1","2.3","96.5","2175","-14.8","-25.9","3.5","15.4","1.4",,,,,,,,,"0.1","100.9","2681","-3.6","-8.8","18.1","18.4",,,,,,,,,,,,,,,,,,,,,,,,,,,,,,,,,,,,,,,,,,,,,,,,,,,,,,,,,
"Leibrandt, Brandon",605335,2026,33,10,10,39.4,23.4,33.3,33.3,8.3,"L",50.9,"23.2","87.9","2196","4.8","-17.6","18","18.7","1.2","22.2","83.9","2351","-4.8","-32.5","6.1","8","1.4","27.3","79.7","1442","10.8","-35.8","7.3","13.3","1.4","4","75.7","2638","-12.6","-57.4","-9","15.6","1.4","14.1","87.9","2117","10.6","-20","15.6","18.9","1.4",,,,,,,,,,,,,,,,,,,,,,,,,"9.1","77.7","2692","-14.6","-49.7","-4","15.3","1.3",,,,,,,,,,,,,,,,,,,,,,,,
"McClanahan, Shane",663556,2026,29,22.2,8.6,48.7,27,47.5,27.3,4,"L",39.4,"37.6","95.6","2221","9.5","-14.1","16","18.7","1.5","19","88.2","2354","-3","-33.2","2","4.3","1.5","29.2","86.9","1552","16.1","-32.1","4.3","17","1.3","14.2","82.1","2509","-4.2","-49.9","-9.4","10.4","1.4",,,,,,,,,,,,,,,,,,,,,,,,,,,,,,,,,,,,,,,,,,,,,,,,,,,,,,,,,,,,,,,,
"Rangel, Alan",660604,2026,28,23.6,10.6,47,24.4,32.9,29.1,13.9,"R",70,"34.2","92.9","2280","-3.6","-12","19.6","20","1.1","16.5","84.5","2263","5","-32.1","5.8","7.9","1.3","37.3","80.8","2025","-10.3","-28.9","12.8","16.6","1.4","12","73.2","2042","-2.1","-69.1","-17.7","18","1.3",,,,,,,,,,,,,,,,,,,,,,,,,,,,,,,,,,,,,,,,,,,,,,,,,,,,,,,,,,,,,,,,
"Myers, Tobias",668964,2026,27,16.7,6.6,52.1,17.8,32.9,28.3,12.5,"R",63.5,"47.9","92.7","2239","-4.3","-11.9","20.1","20.6","1.8","16.2","82.2","2084","5.7","-39.8","0.7","6.3","1.8",,,,,,,,,,,,,,,,,,,,,,,,,"11.5","87","2167","5","-23.3","12.7","14","1.9","23","80.2","1456","-8.9","-33.4","8.9","12.9","1.8",,,,,,,,,"1.4","79.6","2475","12.7","-45.4","-2.2","13.2","1.5",,,,,,,,,,,,,,,,,,,,,,,,
"Hoffman, Nolan",676510,2026,28,9.5,14.3,47.6,22.9,43.8,12.5,12.5,"R",0.5,"34.1","93.8","2465","-18.4","-24.8","6.3","19.5","1.2",,,,,,,,,"3.7","87","2009","-16","-41.1","-5.2","16.8","1.5",,,,,,,,,"14.6","93.9","2331","-18.9","-30.6","0.4","18.9","1.4","34.1","88.2","2368","-1.1","-28.3","6.5","7.2","1.5",,,,,,,,,,,,,,,,,"13.4","81.6","2561","12.6","-33.7","7.4","15.6","1.4",,,,,,,,,,,,,,,,,,,,,,,,
"Houser, Adrian",605288,2026,33,15.8,7.2,49,18,44.5,25.2,6.5,"R",38,"19.9","95.6","2284","-8.8","-15.2","14.6","17.2","1","10","88.4","2412","2.1","-30.4","4.4","5.4","1.4","16.2","85.3","1546","-13.3","-33.2","4.3","14.4","1.3","7.3","82.3","1929","8.4","-49.8","-9.4","12.8","1.3","46.6","94.9","2206","-16.2","-22.7","7.6","17.9","1.1",,,,,,,,,,,,,,,,,,,,,,,,,,,,,,,,,,,,,,,,,,,,,,,,,,,,,,,,
"King, Michael",650633,2026,31,21.5,9.8,47,25.7,44.7,26.5,8.6,"R",24.7,"19.1","94.1","2336","-7.8","-16","15","17.2","1.2","4.6","84.8","2502","3.9","-36.8","1.4","5.1","1.6","28.2","86.3","1866","-16.9","-32.4","4.4","17.6","1.1",,,,,,,,,"27.9","93","2240","-17.1","-27","4.9","18","1.3",,,,,,,,,,,,,,,,,,,,,,,,,"20.2","82.1","2813","12.9","-37.8","3","13.6","1.6",,,,,,,,,,,,,,,,,,,,,,,,
"Velasquez, Vince",592826,2026,34,9.1,0,48.8,14.3,30,40,20,"R",44.5,"48.8","92.2","2427","-3.9","-14.9","17.3","17.8","1.6","9.3","81.7","2637","11.2","-43.7","-2.6","11.9","1.4","4.7","88.7","1586","-12.4","-30","4.4","13.2","1.5","14","81.9","2487","5.3","-48.4","-7.5","9.3","1.5","4.7","91.5","2310","-9.5","-17.7","15.2","18","1.4","18.6","89.9","2618","3","-21.1","12.5","13","1.5",,,,,,,,,,,,,,,,,,,,,,,,,,,,,,,,,,,,,,,,,,,,,,,,
"Carrillo, Gerardo",672629,2026,27,29.4,13.7,45.9,27.4,53.6,17.9,7.1,"R",34.7,"10.7","96.9","2287","-9.3","-15.9","13.3","16.3","1.4",,,,,,,,,,,,,,,,,"1.5","83","2789","8.2","-44.3","-4.7","9.6","1.5","21.4","96.9","2225","-16.4","-23.4","5.7","17.4","1.3","29.6","92.6","2392","0.9","-24.8","6.9","7","1.4","28.1","84.3","882","-7","-34.6","4.3","9.5","1.5",,,,,,,,,"8.7","87","2780","8.3","-35.7","0.8","8.6","1.5",,,,,,,,,,,,,,,,,,,,,,,,
"Blach, Ty",621389,2026,35,22.2,0,60,28.6,71.4,0,0,"L",21.1,,,,,,,,,,,,,,,,,"10","83",,"17.4","-40.2","-0.5","17.5","1.4",,,,,,,,,"63.3","91.1",,"17.5","-27.3","5.6","18.5","1.2","26.7","85.1",,"-1.6","-36.6","1.3","3.4","1.3",,,,,,,,,,,,,,,,,,,,,,,,,,,,,,,,,,,,,,,,,,,,,,,,
"Thomas, Connor",671162,2026,28,10,15,41.3,23.4,40,30,6.7,"L",31.3,"24.6","91","2513","7","-19.1","13.9","15.7","1.3",,,,,,,,,"21.7","85.3","1436","12.5","-40.4","-2.6","13","1.2",,,,,,,,,"23.9","90.3","2319","16.4","-29.5","4.1","17.1","1.4","13","87.7","2736","-1.6","-32","3.3","4.5","1.3",,,,,,,,,,,,,,,,,"16.7","82.6","2835","-13","-44.5","-4.4","13.9","1.4",,,,,,,,,,,,,,,,,,,,,,,,
"Mantiply, Joe",573009,2026,35,22.5,5.6,45.1,16.8,52,12,6,"L",14.8,,,,,,,,,,,,,,,,,"26.5","80.8","1587","15.7","-45","-2.7","16.1","1.3","27.7","80.5","2416","-7.8","-46","-3.7","9.2","1.4","45.8","88.8","2155","18.6","-33.3","1.7","18.8","1.3",,,,,,,,,,,,,,,,,,,,,,,,,,,,,,,,,,,,,,,,,,,,,,,,,,,,,,,,
"Herrin, Tim",682120,2026,29,19.3,13.5,45,30.4,45.5,24.5,10,"L",33.6,"21.5","94.8","2363","6.8","-18.3","12","13.9","1.5","25.1","87","2181","-0.2","-33.8","2.4","3.2","1.5","1.2","88.3","1729","6.4","-31.8","3.2","7.4","1.6","28.5","80.3","2322","-11.9","-45.8","-3.1","12.5","1.3","23.7","93.9","2224","15","-25.9","5.3","16.2","1.4",,,,,,,,,,,,,,,,,,,,,,,,,,,,,,,,,,,,,,,,,,,,,,,,,,,,,,,,
"Samaniego, Tyler",701719,2026,27,18.9,8.9,49,21.6,49.2,20.6,6.3,"L",36.7,"26.8","93.6","2160","3.7","-16.3","15","15.5","1.5",,,,,,,,,"6.1","85.4","1738","16.2","-31.8","5.8","17.3","1.4",,,,,,,,,"40.8","93","2206","16.2","-23.4","8.5","18.6","1.5","7.6","88.4","2315","-0.5","-27.9","7.3","7.8","1.6",,,,,,,,,,,,,,,,,"18.8","82.2","2392","-11.3","-39.3","1.4","11.8","1.6",,,,,,,,,,,,,,,,,,,,,,,,
"Agnos, Zach",688642,2026,25,14.1,8.2,45,20.9,37.5,31.5,3.4,"R",38.8,"25.3","94.4","2356","-6.9","-16.1","14.4","16.1","1.1","12.7","85","2296","3","-40.7","-3.1","5.1","1.8",,,,,,,,,,,,,,,,,"12.5","93.7","2252","-14.3","-22.2","8.7","16.9","1.4","23.9","91.9","2342","1.1","-22.7","9.3","9.6","1.6","10.7","86.2","1450","-9.8","-35.1","1.3","10.1","1.2",,,,,,,,,"14.9","84.2","2444","13.9","-40.8","-2.3","14.3","1.6",,,,,,,,,,,,,,,,,,,,,,,,
"Senzatela, Antonio",622608,2026,31,20.6,7.7,49.7,24,46.1,26.1,4.8,"R",40.7,"38","97.3","2308","-5.5","-15.5","13.3","14.5","1.2","2.4","86.3","2418","6.6","-32","4.7","9","1.7","6.2","90.8","2255","-11.8","-26.3","6.8","14.1","1.5","9.4","83.3","2506","5.2","-43.8","-4.7","7.2","1.6","13.7","96.2","2209","-13.1","-22.4","7.1","15","1.4","30.2","92","2271","3","-25.3","6.7","7.6","1.5",,,,,,,,,,,,,,,,,,,,,,,,,,,,,,,,,,,,,,,,,,,,,,,,
"Armstrong, Shawn",542888,2026,35,22.6,13,51.1,24.1,44.6,28.3,8.7,"R",40.3,"31.7","93.5","2221","-5.9","-16.3","14.9","16.2","1.1",,,,,,,,,,,,,,,,,,,,,,,,,"16.4","93.9","2045","-15.3","-20.7","10.4","18.6","1.2","24.5","90","2438","4","-26","7.5","8.8","1.2",,,,,,,,,,,,,,,,,"27.5","84.5","2586","12.3","-28.5","9.9","16.1","1.2",,,,,,,,,,,,,,,,,,,,,,,,
"Scott, Christian",681035,2026,27,28.8,9.7,50.2,26.3,34.7,25.7,9.9,"R",29.5,"49","95.5","2304","-9.7","-15","15.1","18.1","1.3","0.1","82.4","2454","7.6","-28.9","11.4","13.7",,,,,,,,,,"5.5","82.1","2675","9.2","-46.5","-6","11.1","1.5","1.9","92","2152","-16","-23","9.5","18.8","1.5","17.1","89.5","2434","3.1","-27.9","6.2","7.5","1.6","3.5","84.7","1015","-12.5","-36.6","1.6","13","1.7",,,,,,,,,"23","81.5","2506","16.7","-36.2","5.2","17.7","1.5",,,,,,,,,,,,,,,,,,,,,,,,
"Foster, Cameron",671382,2026,27,18.4,16.3,48.1,27.9,50,6.3,21.9,"R",48.5,"58.2","96.1","2479","-7.9","-11.6","18.2","19.9","1.4","21.7","84","2575","2.3","-44.2","-5.4","6.1","1.7",,,,,,,,,,,,,,,,,,,,,,,,,"20.1","89.9","2510","1.2","-26","7.9","8.5","1.4",,,,,,,,,,,,,,,,,,,,,,,,,,,,,,,,,,,,,,,,,,,,,,,,
"Warren, Austin",681810,2026,30,23.6,11.5,45.6,26.3,39.4,24.2,3,"R",25.8,"15.5","93.9","2393","-11.5","-16.3","14.9","18.9","1",,,,,,,,,"0.9","87.9","1785","-15.9","-36","-0.6","16","1.4","9.5","84.2","2756","9.1","-45.8","-7.2","11.8","1.2","25","94.1","2275","-18.1","-25","6","19.1","1","1.4","88.3","2523","0.4","-30","4.9","5.2","1.5",,,,,,,,,,,,,,,,,"47.7","85","2763","15.5","-39.6","-1.6","15.8","1.2",,,,,,,,,,,,,,,,,,,,,,,,
"Meyer, Max",676974,2026,27,26.2,8.9,47.3,28.6,43.3,26.6,8.2,"R",41.9,"24","95.1","2614","-9.2","-13","17.4","19.8","1.1","26","90.1","2691","0.9","-35.3","-1.6","2.9","1.4","10.2","87.2","1592","-14.3","-30.7","5.4","15.6","1.5",,,,,,,,,"9.7","93.6","2454","-16.4","-22.5","8.9","18.8","1.3",,,,,,,,,,,,,,,,,,,,,,,,,"30","89","2799","8.9","-41","-6.3","11.3","1.4",,,,,,,,,,,,,,,,,,,,,,,,
"Jansen, Kenley",445276,2026,38,27.6,14.9,46.2,27.6,22.1,36.4,16.9,"R",62,,,,,,,,,"7.9","84.4","2511","5.2","-41.1","-3","6.4","1.5",,,,,,,,,,,,,,,,,"6.5","93.7","2358","-6","-11.5","19.7","20.7","1.4","85.6","92.5","2657","5.3","-15.4","16.6","17.6","1.5",,,,,,,,,,,,,,,,,,,,,,,,,,,,,,,,,,,,,,,,,,,,,,,,
"Varland, Louis",686973,2026,28,31.3,7,46.5,28.7,54,20,4.7,"R",39.2,"40.1","98.7","2267","-7.8","-12","16.3","18.1","1.1","8.2","91.7","2490","4.8","-27.5","4.9","7.2","1.4","17.8","93","1706","-12.3","-29.9","1.6","12.6","1.3","31.4","87.5","2548","6","-43.6","-7.8","10.1","1.3","2.6","97","2132","-16.9","-18.6","10.7","20","1.5",,,,,,,,,,,,,,,,,,,,,,,,,,,,,,,,,,,,,,,,,,,,,,,,,,,,,,,,
"Headrick, Brent",687396,2026,28,30.6,7.7,48.6,32,37.3,24.8,8.5,"L",40.1,"48.4","94.3","2329","8.1","-13.5","17.5","19.4","1.2","33.2","84.3","2048","-3","-34","4.7","6","1.4",,,,,,,,,,,,,,,,,"10.2","93.4","2358","14.9","-17.5","14","20.6","1.3",,,,,,,,,"8.2","85","1051","9.3","-33.7","4.3","11.1","1.1",,,,,,,,,,,,,,,,,,,,,,,,,,,,,,,,,,,,,,,,
"Arcia, Orlando",606115,2026,31,0,40,35.7,0,66.7,0,0,"R",36.3,,,,,,,,,"42.9","55.2","1533","-3.8","-75.1","15.5","16.2","2",,,,,,,,,"57.1","46.9","1267","-0.6","-115.4","13.8","14","2.1",,,,,,,,,,,,,,,,,,,,,,,,,,,,,,,,,,,,,,,,,,,,,,,,,,,,,,,,,,,,,,,,
"Chivilli, Angel",683409,2026,23,21.9,9.6,42.8,32.6,38.8,38.8,4.1,"R",31.9,"20.7","98","2203","-15.6","-17.8","10.7","19","1.3","37.5","91.2","2068","-0.4","-26.9","5.7","6.1","1.6","41.8","89.8","1762","-12.2","-27.3","6.7","14.2","1.3",,,,,,,,,,,,,,,,,,,,,,,,,,,,,,,,,,,,,,,,,,,,,,,,,,,,,,,,,,,,,,,,,,,,,,,,
"Parker, Mitchell",680730,2026,26,19.1,7.3,50.2,28.1,40.3,27.9,6.2,"L",56.8,"33.9","93.6","2167","5.4","-13.2","18","19","1.3","49.9","83.2","2273","-8","-39.3","0.2","8.9","1.2",,,,,,,,,"15.5","79","2256","-8.7","-52.4","-8.4","12.5","1.2",,,,,,,,,,,,,,,,,"0.6","84.6","826","8.7","-31.9","6.4","11.8","1.5",,,,,,,,,,,,,,,,,,,,,,,,,,,,,,,,,,,,,,,,
"Matz, Steven",571927,2026,35,18.1,7.5,50.6,21.7,38.5,27.2,7.2,"L",33.6,,,,,,,,,"9.2","82.4","2303","-9.6","-42.4","-1.7","10.5","1.5","29.7","82.9","2355","15.1","-39.2","0.9","15.3","1.2","12.1","78.7","2271","-10.9","-55.1","-10.6","15.5","1.6","48.8","93.4","2199","15.8","-19.8","11.8","19.9","1.1","0.3","88.2","2082","2","-29.6","5.5","6","1.5",,,,,,,,,,,,,,,,,,,,,,,,,,,,,,,,,,,,,,,,,,,,,,,,
"Tong, Jonah",804636,2026,23,14.9,14.9,44.4,23.4,45.5,39.4,3,"R",51.4,"45.5","95.7","2249","-6.7","-12","18","19.3","1.3",,,,,,,,,"27.8","86.9","1592","-13.3","-29.2","7","15.2","1.2","6.4","80.9","2835","10.5","-52.3","-10.2","15","1.6",,,,,,,,,"20.3","92","2232","1.9","-20.3","11.7","12.2","1.5",,,,,,,,,,,,,,,,,,,,,,,,,,,,,,,,,,,,,,,,,,,,,,,,
"Barnett, Mason",686930,2026,25,21.6,12,45.6,22.6,34.9,35.8,7.3,"R",55.3,"47","95","2259","-0.7","-15.4","14.8","15","1.1","20.8","87.3","2509","3.2","-38.3","-2.6","5","1.7","6.1","85.8","986","-9.1","-36.3","1","9.7","1.3","10.5","79.3","2726","8.8","-59.1","-15.2","17.7","1.3",,,,,,,,,,,,,,,,,,,,,,,,,,,,,,,,,"15.8","83.5","2696","16","-44.3","-4.8","16.9","1.2",,,,,,,,,,,,,,,,,,,,,,,,
"Bolton, Cody",675989,2026,28,23.2,14.7,47.8,19.6,37.9,29.3,5.2,"R",36.8,"28.4","94.8","2331","-4.1","-16.1","14.4","15.2","1.4",,,,,,,,,"10.7","89.5","2018","-14.4","-32.9","1.5","14.9","1.4","11.5","79.2","2684","13.6","-55.8","-11.7","18","1.7","15.1","94.5","2256","-15.3","-22.8","8.1","17.5","1.3","23.8","90.7","2586","5.4","-26.9","6.1","8.6","1.4",,,,,,,,,,,,,,,,,"10.5","82.1","2694","15","-39.9","1","15.4","1.7",,,,,,,,,,,,,,,,,,,,,,,,
"Bowlan, Jonathan",680742,2026,29,31.7,6,45.7,33.6,50,27.5,4.9,"R",41.7,"44.3","97.2","2410","-8","-10.8","18.2","20","1.3","18.2","86.9","2500","2.7","-37.4","-1.4","3.6","1.5","15","90.5","1570","-11.8","-27.9","5.6","13.4","1.3","1.2","82.4","2518","5.9","-51.2","-10.7","12.6","1.6","12.2","97.2","2302","-15.5","-16.3","12.6","20","1.3",,,,,,,,,,,,,,,,,,,,,,,,,"9.2","84.8","2586","15.1","-39.7","-1.4","15.5","1.7",,,,,,,,,,,,,,,,,,,,,,,,
"Rogers, Tyler",643511,2026,35,12.3,8.8,56.6,13.6,64,14,6.2,"R",-60.7,,,,,,,,,"23.2","73.6","2433","11.9","-37.7","13.7","18.3","1",,,,,,,,,,,,,,,,,"76.8","83.2","1984","-1.9","-52.5","-12.4","12.7","1",,,,,,,,,,,,,,,,,,,,,,,,,,,,,,,,,,,,,,,,,,,,,,,,,,,,,,,,
"Horton, Cade",690990,2026,24,15.4,7.7,46.7,23.3,55,15,0,"R",52.8,"50","95.4","2533","1.1","-13.7","16.6","16.8","1.2",,,,,,,,,"20.7","88.9","1891","-13.2","-25.1","10","16.8","1.3","9.8","83.9","2558","3.1","-48.4","-9.2","9.8","1.5","7.6","95.8","2414","-14.9","-14.9","15.6","21.7","1.3",,,,,,,,,,,,,,,,,,,,,,,,,"12","83.8","2614","12.4","-41.9","-2.1","13","1.3",,,,,,,,,,,,,,,,,,,,,,,,
"Matthews, Zebby",805673,2026,26,19.9,7.8,48.1,21.9,43.3,26.4,6.1,"R",36.9,"37.2","95.2","2293","-8.9","-14.2","16","18.5","1.2","21.4","87.1","2377","3.4","-33.1","2.8","4.9","1.2","13.1","86.6","1539","-14.7","-32.3","4.1","15.4","1.8","12.9","80","2364","8.4","-51.7","-8.9","12.5","1.6","4.3","95.2","2308","-15.8","-19.1","11","19.4","1.2","11.1","90.5","2486","0.3","-24.1","9.1","9.4","1.2",,,,,,,,,,,,,,,,,,,,,,,,,,,,,,,,,,,,,,,,,,,,,,,,
"Snell, Blake",605483,2026,33,37.5,7.5,38.5,39.2,45.5,22.7,0,"L",57.5,"47.8","96.1","2520","4.7","-10.9","18.7","19.3","1.2","12.4","89","2408","-4.2","-27.6","6.6","8","1.5","17.4","85.6","1847","13","-28.5","8.8","15.9","1.7","22.4","80.6","2472","-14.3","-50.8","-8.5","16.8","1.6",,,,,,,,,,,,,,,,,,,,,,,,,,,,,,,,,,,,,,,,,,,,,,,,,,,,,,,,,,,,,,,,
"Irvin, Cole",608344,2026,32,16.7,10,49,18.2,52.4,28.6,0,"L",38.1,"20.6","90.8","1967","9.8","-18.7","14.3","17.4","1.7",,,,,,,,,"21.6","82","1420","11.8","-34","6.5","13.9","1.4",,,,,,,,,"22.5","89.9","1962","14.5","-22.8","10.9","18.2","1.6","28.4","85","1981","-1.2","-32.7","5.1","5.6","1.9",,,,,,,,,,,,,,,,,,,,,,,,,"6.9","74.9","1916","-10.3","-54.5","-5.6","12","1.6",,,,,,,,,,,,,,,,
"Duarte, Daniel",650960,2026,29,20.3,7.8,48.8,21.2,42.2,17.8,11.1,"R",39.2,"14.6","94.5","2308","-7","-14.8","15.7","17.4","1.2",,,,,,,,,"12.3","88.3","1702","-13.9","-30.6","4.4","14.7","1.5",,,,,,,,,"13.5","93","2210","-16.3","-22.4","9.2","18.8","1.3","33.1","89.6","2494","4.8","-25.8","8","9.7","1.4",,,,,,,,,,,,,,,,,"26.5","81.5","2668","16.5","-38.7","2.5","16.9","1.3",,,,,,,,,,,,,,,,,,,,,,,,
"Watson, Ryan",670245,2026,28,17.7,7.7,48.1,23.6,40.1,24.2,9.3,"R",35.5,"19.6","94.2","2220","-7.1","-15.2","15.7","17.3","1.1",,,,,,,,,,,,,,,,,"14.4","83","2238","12.2","-51.5","-11.5","16.9","1.4","17","93.6","2175","-16.1","-23","8.2","18.2","1.1","26.3","90","2075","1.3","-26.3","7.2","7.7","1.3","1.1","89.2","1342","-11.1","-29.4","4.9","12.6","1.4",,,,,,,,,"21.7","85","2126","11.7","-32.7","5.2","13.5","1.2",,,,,,,,,,,,,,,,,,,,,,,,
"Carrasco, Carlos",471911,2026,39,9.6,4.1,45.1,19,44.3,14.8,6.6,"R",33.6,"12.6","91.8","2282","-3.7","-19.3","13","13.8","1.3","13.8","86.2","2412","1.8","-29.9","6.5","7.1","1.4","30.9","85.7","1340","-7.9","-34.5","2.4","8.7","1.3",,,,,,,,,"27.2","90.8","2173","-12.9","-27.8","5.3","14.2","1.2","15.4","89.5","2378","0.5","-24","9.8","9.9","1.3",,,,,,,,,,,,,,,,,,,,,,,,,,,,,,,,,,,,,,,,,,,,,,,,
"Morgan, David",688158,2026,26,24.8,12.4,46.7,32,58.7,14.3,4.8,"R",35.4,"28.4","97.4","2495","-5.1","-13.5","15.4","16.4","1.2","17.3","87.5","2357","4.3","-36.4","-0.6","5","1.4",,,,,,,,,"25.9","82.7","2582","8.7","-51.9","-11.5","14.5","1.4","28.4","96.6","2185","-16.3","-22.8","6.7","17.8","1.2",,,,,,,,,,,,,,,,,,,,,,,,,,,,,,,,,,,,,,,,,,,,,,,,,,,,,,,,
"Sousa, Bennett",656986,2026,31,25.5,13.7,51.5,33.7,25.8,51.6,3.2,"L",57.8,"22.2","94","2152","3.1","-13.6","17.4","17.8","1.5","73.7","85.6","2329","-4.3","-37.6","-0.3","4.9","1.6",,,,,,,,,,,,,,,,,"4","93.5","2189","12.5","-18.9","12.5","17.7","1.5",,,,,,,,,,,,,,,,,,,,,,,,,,,,,,,,,,,,,,,,,,,,,,,,,,,,,,,,
"Chandler, Bubba",696149,2026,23,20.3,12.2,47.9,23.5,39.8,28.2,9.8,"R",44.1,"48.5","98.5","2413","-8.1","-10.6","17.6","19.6","1.5","20.8","90.7","2416","1.7","-29.6","3.5","4.7","2.1","16.1","91.7","2078","-17","-25.3","7.2","18.6","1.6","3.1","85.6","2447","1.1","-40.4","-3.4","3.9","1.6","6.5","97.9","2301","-14.1","-15.9","12.5","19","1.5",,,,,,,,,,,,,,,,,,,,,,,,,"5.1","87.7","2505","8.8","-34.4","1.1","9.4","1.6",,,,,,,,,,,,,,,,,,,,,,,,
"Waldron, Matt",663362,2026,29,18.9,6.3,51,17.3,45.3,29.9,8.5,"R",29.4,"19.8","92","2065","-7.9","-18.2","14","16.2","1.2",,,,,,,,,,,,,,,,,,,,,,,,,"16.1","91.7","2009","-15.3","-23.7","8.8","17.8","1.2","20","88.1","2143","2.3","-26.7","8.1","8.7","1.2",,,,,,,,,"29.2","80.6","303","-1.8","-44.7","-2.1","5.7","2.5","14.9","81.1","2232","12.9","-37","4.5","14","1.3",,,,,,,,,,,,,,,,,,,,,,,,
"Graceffo, Gordon",700669,2026,26,15.3,11.4,44.8,17,48,29.2,2.9,"R",49.2,"39.6","95.4","2042","-7","-14.8","15.2","16.9","1.1","29.7","88.5","2386","1.2","-34.4","0.6","3.4","1.6","12.5","88.1","1253","-13.4","-31.3","3.9","14.4","1.2","11.5","83.3","2748","2.2","-55.5","-15.8","16.1","1.1","6.8","95","1976","-13.3","-18.5","11.8","17.9","1.2",,,,,,,,,,,,,,,,,,,,,,,,,,,,,,,,,,,,,,,,,,,,,,,,,,,,,,,,
"Del Castillo, Adrian",680728,2026,26,0,0,12.5,0,0,22.2,22.2,"R",35.8,,,,,,,,,"56.3","52.1","1178","-7","-85.7","16.1","17.6","1.6",,,,,,,,,"43.8","51.4","1127","-7.2","-92.5","12.2","14.2","1.6",,,,,,,,,,,,,,,,,,,,,,,,,,,,,,,,,,,,,,,,,,,,,,,,,,,,,,,,,,,,,,,,
"Estrada, Lazaro",681751,2026,27,16,16,47.2,22.5,44.1,32.4,5.9,"R",53.3,"43.7","92.8","2260","-7.3","-12.9","19","20.4","1.3","34.7","85.7","2350","3.1","-31.2","5.9","8.1","1.8",,,,,,,,,"15.1","76","2621","10","-59.7","-12.1","16","1.5",,,,,,,,,"1","83.5","2250","4.3","-38.5","0.8","4.4","1.6","5.5","84","1010","-5.5","-28.4","10.2","12.3","1.6",,,,,,,,,,,,,,,,,,,,,,,,,,,,,,,,,,,,,,,,
"Herrera, Welinton",700327,2026,22,20,10,53.3,19,28.6,42.9,0,"L",39.7,"62.2","94.5","2228","8.9","-15.2","15.3","17.8","1.4","22.2","84.7","2110","-0.5","-39.1","-1.6","1.8","1.5","15.6","87.8","1468","14.4","-29.8","5.6","15.8","1.6",,,,,,,,,,,,,,,,,,,,,,,,,,,,,,,,,,,,,,,,,,,,,,,,,,,,,,,,,,,,,,,,,,,,,,,,
"Santos, Winston",692437,2026,24,11.1,11.1,54.5,15.4,14.3,28.6,14.3,"R",40,"54.5","97.7","2263","-9","-13.8","14.8","17.4","1.3","30.3","84.8","2369","1.5","-37.3","0.7","2.6","1.4","15.2","89","1915","-11.7","-29.5","5.1","12.9","1.4",,,,,,,,,,,,,,,,,,,,,,,,,,,,,,,,,,,,,,,,,,,,,,,,,,,,,,,,,,,,,,,,,,,,,,,,
"Assad, Javier",665871,2026,28,16.5,6.5,51.2,14.4,45.7,29.4,5.7,"R",51.2,"19","93.4","2145","-5.3","-15.3","16","17","1.4","4.5","85.3","2218","5.5","-36.9","0.6","6.1","1.6","7.5","85.9","1379","-11.2","-35.1","2","11.6","1.5","7.2","77.6","2492","12.9","-54.5","-8.9","15.8","1.6","42.1","93.3","2028","-14.4","-20.6","10.9","18.1","1.2","12.6","88.6","2154","5.2","-28.4","6.3","8.6","1.7",,,,,,,,,,,,,,,,,"7.1","81.6","2473","15","-40.9","0.4","15.4","1.5",,,,,,,,,,,,,,,,,,,,,,,,
"Cavalli, Cade",676917,2026,27,25.5,7.1,49.1,25.3,50.8,23.6,3.3,"R",36.2,"33.8","96.8","2300","-6","-14.5","14.6","15.9","1.4",,,,,,,,,"7.8","88.9","1951","-17.3","-30.1","4.6","18.1","1.5","26.9","85.8","2238","7.7","-48.1","-10.9","13.5","2","14","96.1","2149","-14.7","-21.8","7.7","16.8","1.4","5.3","93.5","2286","1.3","-22.6","8.3","8.7","2",,,,,,,,,,,,,,,,,"12.2","86","2286","14.5","-45.1","-7.9","16.7","1.6",,,,,,,,,,,,,,,,,,,,,,,,
"Banda, Anthony",607455,2026,32,21.2,9.6,44.2,26.7,41,32,5,"L",35,"26","94.6","2139","11","-15.8","14.9","18.6","1.6","41","84.5","2116","-9.1","-40.4","-1.7","10","2","6.4","87.3","1370","14.2","-32.3","3.7","15","1.6",,,,,,,,,"26.6","94.7","2078","15.9","-20.3","10.4","19.1","2",,,,,,,,,,,,,,,,,,,,,,,,,,,,,,,,,,,,,,,,,,,,,,,,,,,,,,,,
"Pérez, Eury",691587,2026,23,27.2,9.3,46.5,28.5,39.5,27.8,12,"R",31.4,"39.7","98.3","2676","-11.2","-10.5","18.1","21.4","1.2","15.5","88.4","2447","1.8","-30","5.1","6","1.9","9","90","1655","-14.3","-23.6","10.3","17.9","1.7","5.8","81","2743","8.8","-49.4","-7.6","11.8","1.9","16.2","97.8","2631","-15.6","-14.9","13.9","21","1.3",,,,,,,,,,,,,,,,,,,,,,,,,"13.8","83.7","2523","8.6","-28.1","11.1","14.6","2",,,,,,,,,,,,,,,,,,,,,,,,
"Pfaadt, Brandon",694297,2026,27,15.2,6.7,48.5,20.3,48.9,22.3,9.5,"R",27.7,"24.8","93.2","2479","-6.2","-16.9","14.5","15.9","1.1",,,,,,,,,"15.5","87.1","2095","-16","-32.4","3.7","16.6","1.3","15.3","82.2","2486","9.7","-51.9","-11.2","15","1.3","19.1","93.1","2336","-16","-24.8","6.9","17.5","1.2","12","90.2","2624","0","-25.3","8.2","8.6","1.4",,,,,,,,,,,,,,,,,"13.3","84.3","2737","10.3","-34","4.7","11.9","1.4",,,,,,,,,,,,,,,,,,,,,,,,
"Mederos, Victor",682989,2026,25,21.8,9,41.9,32.7,34.6,26.9,21.2,"R",23.1,"24.2","97.2","2466","-10.7","-16.2","12.8","16.8","1.5","0.7","86.1","2502","6.4","-36.7","0.2","6.4","1.4","9.7","91.9","1611","-12.7","-29.9","2.7","13.2","1.6",,,,,,,,,"13.1","96.4","2510","-17.5","-23.5","6","18.6","1.4","49","91.9","2583","0.5","-25.1","7.2","7.5","1.5",,,,,,,,,,,,,,,,,"3.4","83.1","2622","13","-36.6","3","13.6","1.7",,,,,,,,,,,,,,,,,,,,,,,,
"Baz, Shane",669358,2026,27,20.4,7.9,49.9,22.1,39,26.1,5.6,"R",37.5,"34.2","95.9","2399","-9.2","-13.3","16.5","19","1.6",,,,,,,,,"8.6","88","1890","-13.8","-26.1","9.3","16.8","1.8","32.7","85.3","2633","5.3","-47.9","-10.4","11.9","1.6","8.2","95.2","2271","-14.5","-17.8","12.4","19.2","1.4","16.2","89.6","2319","3.3","-27.1","6.7","7.7","1.6",,,,,,,,,,,,,,,,,,,,,,,,,,,,,,,,,,,,,,,,,,,,,,,,
"Fuentes, Didier",800311,2026,21,31.4,7.1,50.7,29.9,37,28.3,10.2,"R",24.1,"70.6","97.2","2107","-10.3","-14.3","14.7","18.1","1.7","23","86","2448","4.8","-34.9","2","5.9","1.8",,,,,,,,,"0.5","78.7","2512","13.7","-50.7","-6.6","15.2","1.5",,,,,,,,,,,,,,,,,"6","89.2","1982","-17.3","-28.2","6.3","18.5","1.9",,,,,,,,,,,,,,,,,,,,,,,,,,,,,,,,,,,,,,,,
"Canning, Griffin",656288,2026,30,22.5,10.4,44.8,25.2,46.6,25.5,6.3,"R",38.5,"26","94.5","2186","-9.3","-15.3","15.4","18.1","1.1","23.8","87.7","2778","1.2","-38.9","-3.4","4.8","1.4","22.5","90.1","1509","-15.8","-32.9","0.7","16.2","1.1","8.1","81.8","2545","11.9","-45","-4.2","12.9","1.4","10","93.7","2112","-16.4","-23.4","7.8","18.3","1.2","6.1","90.1","2464","0.5","-26.1","7.3","7.6","1.3",,,,,,,,,,,,,,,,,"3.5","86.3","2827","9.6","-37.5","-0.7","10.1","1.1",,,,,,,,,,,,,,,,,,,,,,,,
"Blackburn, Paul",621112,2026,32,20.2,9.3,46,22,57.2,21.7,3.9,"R",46.1,"3.1","94.7","2274","-5.3","-13.8","16.7","17.7","1.2","0.6","85.6","2601","6","-36.6","0.8","6.9","1.5","20.8","87.4","1788","-13","-29.2","6.5","14.7","1.1","15.1","80.9","2711","8.5","-59.7","-17.2","19.3","1.3","33.2","94.3","2048","-13.4","-20.7","10.1","16.9","1.1","21.4","91.7","2464","3.5","-24","8.6","9.5","1.2",,,,,,,,,,,,,,,,,"5.8","83.6","2748","15.5","-42.8","-3.4","16.2","1.3",,,,,,,,,,,,,,,,,,,,,,,,
"Henriquez, Edgardo",683618,2026,24,26.4,11.4,44.5,28.8,49.6,19.1,13,"R",38,"32.5","100.5","2516","-8.6","-11.7","15.4","17.8","1.4","22.2","87.8","2690","6.7","-34.6","0.6","7.5","1.7",,,,,,,,,"5.2","82.1","2894","10.9","-53.6","-12.8","16.9","1.8","26.9","100.8","2476","-15.7","-15.4","11.6","19.6","1.3","13.3","94.8","2655","1.8","-20.8","9.5","9.9","1.5",,,,,,,,,,,,,,,,,,,,,,,,,,,,,,,,,,,,,,,,,,,,,,,,
"Harris, Hogan",663687,2026,29,29.3,14.2,49.6,27.6,45.4,23.1,9.2,"L",56.7,"58.9","95.1","2323","8.3","-12.6","17.8","19.7","1.1","7.9","85.6","2087","-3.5","-25.1","12.5","13.7","1.5","4.9","84","2139","16.5","-26.4","12.6","21","1.6","26.5","73.9","2651","-7.5","-68","-17","18.7","1.4",,,,,,,,,"1.4","91.9","2270","0.5","-18.8","13.5","13.8","1.4",,,,,,,,,,,,,,,,,,,,,,,,,"0.4","80.4","2554","-11","-48.9","-6.2","12.8","1.4",,,,,,,,,,,,,,,,
"Sims, Lucas",608371,2026,32,21.7,15.2,44.4,21.6,42.9,25,10.7,"R",39.3,"45.6","94.1","2538","-6.5","-14.5","16.4","17.7","1.3","24","85.6","2947","7.9","-30.7","6.5","10.7","1.3",,,,,,,,,"7","82.4","3046","10.1","-47.9","-7.5","12.8","1.5","0.6","94.5","2439","-15","-18.8","12","19.2",,,,,,,,,,"2.3","88.5","1665","-13.9","-35.5","-0.5","13.9","1.6",,,,,,,,,"20.5","84.9","3001","14.1","-34.6","3.4","14.8","1.3",,,,,,,,,,,,,,,,,,,,,,,,
"Leahy, Kyle",681517,2026,29,21.1,7,49,22.2,46.3,22.2,5.1,"R",43.3,"26.8","94.2","2172","-4.6","-16.1","14.7","15.5","1.3","16.4","89.2","2310","5.2","-30.5","3.7","6.7","1.5","13.9","88.5","1448","-11.5","-33.2","1.8","12","1.3","16.4","83","2315","8.5","-50.8","-10.9","13.9","1.9","13","94.1","2180","-13.3","-20.3","10.7","17.2","1.4",,,,,,,,,,,,,,,,,,,,,,,,,"13.5","84.8","2625","16.6","-36","2.1","17","1.5",,,,,,,,,,,,,,,,,,,,,,,,
"Blubaugh, AJ",805123,2026,25,24.4,10.5,44.9,28.7,34,36,7.4,"R",42.9,"50.9","95.7","2258","-10.8","-13.2","16.9","20.1","1.5",,,,,,,,,"21.3","85.6","2348","-15.9","-34.1","3.3","16.4","1.5","1.1","80.5","2372","9.1","-55.5","-12.9","16","1.5",,,,,,,,,"4.8","88.9","2367","3","-26","8.5","9.2","1.5",,,,,,,,,,,,,,,,,"21.9","84.4","2625","12.5","-35.2","3.2","13.2","1.6",,,,,,,,,,,,,,,,,,,,,,,,
"Bummer, Aaron",607481,2026,32,14.8,12.5,50,19.5,47.6,30.2,6.3,"L",10.3,"8.2","90.6","2175","8.7","-22.3","10.9","14","1.4",,,,,,,,,,,,,,,,,"21.3","80.2","2299","-12.2","-49.9","-7.4","14.5","1.3","38.7","90.3","1998","14.3","-33.3","0.1","14.4","1.1","10.1","87.7","2163","1","-26.9","8.3","8.5","1.3",,,,,,,,,,,,,,,,,"21.6","80.6","2302","-13.5","-42.1","0","13.8","1.3",,,,,,,,,,,,,,,,,,,,,,,,
"Maxwell, Zach",687209,2026,25,16.7,18.5,50.4,15.4,22.9,28.6,11.4,"R",36.9,"55.6","98.7","2434","-9.3","-11.3","16.9","19.4","1.1",,,,,,,,,,,,,,,,,,,,,,,,,,,,,,,,,"19","92.8","2187","0.6","-22.9","8.7","9.1","1.4",,,,,,,,,,,,,,,,,"25.4","86.5","2685","9.3","-38.5","-1.8","10","1.5",,,,,,,,,,,,,,,,,,,,,,,,
"Callihan, Tyler",682997,2026,26,6.7,20,24.5,0,36.4,36.4,9.1,"R",43.6,,,,,,,,,"62.1","69.8","1624","-6.2","-42.8","14.3","15.8","3.1","34.5","69","1558","-8.7","-43.7","14","17.9","1.9","3.4","65.5","1376","-7.7","-56","7.5","10.8",,,,,,,,,,,,,,,,,,,,,,,,,,,,,,,,,,,,,,,,,,,,,,,,,,,,,,,,,,,,,,,,,
"Clarke, Taylor",664199,2026,33,14.1,4.4,46.4,20.2,50.9,23,9.1,"R",43.9,"1.6","94.4","2291","-4.8","-14","16.7","17.5","1.3","31.1","88.4","2211","4.7","-30.6","4.3","6.6","1.1","28.6","90.1","1737","-14.9","-32","1.7","15.2","1",,,,,,,,,"19.1","95.2","2200","-13.9","-20.1","10.1","17.3","1","19.5","94.3","2247","-3.7","-18.6","12.1","12.8","1.2",,,,,,,,,,,,,,,,,,,,,,,,,,,,,,,,,,,,,,,,,,,,,,,,
"Holmes, Clay",605280,2026,33,19.7,8.6,47,21,57.6,20.6,4.2,"R",40.4,"0.3","94","2248","-8.6","-18.2","12.7","15.4","1.4",,,,,,,,,"14.9","88.8","819","-8.8","-36.5","-1.6","9.7","1.3","8.2","81.6","2956","10.4","-56.1","-14.6","18","1.2","49.8","93.6","2131","-16.2","-29.1","2.3","16.5","1.3","7.1","88.4","2582","1.6","-32.5","2.4","4","1.8",,,,,,,,,,,,,,,,,"19.6","81.9","2865","16.9","-45.2","-4.1","17.5","1.4",,,,,,,,,,,,,,,,,,,,,,,,
"Simpson, Josh",681006,2026,28,29,6.5,50,22.2,26.3,42.1,15.8,"L",21.2,"5","93.2","2384","7.8","-20.4","11","13.6","1.4",,,,,,,,,"3.3","87.8","1825","13","-36","-0.7","13.3","1.5","29.2","80.1","2489","-10.3","-51.1","-8.5","13.5","1.4","36.7","92.9","2204","14.5","-27.9","3.8","15.2","1.3",,,,,,,,,,,,,,,,,,,,,,,,,"25.8","81.2","2414","-12.8","-40.2","1.4","13","1.5",,,,,,,,,,,,,,,,,,,,,,,,
"Mlodzinski, Carmen",669387,2026,27,18,8.1,49.2,20.9,40.4,24.9,6.3,"R",31.6,"27.7","95","2099","-10","-18.2","12.1","15.8","1.1","4","90.6","2356","1.1","-25.4","7.8","8.1","1.5",,,,,,,,,"11","83.8","2588","7.2","-47.9","-9","11.8","1.3","17.6","94.4","2042","-16.9","-24.4","6.3","18.2","1.2","3.1","92.3","2410","-3.2","-20","11.8","12.4","1.1","25.8","85.7","1681","-9.2","-37.9","-0.8","9.5","1.2",,,,,,,,,"10.7","83.5","2564","12.2","-41.7","-2.4","12.6","1.1",,,,,,,,,,,,,,,,,,,,,,,,
"Davila, Nick",689546,2026,27,10.8,10.8,51.5,15.7,51.9,23.4,6.5,"R",27.3,"12.2","94.8","2048","-14.3","-19.4","11","18.2","1.1","65.3","87.4","2075","0.8","-40.8","-5.2","5.8","1.2",,,,,,,,,,,,,,,,,"22.3","94.9","2043","-17.5","-25.6","4.8","18.4","1.1",,,,,,,,,,,,,,,,,,,,,,,,,"0.3","89","1710","11.8","-33.8","0.6","11.8",,,,,,,,,,,,,,,,,,,,,,,,,
"Rutledge, Jackson",671131,2026,27,16.7,16.7,56.8,34.8,75,12.5,0,"R",41.2,,,,,,,,,,,,,,,,,,,,,,,,,,,,,,,,,"27.3","94.7","2271","-14.3","-18.9","11.6","18.4","1.3","45.5","87.5","2066","2.4","-28.5","6.9","7.6","1.3","27.3","85.7","1474","-12.8","-33.8","3.5","13.4","1.3",,,,,,,,,,,,,,,,,,,,,,,,,,,,,,,,,,,,,,,,
"Winn, Cole",668390,2026,26,21.9,7.7,47.8,27.7,35.9,31.3,5.5,"R",39.3,"30.9","95.4","2394","-5.7","-13.1","17.1","18.2","1.1","22.4","85.9","2638","2.4","-40.5","-3.5","4.9","1.4",,,,,,,,,"0.1","81.1","2491","2","-42.5","-0.8","2.1",,"1.6","93.7","2287","-16.3","-21.7","9.8","19.1","1.4","31","91.2","2525","1.2","-24.3","8.5","9","1.4","13.9","87.3","1739","-14.5","-33.9","2","14.9","1.3",,,,,,,,,,,,,,,,,,,,,,,,,,,,,,,,,,,,,,,,
"Nelson, Ryne",669194,2026,28,17.5,6.2,50.5,21,32.5,37.4,7.9,"R",54.6,"56.8","96.3","2287","-2.8","-10.5","19.1","19.3","1.4","20","88.7","2390","3.9","-30.9","3.8","6.4","1.6",,,,,,,,,"9.5","81","2654","8","-49.1","-7.3","11.2","1.8","3.7","95.3","2116","-8.6","-12.3","17.8","19.9","1.4","9.9","93","2220","2.4","-18.1","13.5","13.9","1.3",,,,,,,,,,,,,,,,,,,,,,,,,,,,,,,,,,,,,,,,,,,,,,,,
"Feltner, Ryan",663372,2026,29,16,9.4,49.7,23.3,43,29.2,7.4,"R",43.9,"28.1","94.8","2382","-3.9","-17.2","12.8","13.6","1.5","24.4","89.1","2531","4.7","-28.6","5.4","7.4","1.5","16.3","85.3","1611","-4.7","-31.3","5.8","7.8","1.4","7.5","79.5","2660","8.1","-50.7","-7.7","11.5","1.8","13.9","94.4","2336","-11.9","-22.6","8","14.6","1.3",,,,,,,,,,,,,,,,,,,,,,,,,"9.8","82.5","2647","12.3","-41.7","-1.7","13","2",,,,,,,,,,,,,,,,,,,,,,,,
"Elder, Bryce",693821,2026,27,19.4,8.1,47.5,22,43.8,26.3,6.8,"R",48.4,"22.4","92.5","2230","-4.2","-16.4","15.4","16.1","1.2","24.1","83.1","2451","3.3","-42.7","-3.3","5.2","1.4","10.5","85.8","1473","-12","-33.4","3.9","13","1.1",,,,,,,,,"28.1","91.1","2086","-13.7","-24.9","8.1","16.1","1.3","14.9","88.6","2205","1.8","-24","10.5","10.8","1.2",,,,,,,,,,,,,,,,,,,,,,,,,,,,,,,,,,,,,,,,,,,,,,,,
"Stratton, Hunter",676702,2026,29,20,0,58.9,16.7,50,0,8.3,"R",39.7,"44.6","96.8","2497","-2.5","-14.9","14.1","14.4","1.1","32.1","84.9","2640","8.3","-40.3","-2.6","9","1.4",,,,,,,,,,,,,,,,,"3.6","96.8","2386","-13.5","-17.6","11.6","17.8","1.5","19.6","93.5","2439","3.5","-20.8","10","10.6","1.3",,,,,,,,,,,,,,,,,,,,,,,,,,,,,,,,,,,,,,,,,,,,,,,,
"Kelly, Zack",677161,2026,31,19.7,9.9,47,21.1,46.9,18.4,4.1,"R",35.5,"13.8","96.1","2190","-7.2","-14","15.8","17.5","1.4",,,,,,,,,"3.5","83.6","2080","-18.6","-37.3","2.3","18.9","1.5",,,,,,,,,"17","95.9","2183","-16.1","-19","10.9","19.5","1.2","43.8","90.6","2476","4","-26.1","7.2","8.6","1.2",,,,,,,,,,,,,,,,,"21.9","81.6","2615","18.3","-39","2.4","18.7","1.4",,,,,,,,,,,,,,,,,,,,,,,,
"Vivas, Jorbit",678391,2026,25,0,5.6,21.1,0,31.3,31.3,6.3,"R",59.6,,,,,,,,,"42.1","48","1183","2.2","-106.7","16.7","17","2.8",,,,,,,,,"57.9","45.1","1115","1.8","-124.8","13.5","13.8","2.4",,,,,,,,,,,,,,,,,,,,,,,,,,,,,,,,,,,,,,,,,,,,,,,,,,,,,,,,,,,,,,,,
"Ray, Robbie",592662,2026,34,20.4,11.7,43.2,24.8,36.8,34.1,6.9,"L",44.2,"33.3","93.2","2333","9.2","-14.2","17.4","19.8","1.3","24.4","85.9","2212","-1.4","-30.6","6.3","6.8","2.2","18.3","86","1618","10.8","-26.1","10.7","15.4","1.5","10.7","79.6","2181","-4","-50.1","-7","8.5","2.2","13.3","92.5","2219","14.4","-20.1","11.8","18.7","1.3",,,,,,,,,,,,,,,,,,,,,,,,,,,,,,,,,,,,,,,,,,,,,,,,,,,,,,,,
"Bratt, Mitch",683352,2026,22,17.5,13.3,49.4,17,30.6,33.7,13.3,"L",34.8,"40.4","91.3","2346","5.1","-17.5","15.3","16.2","1.3","11.1","86.8","2426","-3.6","-27.9","8.2","9.2","1.5","9.8","85","1677","14.2","-31.2","6.6","15.9","1.3","4.1","76.9","2325","-8.9","-55.2","-9","12.7","1.3","9.4","90.9","2227","13.9","-22.1","11.1","17.9","1.4",,,,,,,,,,,,,,,,,,,,,,,,,,,,,,,,,"25.2","79.8","2359","-13.8","-45","-2.1","14.1","1.3",,,,,,,,,,,,,,,,
"Latz, Jacob",656641,2026,30,28,7,48.5,29,40,26.9,14.6,"L",51.8,"54.7","94.7","2318","8.7","-11.8","18.9","20.9","1.6","18.9","85.5","2557","-6","-34.5","2.9","7.1","1.6","18.3","85.8","2052","15","-26","11.4","19","1.7","8","80.6","2767","-4.8","-54.8","-12.4","13.5","1.6",,,,,,,,,,,,,,,,,,,,,,,,,,,,,,,,,,,,,,,,,,,,,,,,,,,,,,,,,,,,,,,,
"Curtis, Khristian",694753,2026,24,23.5,11.8,48.5,25.8,45.5,9.1,9.1,"R",47.5,"29.4","95.3","2424","-6.2","-12.9","17.5","18.7","1.5","13.2","85.4","2718","4.9","-37.3","0.2","5.4","1.5","20.6","85.2","2518","-16.6","-25.9","12.1","20.8","1.4","4.4","76.9","2669","6.5","-60.7","-14.1","15.6","1.4",,,,,,,,,"32.4","92","2548","4.2","-22.9","9.3","10.4","1.6",,,,,,,,,,,,,,,,,,,,,,,,,,,,,,,,,,,,,,,,,,,,,,,,
"Smith-Shawver, AJ",700363,2026,23,21.1,10.5,52.2,6.9,38.5,30.8,0,"R",39.9,"58","97.2","2165","-10.4","-13.1","16.3","19.4","1.3","2.9","90.5","2220","1","-26.8","6.7","6.8","1.5",,,,,,,,,"7.2","76.5","2374","11.5","-57.6","-10.1","15.4","1.5","4.3","95.2","2087","-15.1","-16.8","13.5","20.3","1.5",,,,,,,,,"27.5","84.8","1398","-13.5","-35.5","2.8","14","1.4",,,,,,,,,,,,,,,,,,,,,,,,,,,,,,,,,,,,,,,,
"Mattson, Isaac",676755,2026,30,21.2,10.3,51.4,22.1,25.5,32.1,8.5,"R",46.2,"70.7","94.1","2350","-9.4","-12.9","18.1","20.5","1.6","11.9","84.2","2212","3.2","-36.3","2.4","6","2.2","9.7","86","1268","-9.6","-31.5","5.5","11.6","1.9",,,,,,,,,,,,,,,,,,,,,,,,,,,,,,,,,,,,,,,,,"7.7","82.9","2324","10.1","-40.9","-1.1","10.5","1.4",,,,,,,,,,,,,,,,,,,,,,,,
"Payamps, Joel",606303,2026,32,25,11.1,48.3,22.9,21.7,52.2,0,"R",28.4,"40.4","93.9","2428","-4.4","-16.6","14.3","15.1","1.4",,,,,,,,,"2.6","88","2068","-14.9","-32.1","3.3","15.3","1.5",,,,,,,,,"10.6","93.2","2329","-13.4","-23","8.5","16.2","1.5","0.7","90","2581","0.3","-25.3","8.2","8.2",,,,,,,,,,,,,,,,,,"45.7","84.1","2782","11.6","-36.5","2","12.1","1.2",,,,,,,,,,,,,,,,,,,,,,,,
"Chapman, Aroldis",547973,2026,38,29.8,10.7,50.2,28.6,45.5,29.3,8.1,"L",53.2,"36.6","96.9","2429","1.9","-11.2","17.9","18.1","1.9","17.6","85.8","2329","-10.7","-32.5","4.6","12.5","1.8",,,,,,,,,,,,,,,,,"35.2","97.9","2455","10.6","-12.5","16.1","19.4","1.7",,,,,,,,,"10.6","90","1151","5","-31.3","2.3","6.6","1.8",,,,,,,,,,,,,,,,,,,,,,,,,,,,,,,,,,,,,,,,
"Dotel, Wilber",696062,2026,23,25,9.5,49.4,24.9,46.1,28.9,3.9,"R",43.5,"46.1","98.1","2302","-9.4","-12.1","16.4","19.1","1.5","23.2","87.9","2236","5.4","-34.5","0.9","5.9","1.6","8.4","87.4","1250","-13.6","-31.1","4.6","14.5","1.8",,,,,,,,,,,,,,,,,"22.3","92.2","2233","0.6","-23.7","8.4","8.8","1.5",,,,,,,,,,,,,,,,,,,,,,,,,,,,,,,,,,,,,,,,,,,,,,,,
"Mills, Wyatt",670090,2026,31,13.9,25,43.6,22.6,40,25,10,"R",-6.2,"28.2","90.5","1993","-10","-26.7","6.7","12.2","1.5","29.5","83","2350","1.7","-33.7","5.9","6.4","1.5",,,,,,,,,,,,,,,,,"26.8","90.1","1910","-14","-34.2","-0.4","14.2","1.5",,,,,,,,,,,,,,,,,,,,,,,,,"15.4","81","2495","7.8","-33.4","8.4","11.7","1.5",,,,,,,,,,,,,,,,,,,,,,,,
"Herget, Jimmy",623474,2026,32,21.5,12,46.3,26.5,33,31.1,10.7,"R",4.1,"8.6","91.9","2420","-12.8","-23.1","9.2","15.9","1.4","29.9","86","2629","0.7","-29.2","7.4","7.7","1.3","7.7","85.2","1570","-9.7","-37.3","0.1","10","1.3",,,,,,,,,"23.2","90.7","2423","-16","-33.3","-0.1","16.1","1.4",,,,,,,,,,,,,,,,,,,,,,,,,"30.7","78.1","2974","14.8","-41.7","3.2","15.5","1.2",,,,,,,,,,,,,,,,,,,,,,,,
"Crochet, Garrett",676979,2026,27,26.8,8,45.6,24,37.2,24.4,2.3,"L",31.8,"33.6","95.8","2384","8.2","-13.5","16.4","18.5","1.3",,,,,,,,,"4.2","88.2","1819","12.9","-29.5","5.9","14.3","1.4",,,,,,,,,"22.4","95.2","2360","16.4","-22.1","8.3","18.4","1.2","24.7","90.9","2616","-2.9","-26.3","6.8","7.9","1.7","0.8","84.9","937","8.7","-36.7","1.1","9.3","1.5",,,,,,,,,"14.3","83.4","2420","-13.8","-40.8","-1.2","14.2","1.3",,,,,,,,,,,,,,,,,,,,,,,,
"Zerpa, Angel",672582,2026,26,14.5,10.9,53.2,17.8,61,14.6,4.9,"L",25.2,"5.1","95.4","2010","9.6","-19.3","10.9","14.7","1.3","20.8","87.1","2536","-2.6","-38.3","-2.4","4","1.2","6","90.3","1705","14.1","-27","6.6","15.9","1.5",,,,,,,,,"68.1","95.6","2028","17.3","-26.9","3.2","17.8","1",,,,,,,,,,,,,,,,,,,,,,,,,,,,,,,,,,,,,,,,,,,,,,,,,,,,,,,,
"Morris, Andrew",702193,2026,24,22.9,8.5,51.8,22.1,45.6,28.7,6.3,"R",59.8,"45.4","97.1","2059","-4.5","-12","17","17.7","1.8",,,,,,,,,"11.5","88.7","1495","-12.8","-26.4","8.5","15.6","2.2","1.8","73.7","2255","9","-62.4","-11.6","14.7","1.6","11.3","96.3","2032","-11.7","-14.2","15.3","19.3","1.8","19.2","90.7","2304","6.3","-27.2","5.9","9","2.2",,,,,,,,,,,,,,,,,"10.8","81.9","2444","16.1","-37.8","3.1","16.7","1.5",,,,,,,,,,,,,,,,,,,,,,,,
"Nicolas, Kyle",693312,2026,27,16.7,31,38.4,23.7,27.3,31.8,13.6,"R",45.2,"48.5","96.8","2389","-8.2","-12.1","17.4","19.3","1.5","33.3","90","2543","3.8","-30.8","2.9","5.1","1.6",,,,,,,,,"16.2","83.9","2630","7.8","-49.3","-10.2","13.2","1.6","2","95.5","2281","-14.4","-16","14.3","20.3","1.4",,,,,,,,,,,,,,,,,,,,,,,,,,,,,,,,,,,,,,,,,,,,,,,,,,,,,,,,
"Martinez, Seth",661527,2026,31,16.7,0,54.5,36.4,25,0,25,"R",4.4,"18.2","90.9","2229","-13.5","-22.9","10.4","17.1","1.4",,,,,,,,,"9.1","82.8","2019","-10.2","-36.4","3.8","11.4","1.5",,,,,,,,,"31.8","89.1","2094","-12.3","-36.2","-1.8","12.4","1.4",,,,,,,,,,,,,,,,,,,,,,,,,"40.9","78.6","2457","15.2","-33.9","10.4","18.6","1.5",,,,,,,,,,,,,,,,,,,,,,,,
"Zuber, Tyler",676604,2026,31,28.4,4.2,52.4,24.2,48.4,32.3,0,"R",29.7,"40.6","95.2","2376","-9.3","-14.4","15.9","18.5","1.1","15.8","89.2","2619","5.8","-30.6","3.6","7.3","1.3",,,,,,,,,"4","83.7","2944","11.2","-44","-5","12.5","1.2","9.9","94.5","2200","-16","-24.4","6.2","17.3","1.3",,,,,,,,,,,,,,,,,,,,,,,,,"29.7","83.7","2755","16.2","-31.8","7.3","17.9","1.4",,,,,,,,,,,,,,,,,,,,,,,,
"Phillips, Connor",683175,2026,25,21.1,21.1,45.2,26.8,25.7,37.8,9.5,"R",37.1,"48.9","98.3","2484","-10.1","-12.2","16.4","19.3","1.1",,,,,,,,,,,,,,,,,"2.9","87.5","2239","3.8","-43.3","-7.5","8.6","1.6",,,,,,,,,,,,,,,,,,,,,,,,,,,,,,,,,"48.2","86.1","2490","15.5","-35.1","2.1","15.8","1.3",,,,,,,,,,,,,,,,,,,,,,,,
"Wheeler, Zack",554430,2026,36,30.2,6.4,41.9,31,44.2,24.9,9.1,"R",22.2,"35.3","95.1","2436","-11.6","-16","14.3","18.5","1.2",,,,,,,,,,,,,,,,,"8.5","79.8","2849","13.5","-54.4","-11.3","17.7","1.1","15.4","94.7","2287","-17.5","-23.3","7.2","19","1.2","10.8","90.8","2533","0.2","-24.2","8.6","9.1","1.5","15.9","87.3","1567","-14.7","-33.5","2.3","15.1","1.3",,,,,,,,,"14","81.2","2775","17.4","-42.6","-1","17.6","1.2",,,,,,,,,,,,,,,,,,,,,,,,
"Falter, Bailey",663559,2026,29,10.5,10.5,50,20,31.1,20,6.7,"L",55.3,"55.6","92.2","2132","4.4","-14","18.2","18.9","1.4","22.8","83.3","2128","-4.9","-36.1","3.1","6.7","1.8",,,,,,,,,"9.4","77.3","1887","-3.7","-48.7","-2.9","5","1.3","2.2","91.6","2120","6.8","-13.2","19.4","20.6","1.5",,,,,,,,,"10","85.4","1092","7.3","-30.1","7.3","11.7","1.4",,,,,,,,,,,,,,,,,,,,,,,,,,,,,,,,,,,,,,,,
"Weston, Cameron",687721,2026,25,33.3,33.3,47.1,12.5,100,0,0,"R",4.1,,,,,,,,,"11.8","83.3","2377","4.4","-36.1","3.7","6.2","1.5",,,,,,,,,,,,,,,,,"41.2","91.8","2302","-19.9","-30.3","2.3","20.1","1.5",,,,,,,,,,,,,,,,,,,,,,,,,"35.3","78.4","2382","13.7","-41.5","2.8","14","1.4",,,,,,,,,"11.8","79","755","-5.6","-47.9","-4.3","7.4","1.4",,,,,,,,
"Smith, Cade",671922,2026,27,34.2,8,48,34.1,41.1,30.2,7.8,"R",38.3,"62.8","97.3","2357","-7.8","-12.2","16.7","18.6","1.6",,,,,,,,,,,,,,,,,,,,,,,,,,,,,,,,,,,,,,,,,"24.7","86.9","589","-5.8","-41.9","-5.4","8.9","1.7",,,,,,,,,"12.5","85.4","2165","13.8","-35.2","2.4","14.3","1.7",,,,,,,,,,,,,,,,,,,,,,,,
"McCambley, Zach",685112,2026,27,17.9,15.4,45.6,27.8,44,28,0,"R",31.4,"31.8","93.9","2520","-1.2","-19.4","11.4","11.6","1.3",,,,,,,,,,,,,,,,,,,,,,,,,"1.3","92.3","2558","-5.8","-21.4","11.1","12.5","1.4","45.9","88.4","2667","5.5","-34.4","0.5","5.9","1.2",,,,,,,,,,,,,,,,,"21","83.7","2798","15.7","-41.8","-2.6","16.2","1.5",,,,,,,,,,,,,,,,,,,,,,,,
"Stock, Robert",476594,2026,36,19.5,12.2,54,30.3,37,29.6,3.7,"R",11.8,"26","96.5","2286","-12.2","-20.1","9.4","15.5","1.4",,,,,,,,,"11.3","82","1617","-12.9","-36.2","4.7","13.8","1.4",,,,,,,,,"23.3","94.4","2209","-15.5","-28.9","1.9","15.8","1.7","28.7","92.2","2377","-2.7","-23","9","9.5","1.4",,,,,,,,,,,,,,,,,"10.7","81.5","2503","13.1","-38.1","3.1","13.5","1.4",,,,,,,,,,,,,,,,,,,,,,,,
"Eder, Jake",671109,2026,27,6.7,6.7,50,9.1,30.8,38.5,0,"L",37.8,"60.7","95","2034","10","-18.7","11.5","15.4","1.3","33.9","86","2314","-4.8","-36.2","0.5","5.2","1.6","1.8","85.2","1777","12.6","-32.1","5.1","13.6",,"3.6","77.9","2693","-8.2","-56.8","-12","14.5","1.4",,,,,,,,,,,,,,,,,,,,,,,,,,,,,,,,,,,,,,,,,,,,,,,,,,,,,,,,,,,,,,,,
"Melton, Troy",675512,2026,25,22.5,7.8,47.8,26.1,41.5,24.5,9.9,"R",38.9,"35.6","96.3","2257","-6.2","-14.3","15.1","16.5","1.5","16.4","86.8","2418","7","-36.7","-0.5","7.3","1.9",,,,,,,,,"6.2","78.7","2446","16","-53.6","-9.1","18.4","1.9","8.2","95.7","2138","-14.1","-19.3","10.5","17.6","1.4","22.3","92.2","2320","4","-24.5","7.5","8.9","1.8","11.3","89","1304","-10.2","-32.8","1.5","10.8","1.6",,,,,,,,,,,,,,,,,,,,,,,,,,,,,,,,,,,,,,,,
"Cantillo, Joey",676282,2026,26,25.3,10.7,47.2,30.5,45.2,28,6.3,"L",51,"34.6","92.1","1872","6.6","-15.6","16.6","18","1.5","5.3","82.8","2325","-3.9","-45.8","-6","7.4","1.4","25.5","80.8","1445","9.4","-29","13","16.3","1.4","28.8","80","2670","-9.8","-60.4","-17.1","19.8","1.6",,,,,,,,,"5.7","87.2","2021","-3","-29.1","6.7","7.9","1.2",,,,,,,,,,,,,,,,,,,,,,,,,,,,,,,,,,,,,,,,,,,,,,,,
"Alexander, Tyler",641302,2026,31,20.8,6,47.7,22.2,54.8,21.9,4.5,"L",33.5,"16.5","91.9","2217","10.2","-17.2","15.2","18.4","1",,,,,,,,,"24.3","84.6","1487","13.7","-36.6","1.8","14","1",,,,,,,,,"19.8","91.2","2102","16.3","-24","9","18.7","1.1","22.3","88.1","2362","-0.7","-25.4","9.7","10","1.5",,,,,,,,,,,,,,,,,"17.1","80.1","2513","-14.7","-41","1.8","15.1","1.6",,,,,,,,,,,,,,,,,,,,,,,,
"Lee, Dylan",669276,2026,31,33.2,6.3,49.8,37.4,34.7,33.9,8.9,"L",47.7,"30.1","93.2","2371","7.4","-11.6","20","21.4","1.4","53.1","82.9","2151","-1.6","-36.2","3.5","4.3","1.6","16.9","85.3","1653","11","-24.9","12.8","17.1","1.4",,,,,,,,,,,,,,,,,,,,,,,,,,,,,,,,,,,,,,,,,,,,,,,,,,,,,,,,,,,,,,,,,,,,,,,,
"Solesky, Chase",686678,2026,28,23.5,5.9,62.1,9.1,50,16.7,8.3,"R",48.1,"10.3","93.1","2061","-5.6","-13.9","17.7","18.7","1.4",,,,,,,,,"10.3","86.2","931","-10.4","-33.1","3.9","11.6","1.5",,,,,,,,,"37.9","93.2","1974","-16.5","-20","11.7","20.3","1.2","15.5","87.4","2086","3.7","-31.1","4.8","6.5","1.5",,,,,,,,,,,,,,,,,"25.9","82.8","2090","14.3","-34.2","6.1","15.7","1.4",,,,,,,,,,,,,,,,,,,,,,,,
"Suarez, Robert",663158,2026,35,21.5,5,44.2,24,47.7,23.9,8,"R",43,"47.4","98.8","2415","-5.7","-10.9","17.2","18.2","1.2",,,,,,,,,"31.8","90.7","1862","-15.8","-25.8","7.3","17.6","1.4",,,,,,,,,"6","98","2388","-12.6","-13.4","15.1","19.7","1.4","14.8","96.1","2366","0.5","-16.9","12.6","12.9","1.3",,,,,,,,,,,,,,,,,,,,,,,,,,,,,,,,,,,,,,,,,,,,,,,,
"VanWey, Logan",701121,2026,27,22.7,0,58.8,25,41.2,29.4,5.9,"R",18.4,"50","93.4","2393","-7.1","-18.4","13.2","15.1","1.2",,,,,,,,,"10","87.4","1661","-14.8","-38","-1.9","15","1.5",,,,,,,,,"3.8","92.7","2164","-14.2","-28","3.9","14.8","1.5","7.5","85.5","2443","6","-33.2","4.4","8.5","1.5",,,,,,,,,,,,,,,,,"28.8","83.3","2468","11.9","-32.3","7.5","14.3","1.3",,,,,,,,,,,,,,,,,,,,,,,,
"McDermott, Chayce",694646,2026,27,16,8,43,23.1,15.8,47.4,15.8,"R",42.6,"38.3","95.9","2281","-6.2","-12","17.7","18.9","1.3","15","83.2","2725","4.7","-45","-5.6","7.7","1.5",,,,,,,,,,,,,,,,,,,,,,,,,"42.1","89.3","2588","4.2","-29","5.1","7.1","1.7","4.7","86.4","1090","-6.9","-32.2","4.3","8.5","1.4",,,,,,,,,,,,,,,,,,,,,,,,,,,,,,,,,,,,,,,,
"Fedde, Erick",607200,2026,33,16.4,8.2,46.6,18.1,39.2,29.1,8.1,"R",34.7,"1.3","94.4","2104","-5.3","-19.4","11.2","12.5","1.3",,,,,,,,,"12.3","88.7","1842","-10.4","-31.2","3.4","11.3","1.2",,,,,,,,,"30.1","93.9","2060","-8.7","-22.5","8.3","12.3","1.1","19.4","91","2142","2.3","-26.1","6.8","7.5","1.8",,,,,,,,,,,,,,,,,"37","81.9","2524","15.8","-40.1","0.6","16.1","1.2",,,,,,,,,,,,,,,,,,,,,,,,
"Martin, Davis",663436,2026,29,20.8,7.3,47.5,23.9,42.6,21.6,6.3,"R",35.9,"26.9","93.9","2411","-5.4","-16.9","14.1","15.2","1.4","13.6","87.1","2605","4.9","-34.7","1.2","5.6","1.3","14.1","90.2","2124","-13.4","-32.5","1.2","13.8","1.4","14.1","81.7","2879","14","-48.9","-7.8","16.2","1.4","18.3","92.8","2399","-14.2","-23.8","7.9","16.5","1.1","13","89.7","2574","1.8","-26.6","7.3","7.9","1.2",,,,,,,,,,,,,,,,,,,,,,,,,,,,,,,,,,,,,,,,,,,,,,,,
"Davis, Tyler",699823,2026,27,20.8,14.2,47,23.4,40.6,24.6,11.6,"R",45.3,"61.7","96.2","2421","-7.6","-10.9","18.7","20.3","1.2","32","87.2","2567","6.3","-36","-0.2","6.8","1.6",,,,,,,,,,,,,,,,,,,,,,,,,,,,,,,,,"6.3","86.3","1231","-13","-32.2","4.3","13.9","1.4",,,,,,,,,,,,,,,,,,,,,,,,,,,,,,,,,,,,,,,,
"Raya, Marco",694397,2026,23,16,12,41,26.2,44.4,33.3,0,"R",43.3,"45","94.6","2247","-3.5","-16.4","14","14.5","1.3",,,,,,,,,"17","89.1","1837","-12.8","-31.4","2.8","13.2","1.4","10","84.5","2788","4.6","-47.2","-9.2","10.4","1.7",,,,,,,,,"1","87.4","2847","3.3","-29.6","6.1","7",,,,,,,,,,,,,,,,,,"27","84.4","2783","13.9","-40.8","-2.4","14.7","1.8",,,,,,,,,,,,,,,,,,,,,,,,
"Little, Brendon",663893,2026,29,28.9,19.7,38.1,37.9,61.5,17.9,2.6,"L",39,"10.7","96.4","2110","6.6","-16.2","13.2","14.8","1.1","28.3","89.4","2452","-1.6","-34.2","-0.2","2.9","1.2",,,,,,,,,"31.9","86.9","2091","-3.2","-47.6","-11.3","11.9","1.1","28.3","94.8","2016","13.7","-29.7","0.9","13.9","1.3","0.7","92.5","2437","1","-27.7","4.2","4.3","1.5",,,,,,,,,,,,,,,,,,,,,,,,,,,,,,,,,,,,,,,,,,,,,,,,
"King, Bryan",687911,2026,29,18.6,8.6,50.1,18.6,46.5,18.1,7.7,"L",34.9,"58.3","92","2098","3.1","-19.1","13.2","13.7","1.2",,,,,,,,,"1.1","86.5","1598","11.1","-29.7","6.9","13.3","1.6",,,,,,,,,"12.2","91.6","1967","11.5","-26.2","6.3","13.5","1.4",,,,,,,,,,,,,,,,,,,,,,,,,"28.4","81.1","2238","-13.5","-39.6","2.3","14.1","1.7",,,,,,,,,,,,,,,,,,,,,,,,
"Sullivan, Sean",807743,2026,23,14,9.6,53.4,16.2,20.2,40.5,9.5,"L",31.4,"45.9","87.6","2256","10.3","-21.8","13.5","17.1","1.6",,,,,,,,,"15.8","77.1","1676","10","-36.5","9.1","13.7","2.4",,,,,,,,,"5.8","86.6","2261","11.7","-26.2","9.7","15.3","1.2","15","82.7","2287","-2.5","-34.2","5.4","6.3","1.4",,,,,,,,,,,,,,,,,"17.5","75.4","2331","-11.4","-52.1","-4.1","12.3","1.5",,,,,,,,,,,,,,,,,,,,,,,,
"Strahm, Matt",621381,2026,34,18.6,8.7,51.5,23.2,27.8,44.3,10.4,"L",30.4,"38.9","91.3","2545","13","-16.2","16.8","21.3","1.2","28","81.2","2678","-7.2","-37.6","4.2","9.3","1.3","11.4","82.3","1675","13.9","-43.2","-2.6","14.4","1.3",,,,,,,,,"14.5","91.4","2439","16.7","-20.9","11.9","20.6","1.2","7.3","87.4","2594","4.6","-26.4","9.2","10.7","1.3",,,,,,,,,,,,,,,,,,,,,,,,,,,,,,,,,,,,,,,,,,,,,,,,
"Imanaga, Shota",684007,2026,32,23.5,5.2,46.6,28.6,36.8,32.2,10.2,"L",38.7,"40.8","91.6","2497","11.1","-14.9","17.8","21","1.1","2.1","86.5","2481","-3.4","-29.4","6.9","8","1.3",,,,,,,,,"2.7","74.4","2515","-8.8","-63","-13.2","16.1","1.6","6.6","90.1","2462","16.4","-24","9.7","19.2","1.2",,,,,,,,,"32.8","82.9","1124","11.4","-33.6","6","13.3","1.1",,,,,,,,,"15","81.1","2537","-14","-42.3","-0.6","14.3","1.4",,,,,,,,,,,,,,,,,,,,,,,,
"Trivino III, Lou",642152,2026,34,19.4,19.4,38.9,31.7,38.1,23.8,4.8,"R",36.3,"4.9","94.5","2004","-8.4","-16.9","13.6","16.1","1.4",,,,,,,,,"17.4","86.5","1830","-15.5","-34.4","2.2","15.8","1.4",,,,,,,,,"29.9","95.1","2081","-15.2","-21","9.2","17.8","1.2","31.3","91.8","2319","-0.8","-22.9","9.3","9.6","1.3",,,,,,,,,,,,,,,,,"16.7","79.6","2401","16.7","-47.8","-4.7","17.4","1.4",,,,,,,,,,,,,,,,,,,,,,,,
"Martin, Trevor",694680,2026,25,13,7.4,49.4,23.3,41.5,36.6,2.4,"R",28.6,"44.4","95","2282","-8.6","-13.6","16.9","19.1","1.2",,,,,,,,,,,,,,,,,"4.4","80","2211","17.5","-49.4","-5.9","18.6","1.3","7.2","94","2187","-17","-22","9.2","19.4","1.3","23.3","88.6","2095","4.6","-30","5.1","7.2","1.3","20.6","87","1018","-13.4","-36.1","0.3","14","1.2",,,,,,,,,,,,,,,,,,,,,,,,,,,,,,,,,,,,,,,,
"Herget, Kevin",643361,2026,35,0,0,63.6,0,33.3,33.3,0,"R",44.9,"36.4","89.3","2116","-10.9","-17.9","16.7","20","1.4",,,,,,,,,"36.4","79.7","1949","-16.7","-33.4","10","19.5","1.4",,,,,,,,,,,,,,,,,"27.3","86.1","2032","-1.3","-26.8","10","10.1","1.4",,,,,,,,,,,,,,,,,,,,,,,,,,,,,,,,,,,,,,,,,,,,,,,,
"Beck, Tristan",663941,2026,30,9.4,7.8,48.2,17.4,51.9,28.8,3.8,"R",38.7,"38.9","94.4","2075","-8.6","-15.2","15.5","17.8","1.4","16.2","88.7","2386","4.4","-30.8","3.7","6.2","1.4","0.8","86.7","1701","-9.2","-32.8","3.7","10.2","1.5","5.3","81.4","2382","9","-54.8","-13.4","16.3","1.6",,,,,,,,,,,,,,,,,,,,,,,,,,,,,,,,,"38.9","82.8","2715","17.9","-39.9","0.1","18.1","1.3",,,,,,,,,,,,,,,,,,,,,,,,
"Ferguson, Caleb",657571,2026,29,19.8,13.5,49.4,19.6,50.6,20.5,6,"L",39.4,"26.2","92.3","2359","5.4","-17.2","14.9","16","1",,,,,,,,,,,,,,,,,,,,,,,,,"32.9","92.3","2230","14.4","-22.8","9.3","17.4","1","25.6","87.6","2589","-2.3","-30.7","4.7","5.5","1.3",,,,,,,,,,,,,,,,,,,,,,,,,"15.3","80","3002","-8.2","-54","-11.2","14.2","1.3",,,,,,,,,,,,,,,,
"Robles, Victor",645302,2026,29,0,11.1,42.3,0,37.5,12.5,0,"R",25.3,"42.3","76.5","1898","-9.8","-33.3","13.6","16.9","2.5",,,,,,,,,,,,,,,,,"57.7","48.7","1239","-2.1","-109","11.7","12.1","2.8",,,,,,,,,,,,,,,,,,,,,,,,,,,,,,,,,,,,,,,,,,,,,,,,,,,,,,,,,,,,,,,,
"Klein, Will",694361,2026,26,25.9,11.1,47.9,23.9,56,10.3,9.5,"R",42.8,"50.9","97.5","2212","-9.2","-13.1","15.6","18.3","1.2","4.6","91.3","2384","1.9","-27.1","5.5","6.3","1.6",,,,,,,,,"16.1","85","2481","8.6","-51.3","-13.3","16","1.3",,,,,,,,,,,,,,,,,,,,,,,,,,,,,,,,,"28.3","88.6","2516","13","-38.4","-3.5","13.8","1.4",,,,,,,,,,,,,,,,,,,,,,,,
"Cano, Yennier",666974,2026,32,23.1,5,46.4,26.9,64,16.7,3.5,"R",16.8,"4","94.8","2192","-12","-23.4","7.1","14.3","1.2","1.3","86.7","2433","6.3","-33.7","3.1","8","1.4",,,,,,,,,,,,,,,,,"54","94.9","2080","-15.6","-32.8","-2.3","16","1",,,,,,,,,"27.2","91","1537","-12.2","-38.1","-5","13.5","1.1",,,,,,,,,"13.4","85.7","2503","13.4","-36.2","1.3","13.8","1.3",,,,,,,,,,,,,,,,,,,,,,,,
"Nikhazy, Doug",680951,2026,26,11.1,22.2,41,33.3,83.3,16.7,0,"L",50.8,"46.2","87.4","1885","9.7","-19.2","17","19.7","1.3","7.7","84.2","2260","-5.5","-33.8","5.1","7.7","1.4","15.4","80.8","1956","16","-32.8","9.7","18.7","1.6","2.6","76.8","2628","-12","-54","-6.9","13.9",,"15.4","86.4","1821","15.5","-25.1","11.8","19.5","1.4",,,,,,,,,,,,,,,,,,,,,,,,,"12.8","79.4","2558","-17","-39.4","4.6","17.8","1.4",,,,,,,,,,,,,,,,,,,,,,,,
"Holmes, Grant",656550,2026,30,19.3,9.9,46.7,26.8,42.4,27.2,5.8,"R",39.5,"29.4","94.2","2324","-7","-15.5","15.3","16.9","1.2","36.3","85.4","2734","1.9","-40.6","-3.3","4.3","1.3","5.8","89.4","1582","-13.9","-31","3.2","14.4","1.4","7.5","82.9","2771","2.2","-46.8","-7.2","7.8","1.4","12","93","2245","-13.8","-23.4","8.2","16.2","1.2","9.1","92.1","2436","-1.1","-20.1","11.9","12","1.4",,,,,,,,,,,,,,,,,,,,,,,,,,,,,,,,,,,,,,,,,,,,,,,,
"Williamson, Brandon",682227,2026,28,14.8,15.6,45,24.1,33.7,32.6,10.5,"L",42.3,"20.5","92.5","2178","8.7","-14.7","17.6","19.7","1.4",,,,,,,,,"23.6","85","1890","16.6","-30.9","7.3","18.3","1.5","9.1","74.6","2647","-12.9","-62","-12.1","17.8","1.8","10.6","92.8","2089","13.3","-17.4","14.5","19.7","1.3","26.4","88.4","2437","-3.5","-25.6","9.4","10.4","1.6",,,,,,,,,,,,,,,,,"9.8","80.2","2628","-15.6","-41.1","1.9","16","1.9",,,,,,,,,,,,,,,,,,,,,,,,
"Bruihl, Justin",677865,2026,29,15.6,8.4,47.6,17.8,52.4,18.3,5.8,"L",26.3,"5.4","91.6","2241","5.5","-20.6","12","13.5","1.2",,,,,,,,,"9.4","80.2","1435","11","-42.7","0.1","11.7","1.4",,,,,,,,,"45.4","90.3","2168","16","-32","1.8","16.2","1.1","1.2","86.9","2426","-0.4","-30.4","5.6","5.6","1.4",,,,,,,,,,,,,,,,,"38.5","77.9","2548","-18.1","-46.9","-1.5","18.3","1.6",,,,,,,,,,,,,,,,,,,,,,,,
"Suarez, José",660761,2026,28,23.3,9.7,44.3,26.7,42.4,22.9,7.6,"L",41.3,"37.6","92.7","2367","7.9","-15.3","16.5","18.4","1.2","26.1","81.7","2843","-6","-42.3","-1.5","6.8","2.1","24.4","82.8","1604","13.1","-37","2.9","13.8","2.7",,,,,,,,,"8.6","91.7","2202","14.7","-21.4","11.2","18.8","1.4","0.7","87.6","2475","0.8","-24.4","11","11.3","1.5",,,,,,,,,,,,,,,,,"2.7","78","2830","-11.6","-44.1","0.7","12.2","1.3",,,,,,,,,,,,,,,,,,,,,,,,
"Farris, Mitch",815083,2026,25,24,11.3,44,27.7,36.6,27.5,6.1,"L",49.5,"48.6","91.7","2172","9.1","-15.3","17.3","19.7","1.5","12.2","81.5","2414","-2.9","-45.6","-4.7","5.8","1.5","25.2","78.9","1689","15.9","-44.5","-0.4","16","1.2",,,,,,,,,,,,,,,,,"13.9","88.6","2110","0.1","-24.7","10","10.2","1.5",,,,,,,,,,,,,,,,,,,,,,,,,,,,,,,,,,,,,,,,,,,,,,,,
"Yamamoto, Yoshinobu",808967,2026,27,23.8,6,48.7,25.8,46.8,24.6,6.2,"R",40.4,"26.6","96.1","2244","-8.3","-13.5","16.2","18.3","1.2","6.3","87","2758","5.3","-33.6","2.3","6.5","1.7",,,,,,,,,"12.4","77.1","2819","12.6","-62.5","-15.9","20.4","1.7","12.7","95.4","2305","-14.5","-18.5","11.5","18.7","1.2","15","91.6","2455","3.1","-24.3","8.1","9.1","1.5","27.1","91.4","1439","-11.8","-30.7","1.9","12.3","1.3",,,,,,,,,,,,,,,,,,,,,,,,,,,,,,,,,,,,,,,,
"Brebbia, John",605154,2026,36,9.5,0,60.6,17,31.6,52.6,0,"R",39.4,"39.4","92.3","2276","-7.2","-16.3","15.4","17.1","1.6","47.9","84.4","2516","6.4","-33.2","4.4","8","1.3","7.4","86.7","2014","-12.4","-27.6","8.4","15.2","1.6",,,,,,,,,,,,,,,,,,,,,,,,,,,,,,,,,,,,,,,,,"5.3","79.4","2641","14.6","-37.7","5.1","15.8","1.6",,,,,,,,,,,,,,,,,,,,,,,,
"Senga, Kodai",673540,2026,33,25.8,15.4,44.3,28.7,29.7,34.4,6.3,"R",47.7,"38.8","96.3","2370","-6.6","-13.3","16.3","17.7","1.6","7.6","86.7","2543","0.4","-34.7","2","3.6","1.5",,,,,,,,,"0.2","65.5","2296","1.3","-76.3","-12.1","12.2","1.5","3.7","90.1","2227","-15.5","-27","6.9","17.1","2.1","15.9","89.9","2426","-0.9","-26.7","7.2","7.5","1.8",,,,,,,,,,,,,,,,,"9.4","81.4","2575","9.9","-46.5","-4.9","11.5","2.7",,,,,,,,,"24.4","83.3","1167","-10.6","-38.5","1.2","11.2","1.6",,,,,,,,
"Gordon, Colton",676467,2026,27,22,6,43.6,17.2,37.1,28.6,2.9,"L",31,"36.1","91.2","1977","11.4","-17.3","15.8","19.6","1.2","5.4","85.5","2382","-2.6","-32.5","5.1","6.1","1.4","12.4","83.2","1374","12.7","-34.7","4.9","14.2","1.2","3","74.6","2492","-13.8","-51.6","-2","14.1","1.5","13.4","91.1","2077","15.7","-20.5","12.6","20.2","1.2",,,,,,,,,,,,,,,,,,,,,,,,,"29.7","81.5","2554","-9.4","-35.7","6","11.5","1.4",,,,,,,,,,,,,,,,,,,,,,,,
"Higgins, P.J.",664731,2026,33,33.3,0,50,40,0,50,50,"R",29.2,,,,,,,,,"10","53.8","1543","-6.3","-77.6","16.4","17.6",,"90","53.6","1578","-12.7","-78.6","17.9","21.9","1.6",,,,,,,,,,,,,,,,,,,,,,,,,,,,,,,,,,,,,,,,,,,,,,,,,,,,,,,,,,,,,,,,,,,,,,,,
"Yan, Jefry",642376,2026,29,16.7,27.8,40.6,30,40,30,10,"L",49.3,"4.3","96.9","2428","4.5","-12.4","16.7","17.5","1.5","31.9","86.3","2537","-4.9","-41.1","-4.2","7.3","1.6",,,,,,,,,,,,,,,,,"63.8","97.9","2478","14","-17.4","11.1","18","1.6",,,,,,,,,,,,,,,,,,,,,,,,,,,,,,,,,,,,,,,,,,,,,,,,,,,,,,,,
"Taylor, Grant",691799,2026,24,32.5,8.1,49.8,28.3,46.2,27.6,2.8,"R",58.4,"47.5","98.1","2343","-1.9","-11.6","16.7","16.9","1.2","14.6","89.4","2620","6.9","-33.6","0.6","7.8","1.7",,,,,,,,,"27.5","83.8","2504","2.1","-54.8","-15.7","16","1.7","10","98.9","2291","-11.7","-15.2","12.7","17.4","1.5","0.4","95.3","2593","2","-23.9","6.1","6.5","1.4",,,,,,,,,,,,,,,,,,,,,,,,,,,,,,,,,,,,,,,,,,,,,,,,
"Kay, Anthony",641743,2026,31,18.1,8.3,43.5,23.3,44.6,22.2,7.8,"L",35.2,"22.6","95.8","2339","7.4","-14.8","15.1","16.9","1.2","5.9","86.3","2554","-3.9","-40.9","-4.2","6.3","1.6","14","86.1","1715","13.9","-36.8","0.2","14.1","1.4",,,,,,,,,"17.8","95.2","2250","16.2","-25.1","5.3","17.2","1.4","16.9","91.5","2383","-1.4","-26","6.6","7.1","1.5",,,,,,,,,,,,,,,,,"22.8","82.8","2436","-13","-40","0.1","13.3","1.4",,,,,,,,,,,,,,,,,,,,,,,,
"Early, Connelly",813349,2026,24,23.8,8.7,46.5,23.7,44.1,30.3,5.9,"L",30.3,"35.1","94","2336","10.5","-15.2","16","19.3","1.4","8","87.1","2303","-0.3","-29.9","6.1","6.4","1.6","18.3","83.7","1269","10.8","-41.5","-2.4","11.6","1.6","10.9","80","2405","-9.8","-52.3","-9.4","13.8","2","19.9","92.4","2167","17.7","-24.4","7.8","19.4","1.3",,,,,,,,,,,,,,,,,,,,,,,,,"7.9","82.5","2415","-13.9","-42.5","-2","14.2","1.8",,,,,,,,,,,,,,,,,,,,,,,,
"Phillips, Tyler",663969,2026,28,17.5,9.7,46.5,25.7,45.8,27.1,2.8,"R",32.6,"8.8","96.2","2201","-8.7","-15.3","14.3","16.9","1","1.1","88.4","2238","-0.2","-31.6","3.2","3.9","1.4",,,,,,,,,"16.7","83.5","2566","5.3","-51","-11.6","12.9","1.3","25.7","95.7","2064","-17.1","-21.6","8.4","19.2","1",,,,,,,,,"23.9","87.2","1251","-12","-34","2","12.5","1.1",,,,,,,,,"23.9","84.2","2491","12","-37.5","1.2","12.6","1.2",,,,,,,,,,,,,,,,,,,,,,,,
"Martin, Riley",702303,2026,28,31.3,9.4,62.7,20.3,36.8,31.6,15.8,"L",50.3,"55.1","94.5","2409","4.7","-13","17.8","18.5","1.2","15.3","89.4","2474","-2.4","-30","4.2","5.2","1.3",,,,,,,,,"29.7","85.5","2541","-3.5","-49.3","-11.7","12.4","1.4",,,,,,,,,,,,,,,,,,,,,,,,,,,,,,,,,,,,,,,,,,,,,,,,,,,,,,,,,,,,,,,,
"Soroka, Michael",647336,2026,28,23.6,5.7,48.4,22.1,38.3,28.4,8.6,"R",26.7,"32.3","93.6","2518","-8.2","-17.2","14","16.3","1.2",,,,,,,,,"12.4","85.9","2198","-16.6","-33.9","3.3","17.3","1.2",,,,,,,,,"10.2","93.3","2351","-16.4","-25.8","5.7","17.5","1.2","11.6","89","2616","1.4","-27","7.4","7.8","1.2",,,,,,,,,,,,,,,,,"0.7","83","2901","16","-36.9","2.9","16.4","1.4","32.6","80.6","2911","11.7","-50.4","-8.2","14.5","1.6",,,,,,,,,,,,,,,,
"Brogdon, Connor",641401,2026,31,20.9,4.5,44.9,26.7,40,36,8,"R",32.8,"48.3","94.5","2320","-9.6","-13.8","17.1","19.7","1.2",,,,,,,,,"39","83.9","1985","-15.7","-31.2","8.1","17.9","1.5","2.6","78.8","2481","16.8","-47.6","-2.9","17.6","1.4",,,,,,,,,"10.1","87.1","2425","4.3","-27.9","8.4","10.8","1.9",,,,,,,,,,,,,,,,,,,,,,,,,,,,,,,,,,,,,,,,,,,,,,,,
"Rock, Joe",697812,2026,25,22.6,20.8,48.2,27.4,28.6,32.1,10.7,"L",18.9,"48.7","93.3","2340","12.6","-18.3","13.1","18.3","1.4","37.4","84.9","2539","-4.5","-40.6","-2.9","5.6","1.6","3.6","87.6","2048","17","-32.6","2.9","17.6","1.4",,,,,,,,,"10.3","93.7","2396","19.4","-26.1","5","20.1","1.4",,,,,,,,,,,,,,,,,,,,,,,,,,,,,,,,,,,,,,,,,,,,,,,,,,,,,,,,
"Burke, Sean",680732,2026,26,27.6,7.1,49.5,26.2,36,30.3,9.1,"R",40.7,"37.5","94.9","2584","-4.5","-11.8","18.6","19.3","1.8","16.8","86.6","2519","5.5","-32.7","3.6","7","1.7","2.2","86","1840","-13.4","-26.9","10","16.9","1.5","20.7","79.5","2452","4.8","-57.4","-13.8","14.9","1.9","14.6","94.7","2401","-13","-15.9","14.7","19.7","1.5","8.3","90.1","2637","3.7","-24","9.5","10.5","1.5",,,,,,,,,,,,,,,,,,,,,,,,,,,,,,,,,,,,,,,,,,,,,,,,
"Valdez, Framber",664285,2026,32,18.1,8.5,47.6,20.5,55,19.6,3.6,"L",42.4,"2.6","94.8","2172","6.1","-17.2","13","14.6","1.2","4.8","85.8","2426","-2.6","-36.9","0.1","3.6","1.8","18.5","89","1650","13.7","-32.1","2.4","14.3","1.6","29","78.4","2860","-12.8","-59.2","-14.4","19.3","1.4","45.1","93.8","2170","15.1","-25.3","5.8","16.3","1.4",,,,,,,,,,,,,,,,,,,,,,,,,,,,,,,,,,,,,,,,,,,,,,,,,,,,,,,,
"Juenger, Hayden",696522,2026,25,9.8,9.8,46.3,16.2,25,22.9,14.6,"R",37.3,"34.9","94.6","2359","-11.6","-14.3","16.3","20.1","1.1","27.1","88","2354","4.6","-29","6","7.9","1.4","22.7","88.4","2316","-18.2","-29.9","5.1","18.9","1.1",,,,,,,,,,,,,,,,,"15.3","91.3","2349","-0.1","-21.4","11","11.2","1.3",,,,,,,,,,,,,,,,,,,,,,,,,,,,,,,,,,,,,,,,,,,,,,,,
"Lugo, Seth",607625,2026,36,18.2,8,52.1,18.5,41.6,30.8,4.6,"R",28.9,"15.7","91.7","2276","-8.7","-17.2","15.4","17.8","1.8","9","84.2","2665","5.1","-37.2","1.1","5.7","2","8.9","84.8","1718","-15.3","-34.8","3.2","15.9","1.7","18.3","75.9","3095","15.9","-59.9","-11.5","20.1","3.8","19.9","91.4","2346","-16.2","-24.8","7.9","18.2","1.6","16.2","89.8","2351","-0.5","-21.9","11.8","12","1.9",,,,,,,,,,,,,,,,,"10.4","79.1","2893","16.9","-43.9","0","17.1","2.3","1.6","77.3","2907","16.5","-52.2","-5.9","17.6","1.9",,,,,,,,,,,,,,,,
"Festa, Matt",670036,2026,33,24.2,6.8,49,27.3,35.6,23.3,13,"R",33.9,"47.4","92.5","2524","1","-20.1","11.7","11.9","1.3",,,,,,,,,,,,,,,,,,,,,,,,,"6.4","93.2","2401","-10","-21.1","10.5","14.7","1.4","6.5","91.1","2505","5.1","-25","7.8","9.5","1.4",,,,,,,,,,,,,,,,,"39.7","83.2","2693","16","-38.5","1.2","16.2","1.5",,,,,,,,,,,,,,,,,,,,,,,,
"Smith, Shane",681343,2026,26,22.4,18.4,44.4,26,44.4,22.2,3.7,"R",37.5,"32.9","95.3","2233","-7.5","-14.2","16.1","17.8","1.5","11.1","90.5","2134","3.1","-29.1","4.4","5.6","1.6","18.2","90.3","1594","-15.4","-34.6","-0.8","15.5","1.4","23.6","82.4","2123","3.9","-52.3","-11.6","12.5","1.6","14.2","96.4","2123","-17","-19.3","10.5","20.1","1.2",,,,,,,,,,,,,,,,,,,,,,,,,,,,,,,,,,,,,,,,,,,,,,,,,,,,,,,,
"Morales, Luis",806960,2026,23,14.4,15.6,43.1,18.5,38.7,21,12.9,"R",41.8,"45.7","97.2","2422","-8.6","-14.4","14.5","17","1.6","27.2","85.7","2824","9.5","-32","5.2","11.6","2.1","9","89.3","2011","-15.9","-25.4","9.1","18.5","1.7",,,,,,,,,"11.3","96.3","2399","-14.6","-17.8","11.9","18.9","1.3",,,,,,,,,,,,,,,,,,,,,,,,,"6.9","81.4","2909","19.1","-43.8","-2.1","20","1.6",,,,,,,,,,,,,,,,,,,,,,,,
"McDonald, Trevor",686790,2026,25,18.4,7.4,48.3,21.3,54.4,17.5,4.1,"R",27.2,"1","94","2249","-11.2","-21","9.7","15.1","1.4","25.9","85.8","2743","10","-41.1","-4","11.1","1.5","14.7","83.8","1614","-13.3","-37.5","1.3","13.6","1.9",,,,,,,,,"57.6","93.4","2279","-16.4","-30.1","1.1","16.6","1.3","0.8","90.3","2424","-3.8","-26.7","6.5","7.7","1.5",,,,,,,,,,,,,,,,,,,,,,,,,,,,,,,,,,,,,,,,,,,,,,,,
"Dobbins, Hunter",690928,2026,26,22,8.9,47.5,22.6,44.6,26.2,4.6,"R",44.7,"32.1","94.9","2377","0","-17.2","13","13.3","1.7","17.2","87.9","2647","5.6","-32.6","2.6","6.7","1.8",,,,,,,,,"10.7","79.4","2583","6.8","-54","-10.7","12.8","1.5","12.7","94.7","2208","-11.6","-20.9","9.6","15.3","1.6",,,,,,,,,"12.1","88.2","2171","-13.5","-30.2","4.9","14.6","1.7",,,,,,,,,"15.3","82.1","2745","15.7","-40.4","0.3","16","1.6",,,,,,,,,,,,,,,,,,,,,,,,
"Woods Richardson, Simeon",680573,2026,25,11.9,11.9,47.9,18.2,39.5,28.6,9.5,"R",47.3,"43.7","92.6","2206","-5.9","-13.7","18.4","19.4","1.5","23.5","86","2205","3.9","-30.7","6.2","7.7","1.6",,,,,,,,,"8.1","76.6","2583","7.1","-60.4","-13.4","15.4","1.6","0.1","91.7","2164","-10.6","-14.6","18","20.9",,,,,,,,,,"24.6","86.7","1143","-11.6","-29.5","7","14.1","1.5",,,,,,,,,,,,,,,,,,,,,,,,,,,,,,,,,,,,,,,,
"Warren, Will",701542,2026,27,22.6,7.9,46.1,22.2,44.4,23.2,6.2,"R",29.2,"37","93.6","2540","-7.6","-16.1","15.2","17.1","1.3",,,,,,,,,"12.1","87","1685","-14.6","-35.9","0.4","14.8","1.4","5.1","81.2","2831","11.8","-53.2","-11.5","16.6","1.4","26.8","93.3","2399","-16.5","-25.9","5.8","17.6","1.4",,,,,,,,,,,,,,,,,,,,,,,,,"19","84.1","3006","17.3","-38.9","0.2","17.5","1.5",,,,,,,,,,,,,,,,,,,,,,,,
"Yesavage, Trey",702056,2026,22,23.6,11.9,43.8,30,35.6,28.7,10.5,"R",65.8,"46.6","94.3","2251","-4.2","-11.3","19.5","20","1","24.6","87.6","2262","-3.4","-30.3","5.2","6.5","1.4",,,,,,,,,,,,,,,,,,,,,,,,,,,,,,,,,"28.8","82.9","1394","-11.6","-32.9","6.8","13.6","1.4",,,,,,,,,,,,,,,,,,,,,,,,,,,,,,,,,,,,,,,,
"Wilson, Bryse",669060,2026,28,17.7,1.8,57.9,16.6,37.1,22.5,6.7,"R",42.9,"19","93.3","2131","-6","-16.1","15.3","16.5","1.2",,,,,,,,,"10.2","85.3","1351","-12.4","-33.5","4.1","13.5","1.3","6.5","80.9","2406","15.2","-46","-4.1","16.1","1.4","29.9","92.4","2101","-15.1","-22.5","9.5","18","1.1","34.4","88.1","1986","2.8","-28.1","6.9","7.8","1.4",,,,,,,,,,,,,,,,,,,,,,,,,,,,,,,,,,,,,,,,,,,,,,,,
"Sandlin, David",689818,2026,25,22.6,11.3,45.7,22.8,43.5,24.6,2.9,"R",43.5,"36.9","96.6","2286","-5.7","-13.8","15.6","16.7","1.7",,,,,,,,,"6.6","91.3","1226","-8.9","-25.4","7.4","12.5","1.5","26.2","83","2560","4.6","-47.7","-8","9.6","1.5","8.8","94.9","2130","-14","-18.3","12","18.6","1.5","16.6","90.7","2341","3.6","-26.8","6.3","7.9","1.8",,,,,,,,,,,,,,,,,"4.9","85.7","2720","12.3","-38.3","-0.9","13","1.6",,,,,,,,,,,,,,,,,,,,,,,,
"Baker, Bryan",641329,2026,31,28.8,8.5,49,28.5,40,26.4,10,"R",54.8,"51.6","96.7","2301","-4","-10.1","19.4","19.9","1.3","3.6","87.7","2433","7.1","-34.2","1.3","7.6","1.4","44.9","85.3","1855","-15.1","-29.1","8.6","17.4","2.1",,,,,,,,,,,,,,,,,,,,,,,,,,,,,,,,,,,,,,,,,,,,,,,,,,,,,,,,,,,,,,,,,,,,,,,,
"Wacha, Michael",608379,2026,34,19.1,6.7,50.2,21.1,39,29.2,7.8,"R",53.2,"27.1","93.1","2153","-5.5","-13.5","18.1","19","1.3","8.6","84.9","2027","3","-34.1","3.6","5.7","1.4","24.7","80.6","1534","-13","-34.8","7.4","15.9","1.3","10.1","76","2295","12","-59.6","-11.9","17","1.3","14.7","93.2","2062","-11.9","-15.9","15.6","19.8","1.4","14.8","89.3","2151","1.6","-23.8","10.2","10.6","1.4",,,,,,,,,,,,,,,,,,,,,,,,,,,,,,,,,,,,,,,,,,,,,,,,
"Doval, Camilo",666808,2026,28,22.7,11.1,45.6,26.3,55.8,20.9,6.2,"R",18.6,,,,,,,,,"28","88.9","2683","6","-37.8","-3.2","7.3","1.6","3.1","94.5","1791","-13.5","-27.8","2.9","14.5","1.4",,,,,,,,,"40.1","98.5","2534","-9.6","-24.6","3.5","10.6","1.8","28.8","98.8","2562","-4.7","-17","10.9","12.2","1.8",,,,,,,,,,,,,,,,,,,,,,,,,,,,,,,,,,,,,,,,,,,,,,,,
"Gilbert, Tyler",656457,2026,32,13.6,18.2,48.9,16.7,40,33.3,0,"L",12,"7.4","91.7","2173","8.9","-21.5","11.1","14.3","1.4",,,,,,,,,,,,,,,,,,,,,,,,,"36.2","90.2","2017","17.2","-29.9","3.8","17.8","1.4","18.1","87.2","2242","-1.1","-28.8","7","7.6","1.6","2.1","83.3","1502","15.8","-31.2","7.8","17.7","1.4",,,,,,,,,"36.2","80","2493","-11.3","-42.5","0.6","11.7","1.6",,,,,,,,,,,,,,,,,,,,,,,,
"Ullola, Miguel",699044,2026,24,35,5,51.9,29.7,16.7,50,0,"R",46.5,"74","95.3","2554","-4.5","-10.7","19.4","20.1","1.2","20.8","86.2","2289","7","-32.2","4.6","8.7","1.4","1.3","88.4","1691","-13.6","-28.3","6.7","15.2",,"3.9","83.2","2085","2.7","-46.7","-7.2","7.8","1.5",,,,,,,,,,,,,,,,,,,,,,,,,,,,,,,,,,,,,,,,,,,,,,,,,,,,,,,,,,,,,,,,
"Núñez, Dedniel",673380,2026,30,17.6,0,60,25.9,28.6,35.7,0,"R",36.3,"62.2","96.2","2366","-5.7","-14.5","15","16.1","1.5","37.8","88.7","2447","1.2","-32.8","1.8","2.8","1.5",,,,,,,,,,,,,,,,,,,,,,,,,,,,,,,,,,,,,,,,,,,,,,,,,,,,,,,,,,,,,,,,,,,,,,,,,,,,,,,,
"Abbott, Andrew",671096,2026,27,17.8,11,46.7,22.8,42.7,25.7,9.2,"L",51,"45.3","92.5","2342","6.8","-15.4","16.7","18.1","1",,,,,,,,,"18.7","85.9","1992","14.6","-28","9.1","17.3","1.2","13.3","79.7","2807","-9","-49.8","-6.8","11.6","1.1",,,,,,,,,"2","88.7","2611","-4.1","-27.1","7.4","8.6","1.3",,,,,,,,,,,,,,,,,"20.6","82.1","2855","-14","-41.8","-1","14.4","1.3",,,,,,,,,,,,,,,,,,,,,,,,
"Booser, Cam",592155,2026,34,34,5.2,52.6,27.8,25.4,37.3,20.3,"L",33.2,"45","95.7","1949","8.6","-14.4","15.6","17.9","1.2",,,,,,,,,"1.9","87.8","1533","15.8","-31.8","3.8","16.5","1.5",,,,,,,,,,,,,,,,,"43.1","87.9","2093","-3.4","-32","3.4","5.2","1.5",,,,,,,,,,,,,,,,,"10","81.3","2064","-13.6","-44.9","-3.3","14.3","1.4",,,,,,,,,,,,,,,,,,,,,,,,
"Thornton, Zac",804267,2026,24,16.4,7.3,48.9,18.9,41,29.1,5.2,"L",50.4,"25.1","91.9","2291","6.1","-14.7","17.7","18.9","1.5","15.2","84.7","2390","-4.8","-35.4","2.5","6.2","1.6","3.6","83.9","1764","14.2","-28.6","10.3","17.7","1.4","2.2","75.5","2434","-6.9","-57.4","-9.2","11.7","1.6","10.8","92.2","2306","14.6","-19.8","12.5","19.3","1.4","29.2","88.5","2404","-3.9","-26.3","8.4","9.4","1.3",,,,,,,,,,,,,,,,,"13.9","79.8","2473","-12.2","-42.5","0.7","12.9","1.8",,,,,,,,,,,,,,,,,,,,,,,,
"Cease, Dylan",656302,2026,30,36.1,10.6,42.6,34.9,44.4,22.2,10,"R",53.1,"36.8","97.3","2469","-3.2","-10.5","18.5","18.8","1.6","29.6","89","2712","1.4","-31","3.4","4.2","1.5","11.4","82.3","1759","-8.5","-24.8","15.7","18","3.5","9.5","82.3","2689","2.5","-54.2","-13.7","14","1.9","8.5","96.1","2394","-11.3","-15.9","13.8","18","1.5",,,,,,,,,,,,,,,,,,,,,,,,,"4.2","83.6","2838","11.6","-48.4","-8.9","14.9","1.8",,,,,,,,,,,,,,,,,,,,,,,,
"Sheehan, Emmet",686218,2026,26,26.2,7.3,45.1,30.8,35,30.5,10.9,"R",32.8,"42.8","94.4","2441","-8.9","-12.3","18.4","20.5","1.4","30","86.6","2382","2.5","-33.5","2.8","4.4","1.3","16.3","85.6","1281","-14","-37.5","-0.3","14.3","1.5","11","77.5","2617","9.9","-59.2","-13.3","16.7","2.3",,,,,,,,,,,,,,,,,,,,,,,,,,,,,,,,,,,,,,,,,,,,,,,,,,,,,,,,,,,,,,,,
"Shook, TJ",669298,2026,28,22.2,3.7,51,23.5,35,30,0,"R",31.9,"45","92.1","2128","-10.8","-18.6","13.3","17.2","1.3",,,,,,,,,"20","85.7","1716","-14.1","-34.4","2.7","14.7","1.4",,,,,,,,,,,,,,,,,"11","88.4","2246","2.3","-25.6","8.8","9.4","1.4",,,,,,,,,,,,,,,,,"24","81.6","2271","14.1","-38.7","2.2","14.7","1.3",,,,,,,,,,,,,,,,,,,,,,,,
"Gastelum, Luis",703725,2026,24,22.4,9,44.4,32.8,42.2,24.4,11.1,"R",24.6,"33.3","94.2","2577","-10.5","-15.7","15.1","18.5","1.2",,,,,,,,,"36.5","81.6","1548","-12","-44.5","-3.5","12.9","1.3",,,,,,,,,"9.9","93.2","2384","-15.9","-24.8","6.7","17.3","1.2",,,,,,,,,,,,,,,,,,,,,,,,,"20.2","84.6","2431","13.6","-39","-0.9","13.8","1.6",,,,,,,,,,,,,,,,,,,,,,,,
"Roa, Christian",685005,2026,27,14,16.3,47.8,24.7,33.3,25.9,14.8,"R",36.4,"25.3","96","2162","-9","-15.8","13.9","16.7","1.5","34.8","87.4","2402","7","-34.5","1.2","7.7","1.8","7.9","88.4","1890","-13.9","-32.6","2.5","14.2","1.7",,,,,,,,,"32","95.7","2043","-14.6","-19.9","10","17.7","1.5",,,,,,,,,,,,,,,,,,,,,,,,,,,,,,,,,,,,,,,,,,,,,,,,,,,,,,,,
"Sale, Chris",519242,2026,37,30.6,5.7,49.5,30.7,45.2,23.6,6.2,"L",10.7,"40.8","96.1","2337","14.6","-19.9","9.8","17.7","1.9","39.4","79.5","2510","-12.5","-47.8","-4.3","13.4","2.3","11.3","88.4","1848","16.3","-35.3","-0.3","16.4","2.2",,,,,,,,,"8.5","95.6","2196","18","-27.7","2.3","18.3","1.8",,,,,,,,,,,,,,,,,,,,,,,,,,,,,,,,,,,,,,,,,,,,,,,,,,,,,,,,
"Johnson, Seth",686751,2026,27,24.8,16.8,46.8,28.9,36.2,19,8.6,"R",45.3,"47.8","97.9","2387","-7.8","-11.3","17.2","19","1.1","34.5","88.1","2560","5.2","-33.4","1.6","5.8","1.3",,,,,,,,,"6.1","82.3","2736","14.4","-44.6","-4","15.6","1.6","7.8","95.9","2171","-14","-19.9","9.7","17.1","1.4",,,,,,,,,"1","90.5","1564","-9.5","-27.9","5.5","11.7","1.4",,,,,,,,,"2.9","84.9","2731","12","-31.2","6.5","13.9","1.4",,,,,,,,,,,,,,,,,,,,,,,,
"Burke, Brock",656271,2026,29,22.5,12.7,47.8,28.4,41.3,31,7.1,"L",43.6,"40.8","96.2","2319","8.6","-14.3","15.3","17.7","1.5","28.8","86.4","2260","0.2","-32.3","4.4","4.7","1.5","17","87.4","2104","14.9","-28.6","7.3","16.8","1.3",,,,,,,,,"13.3","93.5","2158","14.1","-19.9","11.4","18.2","1.3",,,,,,,,,,,,,,,,,,,,,,,,,,,,,,,,,,,,,,,,,,,,,,,,,,,,,,,,
"Gonzales, Marco",594835,2026,34,10.7,14.3,47.9,17.6,33.3,28.6,9.5,"L",37.1,"32.5","89.9","2056","11.9","-17.7","16.2","20.1","1.2",,,,,,,,,"21.4","81","2019","17.3","-35.2","6.8","18.8","1.3","4.3","80.4","2166","-0.3","-48.1","-5.9","6.6","1.4","4.3","89.9","2019","14.8","-22","12","19.1","1.4","17.1","87.1","2102","1.5","-26.2","9.7","10","1.3",,,,,,,,,,,,,,,,,,,,,,,,,"20.5","81.1","2228","-10.4","-51.9","-10","14.8","1.2",,,,,,,,,,,,,,,,
"Leiter, Jack",683004,2026,26,23.4,9.9,48,25.4,37.3,31.3,6.9,"R",46.3,"38.5","96.7","2435","-8.1","-12","17.4","19.3","1.2","18.3","86.5","2639","3.3","-37.2","-0.9","4.2","1.4","17.4","90","1560","-12.7","-29.7","4.3","14","1.8","8.7","81.9","2754","4.3","-53.4","-12.4","13.3","1.7","7.3","95.7","2387","-14.2","-16","13.9","19.9","1.3","9.8","93","2456","1","-20.3","11.2","11.5","1.4",,,,,,,,,,,,,,,,,,,,,,,,,,,,,,,,,,,,,,,,,,,,,,,,
"Aldegheri, Sam",691951,2026,24,14.6,11.3,46.1,20.4,37.8,31.5,9.9,"L",41.4,"47.2","92.1","2198","5.5","-16.5","16","17","1.1","4.6","81.6","2148","-2","-45","-3.8","4.8","1.3","31","80.2","1882","13.5","-33.4","9.3","16.6","1.4","7.5","74.8","2005","-11.9","-57.8","-8.4","14.9","1.3",,,,,,,,,"9.7","86.6","2203","-1.2","-30.7","5.8","7","1.7",,,,,,,,,,,,,,,,,,,,,,,,,,,,,,,,,,,,,,,,,,,,,,,,
"Peterson, David",656849,2026,30,18.7,9.1,46.8,21.3,50.3,21.1,3.3,"L",40.3,"24.2","92.4","2156","2.3","-19.9","12","12.4","1.2","22.7","86.2","2274","-2.5","-34.1","2.5","3.9","1.4","12.5","85.6","1585","13.5","-33.8","3.5","14.2","1.5","10.4","80.6","2415","-6.2","-49.6","-7.5","10","1.9","30.2","92","2121","13.5","-24.3","8.1","16","1.6",,,,,,,,,,,,,,,,,,,,,,,,,,,,,,,,,,,,,,,,,,,,,,,,,,,,,,,,
"Rom, Drew",680723,2026,26,40,13.3,52.4,37.7,28.6,28.6,7.1,"L",46.8,"61.9","92.2","2279","4.7","-16","15.8","16.6","1.1",,,,,,,,,,,,,,,,,,,,,,,,,"18.3","92.7","2260","11.6","-20.5","11.1","16.2","1.3",,,,,,,,,"4.8","88","1524","9.3","-31.9","3","9.9","1.5",,,,,,,,,"15.1","82.3","2428","-8","-47.7","-7.5","11.5","1.4",,,,,,,,,,,,,,,,,,,,,,,,
"Ashcraft, Braxton",677952,2026,26,26.6,5.9,50.8,26.2,45.3,26,7.5,"R",38,"31.8","97.2","2352","-9.4","-13.5","15.4","18.1","1.1","23.2","91.7","2590","1","-27.8","4.5","5","1.5",,,,,,,,,"26.3","84.9","2726","6.6","-48.1","-10.3","12.5","1.3","13.9","96.9","2317","-16","-22.1","7.1","17.6","1.2",,,,,,,,,"4.9","91.8","1905","-14.8","-26.6","5.8","16","1.4",,,,,,,,,,,,,,,,,,,,,,,,,,,,,,,,,,,,,,,,
"Snelling, Robby",702281,2026,22,9.1,18.2,47.7,28.6,50,12.5,6.3,"L",39.4,"32.6","95.3","2517","5.2","-11.7","18.7","19.5","1.3","9.3","84.7","2192","-0.6","-39.5","-1.1","2.4","1.5","16.3","89.4","1650","15.3","-29.9","4.6","16.3","1.5","33.7","83.4","2599","-10.8","-46.9","-7.4","13.4","1.3","8.1","93.3","2234","15.1","-20.2","11.4","19.1","1.4",,,,,,,,,,,,,,,,,,,,,,,,,,,,,,,,,,,,,,,,,,,,,,,,,,,,,,,,
"Casparius, Ben",676508,2026,27,17.4,17.4,38.4,35,26.7,53.3,0,"R",49.2,"41.4","95.8","2477","-2.8","-11.5","18.4","18.6","1.3",,,,,,,,,"2","90.9","1832","-14.9","-31.7","1.5","15","1.5","16.2","81","3073","8.9","-57.6","-15.6","18.1","1.5",,,,,,,,,"13.1","93","2722","4.5","-20.7","10.7","11.9","1.4",,,,,,,,,,,,,,,,,"27.3","87.1","3084","11","-33.8","2.2","11.8","1.5",,,,,,,,,,,,,,,,,,,,,,,,
"Miller, Erik",669062,2026,28,32.9,14.3,40.8,36.2,54.9,13.4,8.5,"L",39.3,"8.2","96.8","2336","9.1","-13.8","15.3","17.9","1.2","41","85.9","2563","-3.8","-37.7","-0.4","5","1.4","4.9","87.7","1872","16.1","-31.8","3.8","16.6","1.3",,,,,,,,,"45.9","96.9","2341","17.3","-20.4","8.7","19.4","1.1",,,,,,,,,,,,,,,,,,,,,,,,,,,,,,,,,,,,,,,,,,,,,,,,,,,,,,,,
"Kirby, George",669923,2026,28,20.6,5.2,49.8,22.2,45.5,26,7.2,"R",33.5,"29.2","96.6","2260","-9.2","-16","13.4","16.4","1.1",,,,,,,,,"7.3","88.7","1544","-14.1","-30.2","4.6","15.1","1.3","9.3","83.9","2370","9.3","-52.5","-13.4","16.4","1.2","21.1","96.9","2310","-16.5","-21.1","8.1","18.5","1.1","3.2","93.2","2333","-0.9","-21.2","10.2","10.4","1.4","0.2","87.3","935","-8.9","-29.5","6.3","11.2","1.5",,,,,,,,,"29.6","87.3","2374","11.2","-39.2","-3.2","12","1.4",,,,,,,,,,,,,,,,,,,,,,,,
"Devenski, Chris",606965,2026,35,25,0,48.7,21.1,44.4,11.1,11.1,"R",37.9,"38.5","93.1","2289","-11.5","-15.1","16.5","20.2","1.2",,,,,,,,,"46.2","82.1","1596","-15.3","-38.6","2","15.5","1.3",,,,,,,,,"5.1","92.3","2246","-15.7","-20.3","11.8","19.7","1.5",,,,,,,,,,,,,,,,,,,,,,,,,"10.3","79.1","2293","13.9","-40.8","2.8","14.5","1.4",,,,,,,,,,,,,,,,,,,,,,,,
"Burgos, Juan",686228,2026,26,0,0,50,13.6,54.5,9.1,27.3,"R",26.2,,,,,,,,,,,,,,,,,,,,,,,,,,,,,,,,,"42.1","96.3","2416","-15.4","-28.6","1.2","15.6","1.3","36.8","91.4","2574","2.5","-27.5","5.4","6.8","1.3",,,,,,,,,,,,,,,,,"21.1","86.7","2750","12.6","-31.9","4.7","13.7","1.4",,,,,,,,,,,,,,,,,,,,,,,,
"Giolito, Lucas",608337,2026,31,13,16.7,46.5,24,31.3,24,11.5,"R",54.8,"41.6","90.8","2144","-6.6","-15.4","17.9","19.1","1.4","17.1","83.2","1828","3.1","-34.2","5.3","6.3","1.4","34.7","79","1541","-11.6","-30","13.8","18.2","1.3","6.7","76.9","2226","3.3","-59.7","-13.1","13.8","1.4",,,,,,,,,,,,,,,,,,,,,,,,,,,,,,,,,,,,,,,,,,,,,,,,,,,,,,,,,,,,,,,,
"Thornton, Trent",663423,2026,32,13.1,10.3,47.8,20.9,50,23.6,8.2,"R",46.1,"35.6","95","2409","-4","-14","16.3","16.9","1.2",,,,,,,,,,,,,,,,,"16.1","81.7","3056","6.8","-52.7","-11.7","13.7","1.3","8.2","94.2","2268","-11.6","-22.3","8.3","14.4","1.4","22.7","90.8","2713","3.6","-26.9","6","7.6","1.4",,,,,,,,,,,,,,,,,"17.4","81.3","2876","15.5","-41.7","-0.2","15.6","1.3",,,,,,,,,,,,,,,,,,,,,,,,
"Hall, DL",669084,2026,27,23.9,18.3,45.3,28,48.1,21,11.1,"L",44.1,"13.2","94.8","2169","7.7","-15.7","14.9","16.9","1.3","7.2","86.4","2473","-6.9","-38","-1.4","7.2","1.3","17.7","85.3","2115","15.5","-29.9","8","17.6","1.5","14.5","81","2708","-10.4","-54.4","-12.4","16.3","1.7","37.5","95","2143","15.9","-20.1","10.4","19","1.4","0.5","90.7","2331","-1.3","-25","8.4","8.6","1.5",,,,,,,,,,,,,,,,,"9.5","84.3","2646","-16.9","-37.9","0.9","17.1","1.7",,,,,,,,,,,,,,,,,,,,,,,,
"Muñoz, Rolddy",691548,2026,26,25,8.3,49,33.3,75,25,0,"R",31.1,"6.1","96.4","2059","-13.6","-22","7.4","15.6","1.5","57.1","88.2","2452","0.8","-35.6","-0.6","2.4","1.4","6.1","88.7","1728","-15.8","-29.1","5.6","16.8","1.4",,,,,,,,,"30.6","95.6","2074","-16.6","-23.3","6.6","17.9","1.3",,,,,,,,,,,,,,,,,,,,,,,,,,,,,,,,,,,,,,,,,,,,,,,,,,,,,,,,
"Hartlieb, Geoff",664129,2026,32,9.4,14.1,46.1,24.5,34.7,34.7,4.1,"R",42.5,"35.9","95.2","2293","-6.1","-15.3","14.8","16.2","1.3","30.4","84.5","2461","3.2","-38.6","-0.1","4","1.3",,,,,,,,,,,,,,,,,"15.7","93.6","2283","-12.7","-24","7","14.6","1.2","18","91.4","2463","0.4","-22.3","10.2","10.4","1.5",,,,,,,,,,,,,,,,,,,,,,,,,,,,,,,,,,,,,,,,,,,,,,,,
"deGrom, Jacob",594798,2026,38,29.6,6.2,46.3,33.3,35.6,28.5,8,"R",34.5,"42.3","97.3","2470","-8.3","-12.2","16.8","18.8","1.2","36.7","91.2","2650","4.7","-29.6","3.2","6","1.4","12.5","89.8","1602","-13.2","-31.4","2.5","13.8","1.4","6.4","80.6","2747","12.3","-47.1","-5.1","13.6","1.9","2.2","96.5","2324","-14.8","-17.7","11.7","19","1.4",,,,,,,,,,,,,,,,,,,,,,,,,,,,,,,,,,,,,,,,,,,,,,,,,,,,,,,,
"Hernández, Elieser",622694,2026,31,21.4,14.3,45.5,28.8,38.9,33.3,22.2,"R",37.2,"36.4","91.4","2257","-7.8","-15.6","17.2","19","1.8","10.9","77.4","2105","5.2","-34.5","11","12.5","1.5","34.5","83.5","2115","-16.6","-29.6","9.7","19.3","2",,,,,,,,,,,,,,,,,"18.2","82.2","2198","4.3","-27.3","13.2","14.8","1.9",,,,,,,,,,,,,,,,,,,,,,,,,,,,,,,,,,,,,,,,,,,,,,,,
"Ferrer, José A.",678606,2026,26,19,6.5,53.9,20.3,55.1,25,3.2,"L",32.3,"0.1","95.7","2272","18.3","-22.7","7.4","19.7",,"12","88","2453","-2.8","-35.3","0","3.5","1.5","17.2","87.1","2281","19","-31.8","4.6","19.7","1.5",,,,,,,,,"70.7","97.4","2133","18.5","-22.9","6.1","19.6","1.3",,,,,,,,,,,,,,,,,,,,,,,,,,,,,,,,,,,,,,,,,,,,,,,,,,,,,,,,
"Pallante, Andre",669467,2026,27,17.1,7.4,48.5,21.4,56.1,17.5,4.7,"R",56.9,"32","95.2","2211","-0.6","-18.2","11.9","12.1","1.2","29.6","87.7","2309","4.8","-34.6","0.8","5.4","1.8",,,,,,,,,"17.6","78.5","2762","5","-61","-16.2","17.1","2","18","95.4","2100","-11.5","-16.1","13.9","18.2","1.2",,,,,,,,,"2.7","88.4","987","-8.5","-28.8","6.2","12","1.9",,,,,,,,,,,,,,,,,,,,,,,,,,,,,,,,,,,,,,,,
"Santos, Gregory",666619,2026,26,4.5,13.6,59.3,8.1,50,16.7,5.6,"R",28.9,"12.8","96.1","2421","-3.1","-18.5","10.9","11.8","1.6","51.2","89.1","2497","6.6","-32.5","1.8","7.3","1.7","2.3","93.7","2007","-13.9","-28.1","2.7","14.2","1.4",,,,,,,,,"33.7","97.2","2306","-10.7","-22.1","6.9","13.1","1.5",,,,,,,,,,,,,,,,,,,,,,,,,,,,,,,,,,,,,,,,,,,,,,,,,,,,,,,,
"Espino, Daniel",682982,2026,25,44.4,14.8,42.5,43.4,27.3,36.4,0,"R",42.7,"65","98.9","2433","-6.7","-11","17.2","18.5","1.3","24.2","91.3","2349","3.5","-29.4","3.3","5.1","1.3",,,,,,,,,"10.8","75.4","2542","10.2","-65.2","-16.3","19.3","1.4",,,,,,,,,,,,,,,,,,,,,,,,,,,,,,,,,,,,,,,,,,,,,,,,,,,,,,,,,,,,,,,,
"Van Eyk, CJ",669310,2026,27,3.2,3.2,40.6,12.9,50,28.6,3.6,"R",30.1,"10.2","94","2098","-7.4","-18.7","12.4","14.5","1.4",,,,,,,,,"22.7","83.8","1986","-18.1","-34.7","4.5","18.7","1.6","22.7","81.5","2199","7.1","-52.3","-11.1","13.3","1.7","14.8","92.7","1863","-14.3","-26.1","5.7","15.6","1.5","22.7","89","2171","1.8","-26.9","7.4","7.8","1.5",,,,,,,,,,,,,,,,,"7","81.9","2259","16.7","-44.2","-3.4","17.3","1.4",,,,,,,,,,,,,,,,,,,,,,,,
"Morejon, Adrian",670970,2026,27,29.9,6.7,49.5,34.3,61.4,13.3,3.6,"L",41.2,"14.6","99.3","2451","5.7","-12.7","15.1","16.3","1.1","17.5","89.3","2893","-5.7","-34.8","-0.5","6.1","1.6","22.5","92","1058","11.1","-33.4","-1","11.7","0.9",,,,,,,,,"45.4","99.5","2407","15.9","-18.7","9.2","18.4","1",,,,,,,,,,,,,,,,,,,,,,,,,,,,,,,,,,,,,,,,,,,,,,,,,,,,,,,,
"Murphy, Owen",702566,2026,22,20.7,6.9,56.9,17.1,20,25,10,"R",42.5,"56","93.6","2438","-6.5","-12.8","18.5","19.7","1.3","11.2","87.5","2473","3.7","-29.1","6.2","7.4","1.4","20.7","86.1","1338","-10.8","-32.7","3.8","11.7","1.3","10.3","79.7","2753","8.1","-54.1","-10.9","13.7","1.4","1.7","92.6","2501","-12.1","-18.4","13.4","18.3","1.5",,,,,,,,,,,,,,,,,,,,,,,,,,,,,,,,,,,,,,,,,,,,,,,,,,,,,,,,
"Palmquist, Carson",687223,2026,25,19.2,10.3,45,22.5,36.5,28.8,7.7,"L",16.1,"15.7","91.2","2163","11.6","-21","11.7","16.5","1.2",,,,,,,,,,,,,,,,,,,,,,,,,"32.6","90.6","2159","16.5","-28.6","4.7","17.3","1.3","9.9","82","1956","-2.5","-35.7","4.9","5.7","1.4",,,,,,,,,,,,,,,,,"41.9","73.9","1993","-12.6","-49.1","1","13.1","1.3",,,,,,,,,,,,,,,,,,,,,,,,
"Schuemann, Max",680474,2026,29,0,20,14.3,0,25,50,0,"R",39.5,,,,,,,,,"35.7","48.1","1239","-2.4","-104.4","19.3","19.7","1.5",,,,,,,,,"64.3","47.3","1269","-0.6","-116.2","12.2","12.7","1.9",,,,,,,,,,,,,,,,,,,,,,,,,,,,,,,,,,,,,,,,,,,,,,,,,,,,,,,,,,,,,,,,
"Strider, Spencer",675911,2026,27,27.9,12.1,45,30.7,29.6,37.8,10.2,"R",45.1,"47.6","95.1","2338","-8.9","-12.8","17.4","19.6","1.6","27.6","84","2188","4.2","-33.8","4.8","6.6","1.5","10.3","85.5","2096","-15.5","-29.1","8.1","17.6","1.5","14.5","78","2645","6.4","-51.4","-6.9","9.5","1.7",,,,,,,,,,,,,,,,,,,,,,,,,,,,,,,,,,,,,,,,,,,,,,,,,,,,,,,,,,,,,,,,
"Zeferjahn, Ryan",666171,2026,28,32.9,13.3,44.2,33.9,40.3,25.2,12.6,"R",36.3,"34.3","97.4","2277","-3.1","-13","16","16.4","1.3","10.7","88.6","2533","6.5","-34.9","-0.1","7","1.7",,,,,,,,,"2.7","84.3","2725","10.4","-46.2","-7.4","13.4","2","15","96.1","2034","-13.8","-21.2","8.5","16.4","1.3",,,,,,,,,,,,,,,,,,,,,,,,,"37.2","85.2","2680","14.9","-32.8","5.1","16.1","1.7",,,,,,,,,,,,,,,,,,,,,,,,
"Yoho, Craig",684974,2026,26,20.4,12.2,46.2,28.1,39.7,30.2,4.8,"R",18.6,"18","94","2445","-15.8","-20.2","10.7","19.1","1.3",,,,,,,,,"46.7","79.3","2523","-16.7","-48","-4.3","17.5","1.9",,,,,,,,,"22.7","94.5","2397","-18","-24.4","6.3","19.1","1.2","12","90.6","2545","0.3","-23.2","9.7","10","1.4",,,,,,,,,,,,,,,,,"0.5","77.7","2946","17.2","-54.7","-9.1","19.5","1.6",,,,,,,,,,,,,,,,,,,,,,,,
"Cerantola, Eric",672021,2026,26,25,39.3,33.6,40.5,50,30,0,"R",42.9,"36.9","94.5","2157","-6.1","-14.9","15.9","17.2","1.3","40.2","84.2","2432","0","-40.3","-1.7","3","1.4",,,,,,,,,,,,,,,,,,,,,,,,,"23","90.3","2191","0.3","-22.8","10.5","10.7","1.4",,,,,,,,,,,,,,,,,,,,,,,,,,,,,,,,,,,,,,,,,,,,,,,,
"Ekness, Josh",694795,2026,24,15.8,18.4,48,21,36,36,0,"R",23.7,"51.3","97.4","2542","-7.7","-14.2","14.7","16.8","1.2",,,,,,,,,,,,,,,,,"9.9","86.4","2674","7.3","-40.3","-3.6","8.4","1.5","9.2","97.9","2373","-14.4","-25.6","3.2","15","1.3",,,,,,,,,,,,,,,,,,,,,,,,,"29.6","85.6","2626","14.4","-31.7","6","16","1.3",,,,,,,,,,,,,,,,,,,,,,,,
"Eovaldi, Nathan",543135,2026,36,24.7,5.8,47.5,30.5,49.2,24.9,5.3,"R",37.3,"13.7","94.5","2180","-11.8","-17.3","13.5","18","1.3","0.8","86.4","2095","4.2","-31.4","5","6.9","1.4",,,,,,,,,"22.4","76.4","1892","8.3","-55.3","-8.3","12","1.5","7.1","93.5","2128","-16.1","-21.4","10","19","1.1","19.3","90.3","2242","1.9","-23.3","10.2","10.6","1.4","36.7","88.5","1548","-12.9","-34.1","0.9","13.1","1.4",,,,,,,,,,,,,,,,,,,,,,,,,,,,,,,,,,,,,,,,
"Barlow, Scott",605130,2026,33,19,13.1,39.9,33.1,37.1,35.1,7.2,"R",23.8,"13.1","89","2321","-3.8","-23","11.5","12.3","1.2","4","82.5","2460","5.1","-38.2","1.6","5.6","1.4",,,,,,,,,"34.3","76.2","2508","14.9","-54.6","-7.2","16.6","1.1","13.3","89.1","2146","-13.8","-27.3","7.3","16.1","1.3",,,,,,,,,,,,,,,,,,,,,,,,,"35.5","79.2","2395","10.9","-35.9","7.8","13.7","1.2",,,,,,,,,,,,,,,,,,,,,,,,
"Roupp, Landen",694738,2026,27,23.6,10.9,41.8,25.3,51.8,21,4.7,"R",23.5,"4.9","92.9","2147","-10.8","-20.5","11.1","15.6","1",,,,,,,,,"21.2","87.1","1865","-15.3","-38.6","-2.6","15.6","1.1","26","76.7","3071","19.1","-55.4","-8.4","20.9","1","34.8","93.3","2059","-17.3","-28.4","3","17.6","1.1","13.2","89","2343","2.9","-28.6","5.7","7.1","1.7",,,,,,,,,,,,,,,,,,,,,,,,,,,,,,,,,,,,,,,,,,,,,,,,
"Bender, Anthony",669622,2026,31,29.3,8.6,54.5,24,44,32.1,3.6,"R",15.2,"1.5","96.8","2438","-12","-15.8","13.6","18.2","1.4","12.8","86.6","2753","6.3","-38.7","-2","6.9","1.4","2.2","88.6","1427","-14.4","-37.3","-2.2","15","1.6",,,,,,,,,"31.7","96.4","2314","-18.3","-27.7","2","18.5","1.2",,,,,,,,,,,,,,,,,,,,,,,,,"51.8","83.5","2860","20.2","-36.6","3","20.6","1.3",,,,,,,,,,,,,,,,,,,,,,,,
"Manoah, Alek",666201,2026,28,12.8,20.5,44.1,19.7,34.6,30.8,11.5,"R",45.2,"11.8","88.7","2280","-4.8","-17","18.1","18.8","2.1","14.3","77.1","2137","11","-47.1","-0.7","12","1.6","39.1","84","1907","-14.8","-30.4","8.8","17.6","1.9",,,,,,,,,"34.8","87.7","2084","-13.1","-22.6","13.3","18.8","1.8",,,,,,,,,,,,,,,,,,,,,,,,,,,,,,,,,,,,,,,,,,,,,,,,,,,,,,,,
"Speier, Gabe",642100,2026,31,21.2,9.8,51.8,23.6,44.2,26.7,9.3,"L",28.7,"39.3","95.3","2261","9.3","-15.4","14.8","17.6","1.3","28.5","84.1","2229","-4","-40.5","-2","4.8","1.5","0.2","89.5","1359","13.1","-31.4","2.9","13.5",,,,,,,,,,"31.4","94.8","2125","17.2","-23.7","6.8","18.6","1.4",,,,,,,,,,,,,,,,,,,,,,,,,"0.6","81.9","2077","-13.7","-39.7","1","13.8","1.5",,,,,,,,,,,,,,,,,,,,,,,,
"Gordon, Tanner",685299,2026,28,19.5,4.4,54.6,22.6,34.8,34.4,5.8,"R",43.5,"41.9","92.8","2234","-9.6","-16.4","15.1","18","1.8","24.5","86.9","2074","1.2","-30.4","5.5","6","1.8","21.3","84.5","2113","-13.1","-29.2","8.9","16","1.5","8.7","80.6","2261","1.7","-45.3","-3.4","4.3","1.6","3.6","92.2","2072","-11.7","-17.4","14.8","19","1.5",,,,,,,,,,,,,,,,,,,,,,,,,,,,,,,,,,,,,,,,,,,,,,,,,,,,,,,,
"Anderson, Jack",681252,2026,26,25,6.3,47.2,30.5,36.4,33.3,6.1,"R",64.4,"33.3","90.8","2112","-3.1","-14.9","18.4","18.8","1.4","22.2","84","2190","5.6","-35.7","2.9","6.7","2",,,,,,,,,"5.6","77.2","2397","6.2","-53.6","-7.5","10","1.5",,,,,,,,,,,,,,,,,"23.3","81.8","613","-2.9","-36.7","4.2","6.9","1.6",,,,,,,,,"15.6","80","2263","12.5","-42.1","0.8","13","2",,,,,,,,,,,,,,,,,,,,,,,,
"Vest, Will",676684,2026,31,23.3,8.6,46.3,27.5,62.3,19.5,1.3,"R",50.7,"44.2","95.8","2251","-5.8","-13","16.8","17.9","1.2","28.9","87.8","2664","3.6","-36.7","-1.2","4.5","1.4","11.4","89.4","1617","-15.3","-29.3","4.9","16.2","1.4",,,,,,,,,"15.5","95.3","2148","-14.3","-18.8","11.3","18.3","1.2",,,,,,,,,,,,,,,,,,,,,,,,,,,,,,,,,,,,,,,,,,,,,,,,,,,,,,,,
"Scott, Tanner",656945,2026,31,32.8,6,49.1,36.3,35.1,32.4,6.3,"L",33.2,"45.9","96.7","2537","6.7","-12.9","16.3","17.7","1.1","54.1","89.4","2654","-6.1","-31.9","2.1","6.8","1.6",,,,,,,,,,,,,,,,,,,,,,,,,,,,,,,,,,,,,,,,,,,,,,,,,,,,,,,,,,,,,,,,,,,,,,,,,,,,,,,,
"Murphy, Luke",684665,2026,26,16.7,25,42,21.1,35.7,35.7,7.1,"R",43.8,"62","95.7","2255","-10.7","-14.3","15.9","19.3","1.2","8","83.8","2206","7.8","-37.8","1.8","8.6","1.5","9","91.3","1495","-14.3","-29.8","3.2","14.9","1.4",,,,,,,,,,,,,,,,,"21","90.1","2221","1.4","-28.8","5","5.4","1.4",,,,,,,,,,,,,,,,,,,,,,,,,,,,,,,,,,,,,,,,,,,,,,,,
"Wells, Tyler",669330,2026,31,26.8,6.6,50.4,31.1,28,32.7,15.3,"R",52.4,"28.5","93.5","2416","-3.1","-12.8","18.5","18.9","1","15.1","86.7","2467","5.7","-32","4.2","7.5","1.2","23.6","87.1","2212","-14.6","-22.2","13.9","20.3","1","4.7","78","2605","5.6","-55.3","-10.4","12","1.3",,,,,,,,,"28.1","90.3","2446","4.7","-21.6","11.7","12.9","1.3",,,,,,,,,,,,,,,,,,,,,,,,,,,,,,,,,,,,,,,,,,,,,,,,
"Seelinger, Matt",676910,2026,31,13.3,26.7,40.4,29.2,33.3,44.4,0,"R",63.5,"38.5","92.8","2452","-1.9","-11.4","20.7","20.9","1.2",,,,,,,,,,,,,,,,,"19.2","80.8","1558","-0.8","-47.5","-5.3","5.9","1.4",,,,,,,,,"42.3","86.6","2384","3.2","-27.4","9","9.8","1.3",,,,,,,,,,,,,,,,,,,,,,,,,,,,,,,,,,,,,,,,,,,,,,,,
"Jax, Griffin",643377,2026,31,26.4,7.9,44.9,31.2,46.6,25.1,4,"R",42.9,"17.8","96","2527","-7.9","-12","17.8","19.6","1",,,,,,,,,"23.4","91","1867","-15.9","-29.5","3.7","16.5","1.1","9.2","85","3015","5.1","-52.3","-14.2","15.2","1.4","20.8","95.5","2516","-16.6","-19.1","11.1","20.2","1.1","3.6","92.8","2681","1.3","-22.9","8.8","9.3","1.3",,,,,,,,,,,,,,,,,"25.2","87.7","3017","12.8","-36.5","-0.8","13.1","1.4",,,,,,,,,,,,,,,,,,,,,,,,
"Buehler, Walker",621111,2026,31,20.1,9.5,48.4,20.7,47.2,22.9,6.1,"R",45.4,"19.6","94.1","2165","-4.8","-15","15.9","16.7","1.2","10.7","87.1","2450","8.3","-33.2","2.6","9.1","1.4","10","89.3","1229","-12.3","-30.9","3.4","13.4","1.3","9","78.3","2469","10.7","-58.7","-13.7","17.5","1.9","18.7","94.2","2080","-13.7","-17.9","12.9","18.9","1.2","24.8","90.3","2368","5.1","-23.6","9.6","11.1","1.2",,,,,,,,,,,,,,,,,"7.2","82.7","2651","13.6","-35.5","4.6","14.9","1.6",,,,,,,,,,,,,,,,,,,,,,,,
"Rodríguez, Elmer",695684,2026,22,12,13.3,44.7,27,50,20.7,5.2,"R",29,"22.6","95.1","1908","-9.6","-18.9","11.5","15.1","1.5",,,,,,,,,"10.1","87.6","1299","-10.2","-33.4","2.4","11.2","1.5","9.1","77.3","2318","13.2","-56.4","-10.2","16.8","1.6","41.5","95.1","1884","-16.4","-24.3","6","17.5","1.5","0.3","84","1760","3.7","-34.8","3.7","5.2",,,,,,,,,,,,,,,,,,"16.4","80.2","2420","16.8","-46.1","-3.2","17.2","1.5",,,,,,,,,,,,,,,,,,,,,,,,
"Richardson, Lyon",680689,2026,26,25,18.8,35.3,32,62.5,25,12.5,"R",27.8,"11.8","96.3","2339","-11.3","-14.4","15.3","19","1.4","8.8","83.6","2492","0.5","-40.3","-1.2","2.2","1.4","41.2","87.3","1883","-17.8","-33.8","2.3","18.1","1.5",,,,,,,,,"35.3","95.6","2236","-18.3","-21.7","8.3","20.1","1.2",,,,,,,,,,,,,,,,,,,,,,,,,"2.9","82","2538","12.1","-42.8","-2.2","12.5","1.4",,,,,,,,,,,,,,,,,,,,,,,,
"Sandlin, Nick",680704,2026,29,15,12.5,43.3,31.1,42.3,38.5,3.8,"R",11.6,"13.4","91.4","2361","-12.3","-21.1","11.9","17.4","1.2","54.1","77.2","2699","19.2","-38.8","7.6","20.8","1.3",,,,,,,,,,,,,,,,,"8.9","91.5","2374","-16","-28.9","3.9","16.9","1.3",,,,,,,,,"23.6","84.3","1746","-12.3","-39.3","-0.7","12.6","1.4",,,,,,,,,,,,,,,,,,,,,,,,,,,,,,,,,,,,,,,,
"Rodríguez, Yariel",684320,2026,29,13.3,15.6,43,15.7,38.7,22.6,9.7,"R",39.9,"20.9","95.6","2438","-6","-13.8","16.1","17.4","1.4","39.5","86","2680","4.5","-35.9","1.2","5.5","1.4",,,,,,,,,,,,,,,,,"15.1","95.7","2354","-16.2","-18.4","11.6","20","1.4",,,,,,,,,"24.4","88.2","1497","-14.8","-31.1","4.2","15.7","1.5",,,,,,,,,,,,,,,,,,,,,,,,,,,,,,,,,,,,,,,,
"Scholtens, Jesse",669947,2026,32,18.3,6.7,48.3,19.3,36.7,26.7,12.5,"R",40.1,"22","93.1","2232","-4.8","-14.2","17.5","18.3","1.2","32.4","88.2","2379","4.3","-27.9","7.2","8.7","1.4",,,,,,,,,,,,,,,,,"24.5","92","2172","-14.8","-20.3","12.3","19.4","1.1",,,,,,,,,"11","84","1019","-9.7","-38.7","0.6","10.6","1.3",,,,,,,,,"10.1","80.2","2541","14.3","-42.2","0.8","14.6","1.4",,,,,,,,,,,,,,,,,,,,,,,,
"Gausman, Kevin",592332,2026,35,23.1,6.5,45.3,27,40.3,25.2,9.3,"R",37.3,"51.4","94","2280","-10.9","-14.2","16.9","20.2","1.7","10","84.2","2266","0.9","-34.9","3.6","4.2","1.8",,,,,,,,,,,,,,,,,,,,,,,,,,,,,,,,,"38.6","84.1","1574","-13.6","-34.2","4.5","14.9","1.6",,,,,,,,,,,,,,,,,,,,,,,,,,,,,,,,,,,,,,,,
"Sanders, Cam",676742,2026,29,25,14.7,42.1,36.4,40,22.5,10,"R",34,"42.5","96.1","2598","-5.8","-13.8","15.8","17","1.4","39.7","86.8","2700","3","-35.5","0.6","4.3","1.8","13.4","90.4","1733","-13","-33.7","-0.1","13.2","1.6",,,,,,,,,"4.5","95.9","2463","-14.6","-24.4","5.2","15.5","1.4",,,,,,,,,,,,,,,,,,,,,,,,,,,,,,,,,,,,,,,,,,,,,,,,,,,,,,,,
"Espada, Jose",664744,2026,29,0,0,33.3,14.3,50,25,0,"R",47.2,"40","93.8","2321","-4.3","-13.1","18.2","18.7","1.5","53.3","82.9","2449","-0.8","-45.2","-5.1","6.3","1.4",,,,,,,,,,,,,,,,,,,,,,,,,,,,,,,,,"6.7","94","1843","-12.4","-18.1","12.8","17.8",,,,,,,,,,,,,,,,,,,,,,,,,,,,,,,,,,,,,,,,,
"Slaten, Justin",686580,2026,28,28.5,5.8,52.2,25.2,43.3,25.6,3.3,"R",47.3,"25.2","96.6","2464","-1.6","-12.1","17.2","17.4","1.2",,,,,,,,,,,,,,,,,"3.3","84.6","2711","6.4","-51.2","-13.1","14.8","1.3","12.8","97.3","2380","-11.3","-14","14.8","18.7","1","41.5","93.6","2520","4.1","-21.9","9.1","10.1","1.5",,,,,,,,,,,,,,,,,"17.1","86.1","2630","13.9","-34.9","2","14.4","1.3",,,,,,,,,,,,,,,,,,,,,,,,
"Fitzpatrick, Brian",702153,2026,26,16.7,10,52.3,23.2,50,18.2,9.1,"L",32.6,"21.1","94","2421","13.4","-17.5","13.4","19.1","1.3","18.3","87.9","2209","-3","-29","6.1","7","1.4","33","82.5","1849","16.1","-35.8","4.3","16.8","1.4",,,,,,,,,"18.3","93.4","2361","18.4","-22.7","8.8","20.4","1.3",,,,,,,,,,,,,,,,,,,,,,,,,"9.2","78.4","2480","-13.6","-44.9","-0.4","13.8","1.4",,,,,,,,,,,,,,,,,,,,,,,,
"Morán, Jovani",663558,2026,29,27.4,10.9,46.7,33.4,40.7,28.5,10.6,"L",46.8,"38.4","92.6","2344","3.4","-15","16.9","17.4","1.4",,,,,,,,,"36.2","83.1","1762","14.5","-32.2","7.5","16.5","1.3","0.3","79","2704","-2.6","-56.8","-13","13.4","1.4","7.5","92.9","2368","12.5","-19.3","12.4","17.7","1.3","12.8","85.1","2557","-3.9","-32.5","5","7","1.6",,,,,,,,,,,,,,,,,"4.8","79.5","2721","-14","-45.5","-2","14.4","1.5",,,,,,,,,,,,,,,,,,,,,,,,
"Collyer, Gavin",686560,2026,25,21,18.1,46.2,27.1,36.2,24.1,17.2,"R",17.5,"25.6","97.3","2475","-11.8","-16.8","12.2","17.1","1.2",,,,,,,,,,,,,,,,,,,,,,,,,"17.9","95.8","2381","-17.2","-28","2","17.4","1.2","34.3","90.5","2680","0.8","-30.1","3.5","4.1","1.4",,,,,,,,,,,,,,,,,"22.2","85.7","2880","12.2","-33.1","4.3","13.3","1.6",,,,,,,,,,,,,,,,,,,,,,,,
"Bednar, David",670280,2026,31,28,7.9,44.3,31.3,55.6,18.5,9.6,"R",39.2,"41.5","96.1","2354","-8.9","-11.8","18","20.1","0.9",,,,,,,,,,,,,,,,,"19","76.9","2412","7.9","-53.2","-6.7","10.6","1.5",,,,,,,,,,,,,,,,,"39.5","90.9","1665","-8.8","-29.5","3.4","9.8","1.3",,,,,,,,,,,,,,,,,,,,,,,,,,,,,,,,,,,,,,,,
"Sasaki, Roki",808963,2026,24,23.8,9,47.5,29.7,42.4,27.1,7.8,"R",49.2,"42.2","97.9","2266","-9.6","-12.4","16.2","18.9","1.6","21.3","86.6","2044","1.3","-38.2","-1.9","3.3","1.6",,,,,,,,,,,,,,,,,,,,,,,,,,,,,,,,,"27.7","90.2","913","-7.3","-32.3","1.2","8.2","1.6",,,,,,,,,,,,,,,,,,,,,,,,,"8.8","85.5","611","-3.2","-40.2","-2.8","5.7","1.8",,,,,,,,
"Kolek, Stephen",663568,2026,29,15.2,5.4,50.4,19.8,46,22.7,6.8,"R",34.3,"28.3","94.2","2242","-6.4","-17.5","13.2","14.8","1.1","16.4","85.6","2508","3.2","-37.5","-0.4","3.8","1.3","11.9","87.1","1489","-12.1","-33.5","2.6","12.8","1.2",,,,,,,,,"21.7","93.7","2212","-14.8","-26.2","5","15.8","1","12.3","90.3","2418","1.9","-26.8","6.4","7","1.2",,,,,,,,,,,,,,,,,"9.3","79.9","2571","14.7","-48.3","-5.4","15.8","1.3",,,,,,,,,,,,,,,,,,,,,,,,
"Hurter, Brant",676428,2026,27,17.8,11.9,49.2,20.5,60,10,5.7,"L",29.3,"4.2","92.1","2076","6.9","-23.8","8.6","12.3","1.4",,,,,,,,,"11.1","87.7","1647","15.2","-35.8","-0.1","15.4","1.3",,,,,,,,,"57.8","92.2","2056","16.3","-30.3","2.1","16.6","1",,,,,,,,,,,,,,,,,,,,,,,,,"26.9","81.8","2650","-12.9","-39.4","1.7","13.3","1.2",,,,,,,,,,,,,,,,,,,,,,,,
"Cabrera, Jose",703615,2026,24,14.8,8.6,45.9,20.2,45,25,8.3,"R",30.7,"24.7","93.4","2314","-11.3","-17.4","14.1","18.2","1.6",,,,,,,,,"11.5","86.5","1792","-15.9","-32.9","3.8","16.5","1.4","12.2","86","2351","0.7","-39.5","-2.5","3.4","1.4","9.3","93","2141","-16.9","-26.3","5.5","17.9","1.4","26.2","89.6","2447","1.1","-26.3","7.7","8","1.5",,,,,,,,,,,,,,,,,"16.1","83.5","2545","10.9","-37","2.5","11.7","1.4",,,,,,,,,,,,,,,,,,,,,,,,
"Montgomery, Mason",682254,2026,26,38.1,10.7,48.5,31.8,54.5,19.8,5.9,"L",57.3,"54.6","98.3","2219","4.1","-10.2","18.1","18.7","1.2","17.1","89.5","2636","-1.7","-32.7","1.4","3.1","1.5","2.8","89.8","1663","8.8","-23.5","10.3","13.9","1.7","14.1","86.6","2685","-1.7","-42.9","-6.6","7.1","1.5","11.4","98.7","2202","10.6","-12.9","15.1","18.5","1.3",,,,,,,,,,,,,,,,,,,,,,,,,,,,,,,,,,,,,,,,,,,,,,,,,,,,,,,,
"Brieske, Beau",689225,2026,28,20.5,10.3,47,21.3,37,29.6,11.1,"R",50.9,"48.3","95.5","2473","-5.5","-13.2","16.8","17.8","1.1","24.2","89.7","2428","4","-29.3","4.4","6.1","1.4","12.8","88.8","2073","-14.1","-30","4.6","15","1.6",,,,,,,,,"14.8","96.1","2529","-13.9","-15.1","14.6","20.2","1.2",,,,,,,,,,,,,,,,,,,,,,,,,,,,,,,,,,,,,,,,,,,,,,,,,,,,,,,,
"Romero, JoJo",668941,2026,29,23.1,8.6,45.8,23.6,48.8,22,4.1,"L",28.6,"1.9","94.5","2317","9.9","-18.4","12.2","15.7","1.4",,,,,,,,,"17.9","87.2","1286","12.4","-37.1","-1.2","12.7","1.2",,,,,,,,,"44.1","93.9","2195","16.2","-30.2","0.9","16.4","1.1",,,,,,,,,,,,,,,,,,,,,,,,,"36.1","83","2848","-16.1","-40.1","-0.3","16.3","1.4",,,,,,,,,,,,,,,,,,,,,,,,
"Smith, Dylan",681916,2026,26,26.5,11.8,48.6,27.5,31.1,21.3,19.7,"R",51.7,"49.4","95.8","2447","-3.5","-11.7","18","18.5","1",,,,,,,,,,,,,,,,,"6.4","80.5","2517","10","-54.2","-11.9","15.7","1.4","8.6","95.4","2233","-12.2","-15.4","14.6","19.1","1.4",,,,,,,,,"6.4","86.1","897","-8.3","-32.1","4.7","10.3","1.5",,,,,,,,,"29.2","85.7","2488","9.1","-31.9","4.9","11.1","1.5",,,,,,,,,,,,,,,,,,,,,,,,
"Ribalta, Orlando",687377,2026,28,21.6,9.5,43.5,25.7,41.2,30.4,13.7,"R",42.5,"28.1","96.9","2597","-8.4","-11.7","17.5","19.5","1.4","39.5","86.9","2099","2.8","-32.6","3.6","5","1.5","14.2","86.3","2019","-9.8","-22.9","13.7","17","1.5",,,,,,,,,"18.2","96.9","2451","-14","-15.9","13.3","19.4","1.4",,,,,,,,,,,,,,,,,,,,,,,,,,,,,,,,,,,,,,,,,,,,,,,,,,,,,,,,
"Mize, Casey",663554,2026,29,23.8,6.2,49.5,26,33.3,31.1,10,"R",43.9,"34.2","93.5","2263","-9.7","-13.5","17.9","20.5","1.6","26.7","87.7","2236","3.5","-30.3","5.1","6.6","1.7",,,,,,,,,,,,,,,,,"10.8","93.6","2303","-13.8","-16.4","14.9","20.4","1.5",,,,,,,,,"23.5","87.9","1521","-15","-29.6","5.8","16.3","1.6",,,,,,,,,,,,,,,,,"4.8","81.4","2553","13.3","-48.4","-6.9","15.3","1.4",,,,,,,,,,,,,,,,
"Brzykcy, Zach",694350,2026,26,16.7,16.7,37.5,16.7,75,12.5,0,"R",51.6,"47.9","94","2260","-5.6","-14.2","16.2","17.2","1.2","22.9","86.7","2586","0.9","-37.4","-1.7","2.7","1.3","14.6","86.8","2052","-13.4","-28.1","7.8","15.8","1.4","12.5","83","2656","1.1","-45.5","-6.4","7","1.4",,,,,,,,,,,,,,,,,,,,,,,,,,,,,,,,,"2.1","86.6","2607","5.8","-38.1","-1.9","6.1",,,,,,,,,,,,,,,,,,,,,,,,,
"Rodriguez, Eduardo",593958,2026,33,17.1,8,46.5,20.6,41.6,27.8,5.9,"L",43.4,"39.4","92","2292","6.5","-16.5","15.8","17.2","1.3",,,,,,,,,"26.8","85.7","1866","15.6","-31.3","6","16.9","1.7","12.5","79.6","2305","-4.9","-49","-5.9","7.9","2","8.7","91.5","2237","12.1","-19.7","13","17.9","1.2","12.6","88.6","2282","-1.9","-26.4","8.3","8.8","1.4",,,,,,,,,,,,,,,,,,,,,,,,,,,,,,,,,,,,,,,,,,,,,,,,
"Yean, Eddy",678868,2026,25,15.4,5.1,50,15.2,53.3,23.3,10,"R",32.7,"2.9","96.9","2170","-5.8","-18.5","10.4","12","1.5","10","88.5","2494","0.3","-31.9","2.7","3.4","1.6","30","89.5","2013","-12.4","-29.6","4.4","13.9","1.3",,,,,,,,,"57.1","96.6","2339","-11.6","-23.8","5.3","13","1.5",,,,,,,,,,,,,,,,,,,,,,,,,,,,,,,,,,,,,,,,,,,,,,,,,,,,,,,,
"Cabrera, Edward",665795,2026,28,21,9.4,42.9,26.4,44.1,23.5,5.6,"R",33.2,"16.9","96.1","2246","-12","-16.1","13.5","18.2","1.4","11.5","89.1","2396","0.1","-30.4","4","4.4","1.7","30.5","92.9","1741","-17.2","-28.1","3.7","17.8","1.3","19.8","84.8","2481","6.5","-45.6","-7.6","10.4","1.7","21.4","96.4","2231","-16.5","-20.4","9.1","18.9","1.4",,,,,,,,,,,,,,,,,,,,,,,,,,,,,,,,,,,,,,,,,,,,,,,,,,,,,,,,
"Weisenburger, Jack",674073,2026,28,27.3,0,40.9,20.8,37.5,37.5,0,"R",40.1,"22.7","95.2","2195","-5.3","-16.1","14","15.1","1.4",,,,,,,,,"2.3","87.8","1536","-12.6","-29.2","6.2","14.1",,,,,,,,,,"22.7","94.3","2109","-14.1","-21.5","9.2","17.1","1.4","11.4","89.2","2343","3","-26.9","7.3","8.7","1.6",,,,,,,,,,,,,,,,,"40.9","82.5","2312","13","-38.7","1.4","13.5","1.4",,,,,,,,,,,,,,,,,,,,,,,,
"Holderman, Colin",670059,2026,30,24.1,8.9,44.3,28.1,55.4,21.5,6.6,"R",24.2,"4.6","97.2","2424","-10.1","-15.9","13.1","16.7","1.4",,,,,,,,,,,,,,,,,"11.1","83.2","2751","13.4","-49","-9.3","16.4","1.6","50.4","96.9","2258","-17.2","-23.3","5.9","18.3","1.3","0.1","90.4","2438","1.9","-26.1","7.1","7.4",,,,,,,,,,,,,,,,,,"33.7","84.9","2586","10.7","-32.6","5.5","12.4","1.6",,,,,,,,,,,,,,,,,,,,,,,,
"Pintaro, Jonathan",702752,2026,28,25.8,11.3,43.8,26.5,48.6,27,5.4,"R",22.9,"9.6","96.1","2473","-9","-15.9","13.8","16.6","1.3",,,,,,,,,"6.9","87.5","2053","-14.4","-39.3","-3.6","14.9","1.4","6.2","82","2955","11.9","-47.6","-6.7","13.8","1.5","23.1","95","2240","-15.8","-28.6","1.7","16","1.1","54.2","90.9","2728","3.6","-25.5","7.4","8.7","1.4",,,,,,,,,,,,,,,,,,,,,,,,,,,,,,,,,,,,,,,,,,,,,,,,
"Williams, Gavin",668909,2026,26,32.3,7.2,49.1,31.2,45.3,25.3,6.4,"R",32.2,"25.5","97.4","2300","-10.9","-14.6","14.4","18.1","1.7",,,,,,,,,,,,,,,,,"21.3","82.7","2450","10.5","-54.2","-13.8","17.4","1.5","17.5","96.8","2047","-15.7","-20.1","9.1","18.2","1.6","7.1","92.3","2228","-1.7","-25.7","6.5","7","1.5",,,,,,,,,,,,,,,,,"28.5","87.5","2287","10.7","-36.3","-0.5","11.1","1.6",,,,,,,,,,,,,,,,,,,,,,,,
"Zimmermann, Bruce",669145,2026,31,9.5,4.8,48.6,10.3,33.3,33.3,11.1,"L",42.1,"11.1","89.8","2364","6.7","-20.1","13.7","15.3","1.4","16.7","83.1","2391","0.4","-40.9","-1.8","2.4","1.4",,,,,,,,,"12.5","80.7","2485","-8","-49.7","-7.7","11.3","1.4","31.9","89.5","2329","12.8","-27.4","6.7","14.6","1.3","12.5","85.9","2378","0.9","-31.8","5.2","6","1.4","15.3","83.7","1705","11.6","-35.6","3.2","12.1","1.3",,,,,,,,,,,,,,,,,,,,,,,,,,,,,,,,,,,,,,,,
"Wolfram, Grant",664991,2026,29,25.6,7.9,47.4,25.4,48.6,25.7,4.8,"L",41.6,"22.5","95.4","2355","5.2","-15.4","14.7","15.8","1.2","12.7","87.1","2251","-1.5","-33.7","2.3","3.7","1.4",,,,,,,,,"15.4","85.4","2428","-1.2","-42.8","-5.4","5.9","1.1","39.8","95.9","2243","14.7","-17.1","12.8","19.6","1.2","1.4","92.9","2471","-2.3","-20.5","10.9","11.3","1.4",,,,,,,,,,,,,,,,,"8.2","86.4","2490","-6.6","-39.1","-2.6","7.5","1.2",,,,,,,,,,,,,,,,,,,,,,,,
"Ashcraft, Graham",668933,2026,28,29.4,14.7,45.3,32.4,54.1,23,3.3,"R",54.5,,,,,,,,,"48.7","90.6","2903","8","-33.8","-0.5","8.6","1.7",,,,,,,,,,,,,,,,,,,,,,,,,"51.3","98","2558","0.7","-16.2","12.1","12.3","1.2",,,,,,,,,,,,,,,,,,,,,,,,,,,,,,,,,,,,,,,,,,,,,,,,
"Lauer, Eric",641778,2026,31,15.1,7.5,47.9,19.1,31.9,37.5,9.8,"L",37.1,"42.3","91.1","2181","8.9","-17.5","15.5","17.9","1.5","8.1","82.8","2345","-5.6","-36.7","3.2","7.3","1.5","15.6","84.6","1380","12.6","-31.4","6.9","15","1.8","11.8","75.8","2417","-9","-56.8","-9.3","13.2","1.4",,,,,,,,,"22.3","87.6","2391","-1.4","-27","8.4","8.9","1.5",,,,,,,,,,,,,,,,,,,,,,,,,,,,,,,,,,,,,,,,,,,,,,,,
"France, J.P.",641585,2026,31,12.9,16.1,51.3,15.1,47.6,33.3,4.8,"R",41.1,"22.2","92.3","2357","-3.9","-17.7","14.5","15.2","1.3",,,,,,,,,"15.4","86.1","2016","-15","-28.3","8.7","17.4","1.5","28.2","76.2","2592","10.2","-65.5","-17.4","20.3","1.4","5.1","91.6","2374","-14.3","-21.1","11.7","18.5","1.5","23.1","87.2","2689","4.9","-28.9","6.9","9.5","1.4",,,,,,,,,,,,,,,,,"6","79.8","2637","14.6","-37","6","15.9","1.4",,,,,,,,,,,,,,,,,,,,,,,,
"Hudson, Bryan",663542,2026,29,22.2,8,55.8,23.7,44.8,27.3,5.6,"L",12.5,"66.8","92.1","2201","10","-20","12.3","16","1.6",,,,,,,,,,,,,,,,,,,,,,,,,"5.1","89.9","2188","16.7","-29.5","4.7","17.5","1.4","1.6","84","2120","0.7","-34.3","4.5","5.6","1.6",,,,,,,,,,,,,,,,,"26.5","80.4","2090","-14.7","-47.6","-4.8","15.7","1.8",,,,,,,,,,,,,,,,,,,,,,,,
"Enns, Dietrich",608650,2026,35,18.6,15.7,47.8,23.1,34.8,34.8,8.7,"L",49.1,"55","93.8","2172","5.5","-14.2","17","17.9","1",,,,,,,,,"20.3","84.3","1075","12.4","-34.5","4.1","13.4","1.2","5.5","77.8","2143","-0.6","-56.2","-10.8","10.9","1.4",,,,,,,,,"10","86","2163","-3.1","-34.2","2.8","4.7","1.2",,,,,,,,,,,,,,,,,"9.3","80.4","2119","-9.2","-47.6","-5.1","11","1.2",,,,,,,,,,,,,,,,,,,,,,,,
"Miller, Bryce",682243,2026,27,25.4,4.8,50.3,26.3,37.8,34.8,7.4,"R",45.7,"42.7","96.1","2508","-5","-10.8","18.8","19.6","1.1","9.9","87.6","2457","4.1","-33","2.3","5","1.3",,,,,,,,,"4.3","83","2332","3.7","-51.7","-12.1","13","1.5","5.9","95.3","2390","-13.5","-16.6","13.5","19.1","1.3","5","90.8","2583","4.5","-23.8","9","10.4","1.4","25.8","84.8","1130","-10.2","-33.2","4.9","11.7","1.4",,,,,,,,,"6.5","83.9","2396","15","-45.3","-6.3","16.4","1.4",,,,,,,,,,,,,,,,,,,,,,,,
"Soriano, George",666277,2026,27,23.8,9.9,45.8,30.1,41.8,26,10.3,"R",34.2,"29","96.6","2138","-8.5","-16.9","12.5","15.2","1.1","22.2","88.5","2586","-0.3","-32.1","2.7","3.4","1.5","30.3","90","1542","-11.7","-35.5","-1.7","12","1.5",,,,,,,,,"8.6","96.3","2202","-14.9","-22.2","7.3","16.8","1.2",,,,,,,,,,,,,,,,,,,,,,,,,"9.9","85.8","2831","7.2","-38.5","-1.3","7.9","1.3",,,,,,,,,,,,,,,,,,,,,,,,
"Whisenhunt, Carson",687931,2026,25,16.9,13.8,42.2,29.6,34.8,33.7,6.7,"L",49.6,"35.1","92.6","2243","10","-15","16.9","19.7","1.1","19.8","84.9","2472","-1","-37.4","0.3","2.6","1.9","38","83.2","1913","15.9","-32.2","7.2","17.6","1.2",,,,,,,,,"4.7","92.1","2195","15.5","-23.1","9.1","18","1.3",,,,,,,,,,,,,,,,,,,,,,,,,,,,,,,,,"2.4","80.4","2742","-11","-49.8","-7.3","13.5","1.4",,,,,,,,,,,,,,,,
"Sánchez, Cristopher",650911,2026,29,28,5.4,46.1,32.9,57.6,16.9,3.3,"L",31.2,,,,,,,,,"19.4","86.3","2069","-1.3","-40.6","-3.7","4.3","1.5","37.5","87","2034","16.7","-36.8","-0.6","16.9","1.4",,,,,,,,,"43.1","95.1","2128","18.1","-26","4.3","18.7","1.2",,,,,,,,,,,,,,,,,,,,,,,,,,,,,,,,,,,,,,,,,,,,,,,,,,,,,,,,
"Andrews, Tanner",681084,2026,30,9.1,18.2,34.9,22.2,50,37.5,12.5,"R",45.8,"37.2","95","1982","-7.4","-14.9","15.4","17.3","1.4","20.9","86","2201","-0.6","-35","2.3","2.8","1.4",,,,,,,,,,,,,,,,,,,,,,,,,,,,,,,,,"41.9","85.7","1021","-12.1","-34.2","3","12.9","1.3",,,,,,,,,,,,,,,,,,,,,,,,,,,,,,,,,,,,,,,,
"Uberstine, Tyler",700413,2026,27,18.2,9.1,62.2,30.8,12.5,50,0,"R",18.9,"22.2","92.9","2385","-11.4","-16.2","15.6","19.4","1.4",,,,,,,,,"11.1","84.9","1881","-18.6","-35.9","2.1","18.7","1.4",,,,,,,,,"22.2","91.9","2240","-16.4","-24.3","8","18.3","1.4","20","87.4","2388","1.7","-27.9","7.6","7.9","1.5",,,,,,,,,,,,,,,,,"24.4","80.9","2607","15.8","-40.5","1.3","16.1","1.4",,,,,,,,,,,,,,,,,,,,,,,,
"Cornelio, Riley",683000,2026,26,20.8,20.8,43.2,31.7,41.1,32.1,10.7,"R",42.9,"44.6","96.5","2359","-9.3","-12.2","17.2","19.7","1.3","51.2","84.4","2297","1","-36.1","2.3","3","1.8",,,,,,,,,,,,,,,,,,,,,,,,,"4.1","89.7","2191","0.4","-25.2","8.5","8.7","1.4",,,,,,,,,,,,,,,,,,,,,,,,,,,,,,,,,,,,,,,,,,,,,,,,
"Cruz, Yovanny",672442,2026,26,25,13.9,50,26.8,38.1,19,14.3,"R",32.1,"38.7","100","2134","-12.7","-14.6","12.8","18.1","1.2","52.4","91.3","2406","1.1","-31","1.8","2.6","1.3",,,,,,,,,,,,,,,,,,,,,,,,,,,,,,,,,"8.9","90.5","1381","-6.6","-30.9","2.5","7.3","1.5",,,,,,,,,,,,,,,,,,,,,,,,,,,,,,,,,,,,,,,,
"Castaño, Blas",680604,2026,27,20,7.1,51.3,19.7,48.3,30,0,"R",30.5,"8.5","94.5","2249","-8","-18.9","11.4","14.1","1.2",,,,,,,,,"10.8","89.2","1548","-12.6","-34.6","-0.3","12.8","1.2",,,,,,,,,"41.1","94.1","2135","-15","-26.2","4.6","15.8","1","14.9","90.3","2439","2.2","-26.9","6.1","6.8","1.2",,,,,,,,,,,,,,,,,"24.8","82.9","2568","12.9","-38.3","1.5","13.2","1.1",,,,,,,,,,,,,,,,,,,,,,,,
"Flaherty, Jack",656427,2026,30,26.2,10.8,44.5,27.1,31.5,31.5,10.5,"R",28.3,"49.2","92.7","2256","-5.8","-15.7","16.1","17.3","1.8","24.2","85","2440","5.8","-34.4","3.4","7.2","1.7","2.6","85.4","1816","-14.5","-29.5","8","16.8","1.8","19.6","78.1","2402","10.9","-54.4","-9.3","14.5","1.5","4.5","90.9","2062","-13.7","-23.6","9.5","16.8","1.7",,,,,,,,,,,,,,,,,,,,,,,,,,,,,,,,,,,,,,,,,,,,,,,,,,,,,,,,
"Cruz, Steven",674444,2026,27,27,9.7,52.2,29.2,46.1,25.2,8.7,"R",27.7,"55.6","98.4","2208","-10.8","-14","14.3","18","1.4","15.9","89.5","2176","5.1","-30.9","3.2","6.4","1.9",,,,,,,,,,,,,,,,,,,,,,,,,"28.1","93.9","2146","0","-22.7","8.2","8.6","1.6",,,,,,,,,,,,,,,,,"0.4","88.7","2317","11.2","-26.8","7.9","13.7","1.5",,,,,,,,,,,,,,,,,,,,,,,,
"Allen, Logan",671106,2026,27,26.3,10.5,47,19.2,50,37.5,0,"L",23.7,"30.5","90.6","2224","9.4","-19.7","13.7","16.8","1.4",,,,,,,,,"7.3","82.6","1038","9.8","-34.5","5.6","11.5","1.4",,,,,,,,,"20.7","89.9","1999","15.3","-26.7","7.3","17","1.3","25","84.8","2348","-3.8","-32.2","5.6","7.3","1.8",,,,,,,,,,,,,,,,,"16.5","78.7","2343","-15.4","-42.8","1.6","15.7","1.4",,,,,,,,,,,,,,,,,,,,,,,,
"Keller, Brian",662144,2026,32,27.3,0,51.3,16,25,37.5,0,"R",35.9,"28.2","92.1","2191","-6.9","-17.2","14.8","16.4","1.4",,,,,,,,,,,,,,,,,,,,,,,,,"12.8","91.1","2046","-12.7","-23.5","9.2","16","1.3","33.3","87.4","2294","5.8","-29.3","6","8.5","1.5",,,,,,,,,,,,,,,,,"25.6","80.8","2362","16.5","-38.1","3.6","17","1.4",,,,,,,,,,,,,,,,,,,,,,,,
"Jameson, Drey",686753,2026,28,17.1,11.8,48.9,29.3,37.7,24.5,3.8,"R",39.2,"19.2","96.5","2367","-10","-12.9","16.6","19.5","1.3","34.2","86.9","2531","2.3","-32.7","3.4","5.2","1.4","19.9","89.4","1971","-16.7","-30.4","3.9","17.3","1.3",,,,,,,,,"19.2","95.6","2253","-14.6","-18.9","11.1","18.4","1.3",,,,,,,,,,,,,,,,,,,,,,,,,"7.5","82.8","2686","12.9","-39.3","0.5","13.3","1.3",,,,,,,,,,,,,,,,,,,,,,,,
"Young, Brandon",687064,2026,27,19.1,8.4,47.4,23.8,43.6,26.4,7.4,"R",42.5,"39.8","94.4","2240","-5.7","-13.1","17.6","18.6","1.3","15.3","84.2","2046","2.1","-35.6","3","4.2","1.6",,,,,,,,,"11.7","75.1","2708","12.5","-64.5","-15.4","19.9","1.2","13.5","93.7","1861","-14.6","-19.8","11.3","18.5","1.2",,,,,,,,,"19.8","84.5","1416","-8.8","-35.3","2.9","9.9","2.4",,,,,,,,,,,,,,,,,,,,,,,,,,,,,,,,,,,,,,,,
"Gilbert, Logan",669302,2026,29,26.4,5.8,49.5,29.9,39.2,29.7,8.2,"R",43.2,"39.5","96.1","2206","-6.3","-12.5","17.1","18.4","1.4","24.8","86.6","2106","1.1","-38.4","-2","3.2","1.6","7.2","85.5","1497","-15.2","-35.3","2.2","15.7","1.6","0.1","76.5","2342","19.8","-49.6","-2.5","20","1.4","0.5","93","2023","-14.1","-26.3","5.4","15.3","1.5","6.6","91.1","2335","3.8","-21.7","11.1","12","1.6","13.6","81.8","707","-4","-43.5","-2.4","6.9","2",,,,,,,,,"7.7","81","2368","15.2","-45.6","-3.5","15.8","1.8",,,,,,,,,,,,,,,,,,,,,,,,
"Walker, Josh",677020,2026,31,20.7,6.9,50.5,16.4,40.5,38.1,7.1,"L",41.7,"22.7","92.6","2148","2.6","-16.5","15.3","15.6","1.3","45","82.4","2039","-6.2","-36.6","3.4","7.9","1.5","4.5","85.7","1815","12.8","-28.9","8.1","15.2","1.4",,,,,,,,,"27.7","92.1","2142","12.4","-21.8","10.4","16.2","1.6",,,,,,,,,,,,,,,,,,,,,,,,,,,,,,,,,,,,,,,,,,,,,,,,,,,,,,,,
"Raquet, Nick",675919,2026,30,5.9,11.8,45.3,6.3,23.1,46.2,7.7,"L",45.7,,,,,,,,,"26.7","84.5","2392","-4.6","-42.5","-4.3","6.8","1.5","1.3","87.7","960","3.6","-22.4","13.5","14",,,,,,,,,,"26.7","91.7","2069","13.6","-22.6","10.2","17.4","1.4","4","88.7","2397","-0.9","-27.6","6.9","7.6","1.5",,,,,,,,,,,,,,,,,"41.3","82.8","2400","-16.4","-42.6","-2.6","16.8","1.4",,,,,,,,,,,,,,,,,,,,,,,,
"Erceg, Lucas",668674,2026,31,15.1,13.2,45.2,21,50.4,15.6,8.5,"R",42.8,"29.1","97.1","2097","-10.4","-15","14.1","17.6","1.2","28.6","84.6","1997","1.1","-40.4","-2.3","3.6","1.3","13.8","89.5","1865","-16.9","-28.2","5.8","17.9","1.2",,,,,,,,,"27.8","96.8","1871","-14.6","-18.6","10.5","18.1","1.2","0.6","93.3","2209","1.6","-24.2","7","7.4","1.6",,,,,,,,,,,,,,,,,,,,,,,,,,,,,,,,,,,,,,,,,,,,,,,,
"Kingham, Nolan",663884,2026,29,16.7,33.3,31.8,25,33.3,33.3,0,"R",33,"59.1","95.4","2333","-9.6","-15.2","15","17.9","1.3","18.2","84.1","2232","1.4","-43.6","-5","5.3","1.5","9.1","87.8","1267","-13.7","-33.7","2","14.1","1.5",,,,,,,,,"13.6","94.4","2334","-17.6","-22","8.9","19.8","1.4",,,,,,,,,,,,,,,,,,,,,,,,,,,,,,,,,,,,,,,,,,,,,,,,,,,,,,,,
"Taillon, Jameson",592791,2026,34,20.7,8.8,45.3,26.8,34.4,38.3,7.1,"R",45.3,"27.6","91.8","2344","-5.5","-14.1","18.4","19.3","1","1","82.8","2457","5","-41.8","-2","5.8","1.5","15.9","84.5","1828","-15.7","-31.6","6.8","17.3","1.2","10.9","79.1","2567","8.6","-53.7","-9.8","13.2","1.3","9.5","92","2253","-13","-17.9","14.4","19.5","1.2","18.6","86.3","2525","6.1","-27.7","8.9","11.1","1.5",,,,,,,,,,,,,,,,,"16.5","80.2","2748","15.5","-43.7","-0.9","15.8","1.4",,,,,,,,,,,,,,,,,,,,,,,,
"Greene, Hunter",668881,2026,26,27.3,7.4,50.7,27.2,26.6,27.8,10.1,"R",40.2,"52","98.3","2390","-7","-11.8","16.6","18.1","1.4","31.8","88.8","2350","5.4","-32.2","2.3","6.2","1.8",,,,,,,,,,,,,,,,,"6.1","98.3","2296","-11","-13.3","15","18.7","1.4",,,,,,,,,"10.1","86.9","1292","-8.3","-30","5.9","10.6","1.5",,,,,,,,,,,,,,,,,,,,,,,,,,,,,,,,,,,,,,,,
"Tur, Yunior",814305,2026,26,17.6,11.8,46.7,37.3,26.1,47.8,4.3,"R",54.9,"29.2","95.5","2130","-1.7","-14","16","16.2","1.2",,,,,,,,,,,,,,,,,,,,,,,,,,,,,,,,,"30","91.1","2287","3.9","-24.8","8","9.2","1.4","39.2","87.1","702","-7.9","-33","3.2","9.5","1.3",,,,,,,,,"1.7","82.6","2381","6.8","-38.9","1","7.2","1.5",,,,,,,,,,,,,,,,,,,,,,,,
"Dollander, Chase",801403,2026,24,24.9,9.5,49.3,28,49.6,24.8,8.3,"R",23.3,"37.7","98.9","2356","-11.6","-15.1","13","17.5","1.1","14.5","87.6","2709","6.2","-35.7","-0.4","6.6","1.6","10.5","90.5","1884","-13.9","-30.2","3.3","14.7","1.3","7.9","79.8","2748","14.5","-51.5","-8.4","16.9","1.5","24","98.2","2395","-17.1","-22.4","6","18.3","1.2",,,,,,,,,,,,,,,,,,,,,,,,,"5.4","85.7","2716","9.4","-31","6.4","11.8","1.7",,,,,,,,,,,,,,,,,,,,,,,,
"Muñoz, Roddery",682610,2026,26,24,24,32.1,43.5,23.1,38.5,7.7,"R",37.4,"25.9","95","2313","-8.3","-17","13.6","16","1.4","41.1","86","2518","6","-42.1","-4.8","8.1","1.4","4.5","89.5","1961","-14.9","-26.9","7.3","16.9","1.4",,,,,,,,,"11.6","94.7","2304","-15.6","-24.5","6.3","16.9","1.4","17","91.3","2419","0.6","-25.3","7.6","7.8","1.3",,,,,,,,,,,,,,,,,,,,,,,,,,,,,,,,,,,,,,,,,,,,,,,,
"Rainey, Tanner",663432,2026,33,14.3,28.6,29.2,30,0,50,25,"R",,"62.5","97","2431","-6.3","-10.5","18.6","19.7","1.3","29.2","88.2","2334","3.9","-34.2","0.7","4.2","1.4",,,,,,,,,"8.3","85.1","2352","4","-41","-3.6","5.8","1.5",,,,,,,,,,,,,,,,,,,,,,,,,,,,,,,,,,,,,,,,,,,,,,,,,,,,,,,,,,,,,,,,
"Glasnow, Tyler",607192,2026,32,33.1,8.8,47.2,29.8,45.3,25.6,7,"R",56.9,"29","95.3","2541","-0.5","-14","15.9","16.1","1.4","16","89.3","2641","3.5","-33.3","0.7","4.8","1.4",,,,,,,,,"29.5","81.2","2823","5.2","-57.4","-15.7","16.7","2.2","25.4","95.7","2482","-10.6","-15.6","14.3","17.9","1.2",,,,,,,,,,,,,,,,,,,,,,,,,,,,,,,,,,,,,,,,,,,,,,,,,,,,,,,,
"Jump, Gage",695611,2026,23,26.7,10.5,48.7,26,41,24.6,6.2,"L",43.2,"46.3","96.3","2353","8.5","-13.2","16.4","18.6","1.6","23.1","87.2","2310","-5","-33.4","2.3","6","1.4","8.6","87.5","1437","12.1","-27.6","8","14.9","1.6","11.5","82.4","2610","-7.6","-51.8","-11.4","13.9","1.8","4.5","94.8","2255","13.3","-17.6","12.8","18.5","1.6",,,,,,,,,,,,,,,,,,,,,,,,,"6","84","2515","-13.6","-35.6","3.2","14.5","1.6",,,,,,,,,,,,,,,,,,,,,,,,
"García, Luis",472610,2026,39,8.1,8.1,47.9,20.9,39.3,26.2,6.6,"R",43.5,"1.9","95.9","2251","-9.5","-15.7","14.1","17","1.4",,,,,,,,,,,,,,,,,,,,,,,,,"46.8","95","2184","-15.4","-19.4","11.2","19.2","1.6",,,,,,,,,"31.3","87.6","1430","-10.8","-31.5","4.2","11.8","1.6",,,,,,,,,"20","81.8","2414","11.4","-38.6","2.5","12","1.5",,,,,,,,,,,,,,,,,,,,,,,,
"Mikolas, Miles",571945,2026,37,11.6,4.6,51.9,14.5,45.3,26.5,5.8,"R",43.9,"24.6","93.2","2220","-7.6","-16.1","15.3","17.2","1.5","23.2","87.9","2233","2.7","-28.8","6.4","7.3","1.8","8","85.6","1568","-12.9","-35.4","1.9","13.3","2.2","15","76.8","2517","6.3","-60.4","-13.8","15.4","2","23.9","92.8","2137","-14.9","-22.1","9.7","18","1.5",,,,,,,,,,,,,,,,,,,,,,,,,"5.3","82","2402","8.1","-42.6","-1.9","8.8","2",,,,,,,,,,,,,,,,,,,,,,,,
"Finnegan, Kyle",640448,2026,34,17.5,13.3,46.3,24.7,49,25.5,6.2,"R",52,"53","96.3","2229","-8.5","-11.7","17.8","19.9","1","15","85.8","2175","3.1","-36.1","1","3.7","1.2",,,,,,,,,,,,,,,,,,,,,,,,,,,,,,,,,"32.1","87.3","1050","-8.9","-29.8","6","11.4","1.5",,,,,,,,,,,,,,,,,,,,,,,,,,,,,,,,,,,,,,,,
"Kelly, Antoine",681520,2026,26,25,25,33.3,14.3,100,0,0,"L",36.8,"11.1","96.2","2271","6.3","-17.3","12.2","13.8","1.5","38.9","87","2484","-7.5","-27","9.2","12.5","2",,,,,,,,,,,,,,,,,"50","95.9","2139","12.5","-20.9","8.7","15.3","1.4",,,,,,,,,,,,,,,,,,,,,,,,,,,,,,,,,,,,,,,,,,,,,,,,,,,,,,,,
"Schultz, Noah",702273,2026,22,20.3,10.7,48.9,21,37.3,27.5,8.8,"L",20.9,"22.6","95.2","2467","11","-18.7","11.4","16","1.4",,,,,,,,,"10","89.2","1986","16.8","-31.3","3.2","17.3","1.5","2.3","81.8","2681","-9","-46","-5.3","10.7","1.5","25.9","95.1","2459","18","-23.8","6.5","19.3","1.3","21","89.8","2640","-2.1","-24.5","9","9.7","1.5",,,,,,,,,,,,,,,,,"18.2","82.7","2819","-14.5","-39.2","0.9","14.9","1.3",,,,,,,,,,,,,,,,,,,,,,,,
"Paez, Jedixson",699151,2026,22,0,18.8,36.9,16.7,30.8,53.8,7.7,"R",39.2,"35.4","91.9","2438","-8.3","-15.5","17.3","19.2","1.3",,,,,,,,,"23.1","84.3","1721","-14.5","-37.4","1.4","14.8","1.3","10.8","79","2675","14.4","-48.3","-3.8","15.1","1.4","13.8","91.3","2373","-17.2","-23.9","9.3","19.7","1.4","16.9","88.5","2432","-0.4","-25.5","9.7","9.8","1.3",,,,,,,,,,,,,,,,,,,,,,,,,,,,,,,,,,,,,,,,,,,,,,,,
"Rogers, Taylor",573124,2026,35,18.6,10.6,48.4,17.3,37.7,29.7,5.1,"L",28.8,,,,,,,,,,,,,,,,,,,,,,,,,,,,,,,,,"37.1","91.9","2160","16.7","-24.1","8.4","18.8","1.3","13.1","88","2347","0","-30.1","5.1","5.6","1.5",,,,,,,,,,,,,,,,,"49.8","78","2817","-16.5","-44.9","0.3","16.7","1.3",,,,,,,,,,,,,,,,,,,,,,,,
"Dobnak, Randy",677976,2026,31,12.4,9.2,44,17.2,55.8,20,2.5,"R",19.6,"8.8","92.3","2073","-11.3","-23.1","8.9","14.5","1.3","2.9","83.9","2262","-1.3","-41.9","-3.1","3.8","1.4","21.6","84.8","1514","-7.9","-40.7","-2.9","8.8","1.2",,,,,,,,,"39.8","91.6","1957","-14.5","-31.1","1.4","14.7","1.3",,,,,,,,,,,,,,,,,,,,,,,,,"26.9","82.2","2594","8.1","-41.4","-1","8.8","1.2",,,,,,,,,,,,,,,,,,,,,,,,
"Kempner, William",687531,2026,25,28,8,44.7,34.1,30,26.7,10,"R",14.7,"48.2","95.5","2395","-16.5","-18.4","11.7","20.3","1.3",,,,,,,,,"2.5","86.8","1345","-12.3","-39.7","-3.4","13.7","1.5",,,,,,,,,"14.6","94","2252","-19.7","-27.3","3.7","20.1","1.2","12.6","87.3","2623","1.6","-30.5","5.3","6.2","1.7",,,,,,,,,,,,,,,,,"22.1","81.6","2905","16.1","-36","5.2","17.2","1.4",,,,,,,,,,,,,,,,,,,,,,,,
"Henderson, Logan",701656,2026,24,31.9,5.1,56.6,28.1,31.1,28.1,13.3,"R",30.4,"45.5","93","2344","-11.4","-14.2","17.5","21","1.3",,,,,,,,,"32.1","82.5","2552","-19.5","-33.4","7.1","20.9","1.8",,,,,,,,,,,,,,,,,"19.2","87.4","2363","0.7","-23.5","12.1","12.6","1.6",,,,,,,,,,,,,,,,,"3.2","80.8","2389","15.3","-45.3","-3.4","15.8","1.5",,,,,,,,,,,,,,,,,,,,,,,,
"Harrison, Kyle",690986,2026,24,29.7,6.3,50.2,29,38.4,29.3,6.6,"L",31.8,"57.4","94.9","2366","12.9","-15.7","14.8","19.7","1.3",,,,,,,,,"9.5","86","1290","10.6","-40.9","-3.9","11.8","1.7",,,,,,,,,"2","94.4","2285","16.5","-20.4","10.3","19.5","1.5",,,,,,,,,,,,,,,,,,,,,,,,,,,,,,,,,"31","82.1","2173","-10.6","-44.7","-4","12","1.3",,,,,,,,,,,,,,,,
"Ashby, Aaron",676879,2026,28,32.3,11.2,43.8,32.5,52.4,18.3,5.5,"L",53,"2.1","97.3","2228","5.3","-14.3","14.4","15.6","1.4","13.8","85.1","2539","-9.1","-44.2","-6.5","11.5","1.3","11.1","91.8","1800","13.5","-28.4","3.9","14.2","1.4","20.5","83.6","2728","-7.1","-56.5","-17.1","18.6","1.6","52.6","97.6","2100","13.9","-20.4","8.2","16.2","1.1",,,,,,,,,,,,,,,,,,,,,,,,,,,,,,,,,,,,,,,,,,,,,,,,,,,,,,,,
"Gonzalez, Domingo",682445,2026,26,13.9,13.9,49.6,19.7,24,32,8,"R",17.9,"38.8","92.9","2252","-13.7","-19.7","12.4","18.6","1.2","35.7","86.2","2358","2.6","-36.1","0.9","3.2","1.4","1.6","86.3","1866","-16.5","-29.3","7.7","18.4","1.4",,,,,,,,,"24","92.9","2214","-18.2","-25.7","6.2","19.3","1.2",,,,,,,,,,,,,,,,,,,,,,,,,,,,,,,,,,,,,,,,,,,,,,,,,,,,,,,,
"Lorenzen, Michael",547179,2026,34,14.9,8.5,48.2,18.2,44.3,24.8,4.4,"R",39.1,"18.9","94","2399","-10","-17.3","13.4","16.8","1.4","7.9","86.2","2534","1.7","-35.7","0.8","2.5","1.7","20.7","84.6","2074","-14.2","-30.1","8","16.6","1.5","11.2","82.7","2531","0.5","-49.1","-9.4","9.6","1.7","20","93.3","2246","-15.2","-23.7","7.5","17.1","1.4","14.2","90.1","2500","-0.6","-26.6","6.7","7.3","1.6",,,,,,,,,,,,,,,,,"7","82.4","2535","9","-40.3","0.1","9.6","1.9",,,,,,,,,,,,,,,,,,,,,,,,
"Fernández, Julian",642759,2026,30,16.7,11.1,42.3,27.6,30.8,61.5,7.7,"R",49.5,"59.2","96.3","2376","-2.6","-13.4","16.1","16.4","1.5",,,,,,,,,"40.8","87.1","1673","-1.8","-29","7","8","1.7",,,,,,,,,,,,,,,,,,,,,,,,,,,,,,,,,,,,,,,,,,,,,,,,,,,,,,,,,,,,,,,,,,,,,,,,
"Wrobleski, Justin",680736,2026,25,19.1,5.5,53.8,19.4,40.3,31.9,4.1,"L",35.8,"48.9","94.4","2450","6.3","-14.5","16.1","17.4","1.6","28.3","86.3","2447","-3.5","-36.5","0.1","4.3","1.8","5.7","85.5","1502","14","-32","5.5","15.3","2.8","5","74.9","2221","-6.5","-54.8","-5.9","9","2.5","7.9","93.6","2197","14.1","-21.2","10","17.4","1.6","1.3","90.7","2516","-1.1","-25.8","7.3","7.6","1.6",,,,,,,,,,,,,,,,,"2.9","84.6","2619","-14.7","-42","-3.7","15.7","1.8",,,,,,,,,,,,,,,,,,,,,,,,
"Scherzer, Max",453286,2026,41,16.8,9.3,47,17.3,34.7,29.7,13.6,"R",32.3,"46.3","93.3","2343","-8.5","-15.1","16.5","18.7","1.2","23.7","86.3","2426","3.6","-32.1","4.7","6.5","1.9","15.7","84.4","1355","-13.9","-34","4.4","14.8","1.3","13.5","75.7","2704","11.9","-54.3","-6.3","13.6","1.5",,,,,,,,,"0.9","89.7","2417","-1.6","-24.5","9.4","9.6","1.6",,,,,,,,,,,,,,,,,,,,,,,,,,,,,,,,,,,,,,,,,,,,,,,,
"Nardi, Andrew",677053,2026,27,27.3,11.1,49.7,30.4,43.3,31.7,3.3,"L",40.3,"47.9","94.6","2397","7.2","-13.6","17.3","18.8","1.2","15.6","85.8","2355","-5.4","-35.4","2","6.3","1.3","11.6","89.7","1508","15.7","-29.2","5","16.8","1.6",,,,,,,,,"1.9","94.2","2174","16.2","-22.4","8.5","18.4","1.4",,,,,,,,,,,,,,,,,,,,,,,,,"23","82.7","2481","-14.5","-36.8","3.7","15.1","1.3",,,,,,,,,,,,,,,,,,,,,,,,
"Gerber, Joey",680702,2026,29,23.5,11.8,49.6,23.5,22.7,31.8,9.1,"R",32.4,"54.3","93.5","2297","-6.9","-14.6","16.8","18.3","1.4","2.3","84.7","2261","5.8","-34.7","2.9","6.6","1.5","1.6","88.2","1739","-14.3","-30.4","4.6","15.2","1.4",,,,,,,,,,,,,,,,,"41.9","88.7","2308","3.5","-25.3","9.3","10.2","1.5",,,,,,,,,,,,,,,,,,,,,,,,,,,,,,,,,,,,,,,,,,,,,,,,
"Barco, Hunter",682995,2026,25,13.3,16,44.4,16.4,47.1,21.6,9.8,"L",22.7,"36.8","94.2","2361","14.5","-18.6","12.4","19.2","1.1","24.7","82.4","2195","-3","-44.1","-3.9","5.4","1.2","7.2","86.1","1966","16.7","-30.9","6.5","18.1","1.4",,,,,,,,,"19.7","93.7","2095","16.5","-23.6","7.6","18.3","1.2",,,,,,,,,"4.3","85","701","6.6","-37.2","1.1","7.9","1.3",,,,,,,,,"7.2","82.7","2362","-12.2","-42.4","-2.2","12.7","1.4",,,,,,,,,,,,,,,,,,,,,,,,
"Corbin, Patrick",571578,2026,36,17.5,6.9,42.6,21.1,39.5,24.1,6.8,"L",38.3,"11.3","91.3","2137","7.2","-17.9","15","16.8","1.2","27.4","79","2199","-3.1","-44.9","-0.9","4.1","3.1","17.5","78.4","1204","10.8","-36.4","8.3","14.1","2.5","1.6","68.1","1894","-3.4","-61.9","-2.3","4.7","2.2","27.1","91.4","2049","14.5","-21.8","11.2","18.4","1.1","15.2","86.3","2261","-2.4","-30.6","6.1","6.8","1.2",,,,,,,,,,,,,,,,,,,,,,,,,,,,,,,,,,,,,,,,,,,,,,,,
"Misiorowski, Jacob",694819,2026,24,40.6,6,52,38.3,46.2,24.6,8.5,"R",29.9,"63.9","100.6","2628","-11","-11.7","15.4","19","2","10.8","91.9","2508","3.5","-29.8","2.5","6.7","2.3","1.4","92.5","2037","-15.7","-26.8","5","16.6","1.5","10.6","88","2233","5.9","-43.6","-8.2","10.4","1.7",,,,,,,,,"13.2","96","2581","1.5","-22.5","7.1","7.6","1.4",,,,,,,,,,,,,,,,,,,,,,,,,,,,,,,,,,,,,,,,,,,,,,,,
"Hernández, Jonathan",642546,2026,29,18.4,12.2,47,17.3,41.2,30.9,4.4,"R",29.1,"17.7","97.3","2366","-12.1","-15.9","13","17.8","1.1","43.8","89.1","2471","3.7","-32.5","1.8","4.7","1.4",,,,,,,,,,,,,,,,,"36.9","97","2263","-17.5","-23.5","5.6","18.4","1.2",,,,,,,,,"1.6","91.3","1559","-8.4","-32.4","0.3","9.5","1.5",,,,,,,,,,,,,,,,,,,,,,,,,,,,,,,,,,,,,,,,
"Weissert, Greg",669711,2026,31,23,7.3,49.2,22.7,43.8,31.5,6.2,"R",13.3,"28.6","93.9","2280","-9.4","-19.6","11.4","15.1","1.2","8","85.3","2544","5.2","-34.7","2.8","6.7","1.3","10.2","85.3","1610","-14.9","-42","-4.4","15.7","1.1","2.6","81.7","2628","14.4","-47.7","-6.5","16","1.4","36.9","93.9","2131","-17.4","-28.6","2.6","17.9","1.2",,,,,,,,,,,,,,,,,,,,,,,,,"13.8","81.7","2886","18.8","-35.6","5.9","19.8","1.4",,,,,,,,,,,,,,,,,,,,,,,,
"Romano, Jordan",605447,2026,33,27.4,13.7,45.7,28.6,34.5,20,10.9,"R",52.3,"45.5","94","2308","-3","-13.1","17.9","18.3","1.3","51.7","84.3","2145","2.8","-42.4","-4.1","5.3","1.6",,,,,,,,,,,,,,,,,,,,,,,,,,,,,,,,,"2.2","86.6","1634","-11.7","-23.5","13.1","17.8","1.5",,,,,,,,,"0.7","82.7","2134","12.9","-40","0","12.9","1.5",,,,,,,,,,,,,,,,,,,,,,,,
"Severino, Luis",622663,2026,32,24,11.4,48,23,45.1,26.6,4.6,"R",39.1,"21.2","96.9","2251","-7.7","-13.1","16.2","18.1","1.2","4.2","86.9","2579","8.9","-33.2","3","10.2","1.4","5.4","86.6","1532","-13.8","-27.6","9","16.8","2.3",,,,,,,,,"23.8","96.3","2125","-14.4","-17.5","12","18.9","1.1","20.7","94.3","2300","1","-20.1","10.7","11","1.4",,,,,,,,,,,,,,,,,"24.6","84.9","2602","17.3","-34.6","3.7","18.1","1.8",,,,,,,,,,,,,,,,,,,,,,,,
"Lange, Alex",656638,2026,30,23.2,12.3,45.2,26.8,45,26,2.3,"R",41.1,"10.5","95.9","2290","-9.8","-16.3","13.5","16.8","1.1","31.6","88","2286","-1.6","-37.2","-1.8","3.4","1.3","21.6","90.7","1788","-16.1","-31.9","1.3","16.4","1.1",,,,,,,,,"23.6","95.7","2154","-16.1","-23","6.9","17.7","1.1","12.7","92","2310","-0.4","-26.3","5.8","6.1","1.3",,,,,,,,,,,,,,,,,,,,,,,,,,,,,,,,,,,,,,,,,,,,,,,,
"Martinez, Nick",607259,2026,35,14.1,3.6,52.4,17.4,36.8,29,9.1,"R",55.1,"11.9","92.7","2262","-5.7","-15.1","16.8","17.8","1.2","3.6","85.5","2413","1.6","-33.9","3.4","4","1.4","27.5","78.2","1855","-12.2","-41.4","3.3","12.9","1.2","5.3","80","2511","1","-57.6","-14.6","14.8","1.2","30.7","92.4","2291","-15.1","-19.6","12.6","19.8","1","20.9","89.2","2328","1.3","-23.2","11.1","11.3","1",,,,,,,,,,,,,,,,,,,,,,,,,,,,,,,,,,,,,,,,,,,,,,,,
"Newcomb, Sean",656794,2026,33,22.8,8.7,51.4,24.6,47.7,19,6.3,"L",25.8,"37.5","94.6","2268","10.3","-16.2","14.5","17.9","1.3",,,,,,,,,"2.9","86.6","1510","13.1","-34.3","2.3","13.6","1.3","2.3","80.6","2888","-13.1","-57.6","-14.8","19.8","1.4","22.8","93.3","2264","16.9","-27.7","4","17.5","1.4","1.5","90.6","2493","0.5","-22.7","10.4","10.7","1.4",,,,,,,,,,,,,,,,,,,,,,,,,"33.1","82.6","2845","-18","-45.1","-4.6","18.8","1.4",,,,,,,,,,,,,,,,
"Murdock, Noah",668716,2026,27,28.6,21.4,39,22.7,85.7,14.3,0,"R",26.2,"5.1","94","2304","-9.9","-21.2","9.5","13.8","1.5",,,,,,,,,,,,,,,,,"33.9","84.2","2616","9.3","-48.6","-9.9","13.7","1.4","45.8","94","2144","-15.8","-24.9","6.1","17.1","1.5","13.6","89.9","2337","1.2","-26","7.8","8.1","1.6",,,,,,,,,,,,,,,,,"1.7","82.4","2250","6.6","-42.2","-2.2","6.9",,,,,,,,,,,,,,,,,,,,,,,,,
"Prielipp, Connor",687570,2026,25,24.7,9,48.2,23.5,43.9,26.5,6.5,"L",39.3,"28.9","95.5","2274","8.3","-14.8","15.3","17.5","1.3","29.5","87.5","2918","-3.3","-34.7","0.8","4.5","1.7","11.3","86.4","1902","13.6","-32.3","4.2","14.3","1.3","16.9","82.5","3218","-12.3","-48.5","-8.2","15.1","1.7","13.4","95","2293","14.7","-20.7","9.5","17.6","1.3",,,,,,,,,,,,,,,,,,,,,,,,,,,,,,,,,,,,,,,,,,,,,,,,,,,,,,,,
"Nola, Aaron",605400,2026,33,23.7,7.9,44.1,27.5,40.2,28.6,7,"R",19.5,"23.8","92.3","2346","-13","-17.5","14.6","19.7","1.3","1","83.2","2312","3.5","-39.8","-0.5","4","1.3","16.1","85.5","1553","-14.5","-34.4","2.8","14.9","1.2","32.8","78.3","2622","14.7","-55.3","-10.3","18.1","1.1","18.9","91.6","2260","-17.5","-24.4","8.2","19.4","1.5","7.3","86.2","2289","0.5","-28.8","7.7","8.1","1.3",,,,,,,,,,,,,,,,,,,,,,,,,,,,,,,,,,,,,,,,,,,,,,,,
"Jacob, Alek",689690,2026,28,26.1,8.7,40.2,37.8,42.9,35.7,14.3,"R",-2.6,"42.5","84.3","2306","-15.1","-25","13.9","20.6","1.4",,,,,,,,,"34.5","73.6","2140","-22.7","-50.1","1.2","22.8","1.5",,,,,,,,,"19.5","83.9","2212","-18.4","-34.2","4.9","19.2","1.3",,,,,,,,,,,,,,,,,,,,,,,,,"3.4","69.8","2256","17.3","-54.7","2.3","17.5","1.4",,,,,,,,,,,,,,,,,,,,,,,,
"Arrighetti, Spencer",681293,2026,26,22.5,13,44.9,25.4,36.6,28.9,8.1,"R",19.1,"29.6","92.4","2340","-11.3","-18.4","13.8","17.9","1.1","1.1","82.2","2672","7.7","-36.3","4.4","9.3","1.4","6.9","84.2","1429","-13.4","-35","3.6","14.1","1.4","33.7","76.6","2833","17.4","-53.4","-6.4","18.7","1.3","10.1","92.1","2297","-17.1","-23.3","9","19.5","1.1","6.3","87.7","2348","2.1","-24.9","10.5","11","1.4",,,,,,,,,,,,,,,,,"12.4","79.5","2753","16.1","-41.5","2.1","16.5","1.9",,,,,,,,,,,,,,,,,,,,,,,,
"Mathews, Quinn",687273,2026,25,12.5,12.5,52.6,25.5,38.9,33.3,11.1,"L",40.1,"41.2","94.3","2198","5.6","-13.6","17.2","18.2","1.2","23.7","86.2","2276","-2.6","-34.1","2.6","4.1","1.4","17.5","83.4","1362","12.7","-34.3","5","13.8","1.4","13.4","76.6","2473","-7.2","-61","-13.8","15.8","1.5","4.1","94.5","2205","14.9","-17.7","13.1","19.9","1.5",,,,,,,,,,,,,,,,,,,,,,,,,,,,,,,,,,,,,,,,,,,,,,,,,,,,,,,,
"Imai, Tatsuya",837227,2026,28,27.8,14.6,43.6,32.3,42.6,27.2,6.8,"R",25.5,"43.5","94.9","1998","-12.6","-19.7","10.8","16.7","1.7","45.3","86.7","2275","-4.2","-35.7","1.1","5.3","1.6","2.3","86.8","1931","-13.9","-27.9","8.5","16.5","1.7","0.5","77.6","2470","8.1","-54.5","-8.6","12","1.6","4.9","94.5","1952","-18","-25.4","5.5","19","1.4",,,,,,,,,"3.4","84.7","1251","-13.3","-35.3","3","13.8","1.4",,,,,,,,,,,,,,,,,,,,,,,,,,,,,,,,,,,,,,,,
"Ferguson, Tyler",621053,2026,32,28.6,2.9,45.7,31,33.3,40,4.4,"R",27.6,"48","95.5","2338","-7.3","-16.5","13.4","15.4","1","9","83.4","2648","7.5","-43.8","-4.5","8.9","1.4","5.9","86.7","1612","-13.9","-35.6","0.9","14.2","1.4",,,,,,,,,"9","95.5","2194","-15.4","-23.5","6.5","16.8","1.5","7.8","87.2","2568","4.5","-35.7","0","5.3","1.3",,,,,,,,,,,,,,,,,"20.3","84","2677","13.9","-36.9","1.9","14.3","1.2",,,,,,,,,,,,,,,,,,,,,,,,
"Stewart, Brock",592779,2026,34,25.5,9.1,45.5,29.4,47.2,30.6,13.9,"R",20.8,"33.8","95.6","2578","-8.6","-15.7","14.1","16.7","1.2",,,,,,,,,"17.4","89.3","1644","-14.4","-35.7","-1.4","14.7","1.3",,,,,,,,,"15.5","94.7","2260","-15.1","-26.7","3.7","15.7","1.4","8.5","92","2441","1.8","-24.6","7.5","8.1","1.5",,,,,,,,,,,,,,,,,"24.9","83.9","2499","14.9","-35.8","3","15.3","1.2",,,,,,,,,,,,,,,,,,,,,,,,
"Eflin, Zach",621107,2026,32,41.2,11.8,40.5,35.3,62.5,25,0,"R",28.4,"9.5","91.9","2141","-8.7","-20.7","11.7","14.7","1.5",,,,,,,,,"25.7","87.9","1673","-15.3","-36.2","-0.7","15.6","1.4","21.6","78.5","2459","12.7","-52.1","-7.7","14.9","1.4","18.9","92.2","2065","-15.9","-30.2","2.2","16.1","1.4","14.9","88.2","2238","1.5","-26.8","8.2","8.5","1.4",,,,,,,,,,,,,,,,,"9.5","78.9","2407","12.8","-44.1","-0.2","13","1.5",,,,,,,,,,,,,,,,,,,,,,,,
"Koenig, Jared",657649,2026,32,17.1,17.1,53.4,20.6,50,23.1,3.8,"L",32.5,"1.2","96","2500","4.4","-15","14.8","15.5","1.5",,,,,,,,,"19.3","83.1","1671","13.5","-32.7","6.8","15.2","1.8","5","79.3","2417","-12","-49.8","-6.1","13.6","1.5","47.8","94.2","2309","13.7","-19.2","11.8","18.3","1.6","26.7","90.5","2320","1.1","-22.6","10.6","10.9","1.7",,,,,,,,,,,,,,,,,,,,,,,,,,,,,,,,,,,,,,,,,,,,,,,,
"Abreu, Bryan",650556,2026,29,30.8,16.2,42.9,33.1,44.2,28.4,3.2,"R",42.2,"45.3","95.5","2197","-6.2","-13.7","16.5","17.7","1.8","46.3","86.4","2815","6.4","-41.9","-5.2","8.6","1.7","0.1","89.9","1689","-13.9","-27.5","5.8","15.1",,,,,,,,,,,,,,,,,,"8.2","92.8","2448","0.8","-20","11.7","12","1.6",,,,,,,,,,,,,,,,,,,,,,,,,,,,,,,,,,,,,,,,,,,,,,,,
"Ginkel, Kevin",656464,2026,32,23.8,7.3,43.6,30.2,40.1,28.9,7,"R",42.8,"46.7","95.6","2406","-8.7","-14.5","15.5","17.9","1.4","48.8","85.4","2393","4.2","-40.1","-2.8","5.5","1.2",,,,,,,,,,,,,,,,,"4.5","94.7","2259","-15","-18.8","11.8","19.2","1.7",,,,,,,,,,,,,,,,,,,,,,,,,,,,,,,,,,,,,,,,,,,,,,,,,,,,,,,,
"Rucker, Michael",621074,2026,32,27.1,8.4,48.1,26.5,47.1,17.6,4.4,"R",35.3,"36","96.1","2324","-5.5","-13.8","15.8","16.8","1.2","2.1","86.4","2707","5.1","-40.2","-3.8","6.8","1.6","0.7","91.8","1839","-15","-31.6","0.9","15.2","1.5","31.8","82.3","2772","15.3","-51.2","-10.4","18.7","1.3","10.2","95.6","2258","-16.3","-22.2","7.8","18.2","1.2","19.2","90","2549","3.7","-31.3","2.2","5.2","1.6",,,,,,,,,,,,,,,,,,,,,,,,,,,,,,,,,,,,,,,,,,,,,,,,
"Henry, Cole",669371,2026,26,21.1,11.3,43.3,23.3,27.3,38.6,11.4,"R",21.6,"47.9","93.9","2499","-13.2","-17.8","13.3","18.9","1.1",,,,,,,,,,,,,,,,,"0.4","80.6","2583","12.5","-48.9","-7.1","14.4",,"9.9","94.2","2376","-17.5","-25.7","5","18.3","1.2","7.1","91","2523","-1.1","-22.4","10.4","10.7","1.3",,,,,,,,,,,,,,,,,"34.8","82.2","2654","15","-39.8","0.8","15.3","1.6",,,,,,,,,,,,,,,,,,,,,,,,
"Nunez, Anthony",689296,2026,24,23.5,11.2,41.6,32.1,42.9,24.6,8.7,"R",37.2,"28.6","96.1","2609","-4.5","-12.7","16.9","17.6","1.3",,,,,,,,,"22.9","87.6","1168","-6.4","-37","-1.3","6.9","1.7",,,,,,,,,"14.6","95.7","2387","-15.5","-20.8","9.2","18.2","1.3","4.6","90.5","2521","3.9","-27.6","5.5","7.1","1.4",,,,,,,,,,,,,,,,,"29.3","86","2926","15.5","-38","-0.8","15.8","1.5",,,,,,,,,,,,,,,,,,,,,,,,
"Castellano, Eiberson",682769,2026,25,16.7,0,34.3,31.6,55.6,0,0,"R",30.6,"34.3","95.5","2254","-6.2","-18.5","11","12.7","1.3",,,,,,,,,"5.7","88.9","1628","-11.6","-27.9","6.3","13.2","1.5","37.1","83.4","2632","4.7","-44.9","-6.2","7.9","1.4","22.9","95.8","2230","-10.7","-19.2","10.2","14.9","1.4",,,,,,,,,,,,,,,,,,,,,,,,,,,,,,,,,,,,,,,,,,,,,,,,,,,,,,,,
"Tolle, Payton",801139,2026,23,28.5,6.7,52.8,28.2,37.3,29,11.8,"L",27.5,"46.9","96.1","2255","9.7","-14.2","15.4","18.3","1.5",,,,,,,,,"3.5","88.6","1005","10.7","-33.6","1.1","11","1.6","8.5","82.6","2425","-6.9","-44.9","-5","8.7","1.8","21.6","95","2262","16.8","-20.9","9.5","19.4","1.5","19.5","88.4","2362","-3","-28.1","6.6","7.5","1.8",,,,,,,,,,,,,,,,,,,,,,,,,,,,,,,,,,,,,,,,,,,,,,,,
"Bello, Brayan",678394,2026,27,17.5,7.4,47.3,25.3,52.9,21.7,2.2,"R",39.6,"6.6","95.1","2027","-6.5","-18.8","11.3","13.3","1.6",,,,,,,,,"18.8","88.8","1743","-16.2","-29.4","5.3","17.2","1.3","4.7","83.4","2439","1.8","-47.5","-8.3","8.8","1","41.9","95.1","2010","-16.2","-24.2","6.1","17.5","1.4","15.4","87.3","2334","-0.2","-33.6","2.2","2.8","1.1",,,,,,,,,,,,,,,,,"12.6","85.7","2338","7.9","-40.9","-3.8","9.2","1.2",,,,,,,,,,,,,,,,,,,,,,,,
"Morillo, Juan",666661,2026,27,28.9,8.8,47.6,31.1,52.9,17.6,9.2,"R",46.8,"48.1","98.7","2248","-4.9","-11.8","16.4","17.2","0.9","14.7","84.8","2740","8.9","-45.4","-7.3","11.7","1.9","21.4","92.6","2275","-15.9","-24.5","7.5","17.7","1",,,,,,,,,"15.9","98.6","2187","-13.9","-15.6","12.6","18.8","1.2",,,,,,,,,,,,,,,,,,,,,,,,,,,,,,,,,,,,,,,,,,,,,,,,,,,,,,,,
"Fried, Max",608331,2026,32,24,8,47.8,24.9,49,22.9,8.6,"L",45.8,"18.5","95","2114","3.7","-14.1","16.2","16.8","1.6","1.5","84.4","2446","-6.1","-40.6","-2.1","7.7","2","12.5","85.6","1666","15.3","-32.9","4.6","16.2","2.3","13.1","73.9","2821","-10","-67.7","-16.8","19.7","1.9","21.4","93.2","2080","10.6","-27.1","4.3","11.6","1.8","23.1","91.9","2291","-2","-24.9","7.2","7.8","1.9",,,,,,,,,,,,,,,,,"9.9","80.1","2764","-17.9","-44.8","-1.8","18.4","1.8",,,,,,,,,,,,,,,,,,,,,,,,
"Singer, Brady",663903,2026,29,18.9,7.5,45.3,25.5,42.7,27,3.4,"R",23.1,"2.6","90.7","2420","-6.9","-19","14.3","16.1","1.2","25.7","82.5","2418","4.7","-41.4","-1.4","5.3","1.2",,,,,,,,,,,,,,,,,"48.3","91.3","2353","-15.5","-23.7","9.1","18.1","1","7.2","87.2","2364","1.4","-28.3","7.5","7.9","1.3",,,,,,,,,,,,,,,,,"16.1","82","2435","7.3","-37.2","3.3","8.8","1.5",,,,,,,,,,,,,,,,,,,,,,,,
"Urquidy, José",664353,2026,31,16.7,5.6,54.2,27.4,46.4,17.9,7.1,"R",49.4,"24.4","92.6","2326","-9","-12.5","19.5","21.6","1.5",,,,,,,,,"31.3","84","2044","-17.4","-29.2","9.8","20.1","1.4","9.9","79.6","2743","10.6","-55.4","-11.8","16.2","1.6","19.8","92.6","2208","-14.8","-17.5","14.5","20.8","1.4",,,,,,,,,,,,,,,,,,,,,,,,,"14.5","81.6","2605","10.3","-38.3","3","11","1.4",,,,,,,,,,,,,,,,,,,,,,,,
"Macko, Adam",671936,2026,25,23.2,10.1,47,32.8,34.9,25.4,9.5,"L",44.2,"38.5","94.5","2292","6.7","-14.8","15.9","17.4","1.1","41.3","85.3","2524","-3.6","-33.8","3.7","5.7","1.1","12.8","84.2","1493","14.9","-35.8","2.9","15.4","2","7.5","78.8","2868","-10.1","-59.4","-14.7","18.4","1.7",,,,,,,,,,,,,,,,,,,,,,,,,,,,,,,,,,,,,,,,,,,,,,,,,,,,,,,,,,,,,,,,
"Karinchak, James",675916,2026,30,21.6,13.5,46.3,26.6,29.2,37.5,16.7,"R",54.5,"60.5","95","2407","-6.5","-11.3","19","20.2","0.9",,,,,,,,,,,,,,,,,"39.5","84","2504","0.1","-44.1","-5.7","6","1.1",,,,,,,,,,,,,,,,,,,,,,,,,,,,,,,,,,,,,,,,,,,,,,,,,,,,,,,,,,,,,,,,
"Bird, Jake",656234,2026,30,23.1,7.5,51.5,26.1,41.2,24.7,11.3,"R",18.6,"13.6","93.8","2497","-3.9","-18.9","12.1","12.9","1.3",,,,,,,,,"0.2","87.5","1556","-11.2","-37.7","-2.2","11.4",,"12.7","81","2860","16.3","-51.5","-9.2","18.9","1.1","35.3","94.8","2282","-15.7","-27.7","3","16.2","1.1",,,,,,,,,,,,,,,,,,,,,,,,,"38.2","84.4","2721","14.1","-32.9","5.6","15.5","1.3",,,,,,,,,,,,,,,,,,,,,,,,
"Bowden, Ben",641386,2026,31,0,25,40,14.3,20,40,20,"L",30.7,"70","93.9","2407","12.4","-16.2","14.8","19.4","1.2","5","84.9","2249","-1.1","-33.1","4.7","5","1.5","22.5","86.6","1694","13.8","-27.4","8.9","16.5","1.4","2.5","81.4","2397","-1.2","-46","-5.1","5.3",,,,,,,,,,,,,,,,,,,,,,,,,,,,,,,,,,,,,,,,,,,,,,,,,,,,,,,,,,,,,,,,,
"Baumler, Carter",691945,2026,24,22.2,22.2,42.7,30,28.6,42.9,7.1,"R",41.5,"33.3","95","2291","-9.3","-12.4","18.2","20.6","1.1","12","88.4","2262","3","-27.6","7.3","8.2","1.4",,,,,,,,,"47.9","84.3","2496","6.9","-51.5","-12.8","14.6","1.4","6.8","94.6","2294","-16.8","-18.2","12.5","20.9","1.3",,,,,,,,,,,,,,,,,,,,,,,,,,,,,,,,,,,,,,,,,,,,,,,,,,,,,,,,
"Junk, Janson",676083,2026,30,17.2,6.4,53.4,15.5,44.9,22.6,13.1,"R",46.8,"36.1","94.1","2332","-6.1","-12.5","18.6","19.8","1.2","20.6","86.4","2432","5.9","-34.6","1.9","6.5","1.4","18.1","87.3","1400","-14.6","-34.6","1.6","15.1","1.2","7.1","80.9","2497","7.9","-56","-13.8","16","1.3","4.3","93.5","2229","-14.6","-20.3","11.1","18.6","1.2",,,,,,,,,,,,,,,,,,,,,,,,,"13.8","80.2","2396","15.3","-41.4","1.5","15.6","1.2",,,,,,,,,,,,,,,,,,,,,,,,
"Rocker, Kumar",677958,2026,26,21.4,8.7,46,26.2,42.9,22.8,7.8,"R",34.9,"12.6","94.5","2157","-10.3","-18.7","11.9","15.9","1.4","38.8","83.1","2179","0.9","-43.4","-3.9","4.4","1.6","4.4","88.7","1635","-14.5","-28.5","6.2","16","1.7",,,,,,,,,"28.5","94.3","2136","-15.9","-23","7.8","17.8","1.4","14.9","90.3","2163","0.8","-26.3","7.1","7.4","1.6","0.8","87.7","1577","-13.7","-32","3.4","14.2","1.4",,,,,,,,,,,,,,,,,,,,,,,,,,,,,,,,,,,,,,,,
"Schlittler, Cam",693645,2026,25,31.4,5.4,49.8,28.6,42.3,27.6,8.1,"R",43.3,"44.2","97.9","2518","-5.4","-11.6","16.9","17.9","1.3","1.2","89.6","2512","6.7","-29.7","4.5","8.8","1.5",,,,,,,,,"8.7","86","2538","5.3","-47.5","-10.5","12","2.1","20.1","97.8","2352","-13.7","-17.7","10.9","17.7","1.4","25.7","94.7","2573","5.5","-19.8","10.5","12.2","1.6",,,,,,,,,,,,,,,,,,,,,,,,,,,,,,,,,,,,,,,,,,,,,,,,
"Waldrep, Hurston",694462,2026,24,16.1,17.9,42.8,23.3,71.4,14.3,8.6,"R",53,,,,,,,,,"14.4","85.2","2251","2.4","-36.8","0.6","3","1.6",,,,,,,,,"12.1","80.9","2159","7.1","-53","-11.5","13.6","1.6","38.6","94.2","2136","-12.7","-20.5","10.1","16.4","1.5","15.8","91.3","2261","0.6","-23.8","8.6","8.9","1.4","19.1","84.1","789","-4.1","-38","0.6","5.3","1.6",,,,,,,,,,,,,,,,,,,,,,,,,,,,,,,,,,,,,,,,
"Mears, Nick",683232,2026,29,18.1,13.3,42.8,18.7,47.4,24.6,5.3,"R",54.6,"36.7","94.8","2270","-7.5","-11.7","18.9","20.5","1.1","27.3","84.6","2521","2","-41.8","-3.6","4.7","1.1","10.6","84.5","1537","-15.7","-36.3","2.2","16.3","1.3","13.5","81.4","2587","6.7","-56.2","-14.6","16.1","1.2","12","93.8","2201","-13.5","-16.7","14.4","19.9","1.2",,,,,,,,,,,,,,,,,,,,,,,,,,,,,,,,,,,,,,,,,,,,,,,,,,,,,,,,
"Garcia, Rico",670329,2026,32,26.7,8.2,49.7,33.5,42.1,24.6,12.7,"R",47,"33.6","95.4","2503","-11.9","-12.7","17.6","21.3","1.2","20.1","89","2422","1","-27.8","6.6","6.9","1.4","28.1","86.5","2364","-16","-23.3","13.4","20.9","1.3","18.3","86.5","2468","-0.7","-41.8","-5.4","5.7","1.6",,,,,,,,,,,,,,,,,,,,,,,,,,,,,,,,,,,,,,,,,,,,,,,,,,,,,,,,,,,,,,,,
"Williams, Devin",642207,2026,31,28.7,11.8,42.6,34.9,39.6,19.8,11.3,"R",18.3,"52.5","93.9","2336","-12.7","-16.2","15.1","19.9","1.2",,,,,,,,,"46.3","83.9","2612","-20.7","-41.2","-1.9","20.9","1.5",,,,,,,,,,,,,,,,,"1.2","88.3","2379","1.8","-23.9","11.1","11.4","1.5",,,,,,,,,,,,,,,,,,,,,,,,,,,,,,,,,,,,,,,,,,,,,,,,
"Povich, Cade",700249,2026,26,17.5,8.3,47.7,23.6,42,30.7,8,"L",46.5,"45","91.7","2449","7.3","-13.7","19","20.4","1.2","14.1","86.4","2496","-5.3","-29.4","7","9.1","1.3","11","84.9","1452","14.6","-32.1","5.9","16","1.4","21","76.2","2460","-9.2","-63.7","-15.9","18.5","1.5","8.8","91.3","2262","15.1","-18.7","14.2","20.8","1.3",,,,,,,,,,,,,,,,,,,,,,,,,,,,,,,,,,,,,,,,,,,,,,,,,,,,,,,,
"Brown, Hunter",686613,2026,27,24.9,13,44.4,26.8,55.8,21.5,5.5,"R",53.3,"33.8","96.2","2244","-7.5","-12.8","16.8","18.5","1.3","7.9","90.3","2262","3.9","-29","4.4","6.1","1.6","9.6","87.5","1462","-12.6","-30.5","5.2","13.8","1.4","20.1","83.4","2553","6.1","-56.2","-16.4","17.6","1.7","28.5","95.9","2139","-14.8","-18.8","11","18.6","1.4",,,,,,,,,,,,,,,,,,,,,,,,,,,,,,,,,,,,,,,,,,,,,,,,,,,,,,,,
"Gray, Sonny",543243,2026,36,21.6,6.5,46.7,22.7,47.2,22.9,4.1,"R",47.2,"17.6","91.7","2469","0.7","-21","11.2","11.4","1",,,,,,,,,"5","86.1","1717","-13.4","-32.7","4","14.2","1.3","16.8","79.7","2598","12.9","-57.9","-14.4","19.4","1.3","21","92.1","2348","-11.4","-25","7.2","13.7","1.2","19.5","88.4","2623","4.2","-31.3","3.4","6.1","1.2",,,,,,,,,,,,,,,,,"20.1","84.9","2676","13.5","-42.6","-4.7","14.5","1.1",,,,,,,,,,,,,,,,,,,,,,,,
"Rogers, Trevor",669432,2026,28,20.3,6.8,50.8,23.3,40.7,24.5,11.3,"L",22.6,"44.8","93.6","2473","10.6","-15.8","15.5","18.9","1.6",,,,,,,,,"22.1","87.2","1591","13.9","-33.8","2.2","14.6","1.8",,,,,,,,,"10.1","93.3","2345","17.4","-23.4","8.1","19.4","1.4","9.8","83.1","2222","-4.3","-36.2","3.4","5.9","2.1",,,,,,,,,,,,,,,,,"13.1","78.2","2118","-10.5","-41","3.9","11.8","1.5",,,,,,,,,,,,,,,,,,,,,,,,
"Rodriguez, Grayson",680570,2026,26,19.7,10.2,50.2,23.7,32.9,28.3,5.8,"R",37.8,"53.5","96.1","2267","-11.3","-14.2","15.7","19.5","1.5","11.4","84.5","2393","5.3","-37.6","0.7","5.9","1.5","23.6","82.9","1751","-10.7","-34.7","5.1","12.1","1.4","11.6","80.7","2678","7","-50.7","-8.4","11.2","1.7",,,,,,,,,,,,,,,,,,,,,,,,,,,,,,,,,,,,,,,,,,,,,,,,,,,,,,,,,,,,,,,,
"Silseth, Chase",681217,2026,26,26.4,13.4,45.4,32.6,36.1,30.3,4.2,"R",35.1,"40.6","96","2406","-6.8","-13.6","16.2","17.7","1",,,,,,,,,,,,,,,,,,,,,,,,,"14.8","95.7","2324","-14","-20.6","9.3","17","1.2",,,,,,,,,"27.4","88.2","1077","-10.8","-33.7","1.8","11.8","1.4",,,,,,,,,"17.1","86.4","2847","9.4","-37.3","-0.5","9.8","1.4",,,,,,,,,,,,,,,,,,,,,,,,
"Martin, Corbin",656686,2026,30,16,20,40.5,34,37.5,25,18.8,"R",42.8,"50.5","94.9","2491","-1.8","-15.3","15.1","15.4","1.2","2.7","88.5","2570","2.5","-28.4","7","8","1.5","7.2","90","2240","-11.2","-28.2","5.7","12.9","1.6","24.3","85.9","2624","-0.1","-45.9","-8.8","9.3","1.4","3.6","95.2","2425","-10.8","-19","11.5","17","1.5",,,,,,,,,,,,,,,,,,,,,,,,,"11.7","87.3","2521","6.8","-33.9","2.5","8","1.5",,,,,,,,,,,,,,,,,,,,,,,,
"Adams, Travis",701519,2026,26,26.9,10.9,42.6,28.7,39.2,26.8,7.2,"R",41.9,"24.6","94.5","2421","-5.6","-14.6","16.1","17.1","1.2","21.2","86.3","2317","4.9","-35.2","1.4","5.4","1.5","27.9","86.1","1933","-15","-32","4.9","15.9","2",,,,,,,,,"5.8","94.1","2227","-14.5","-23.2","7.6","16.5","1.3","20.5","91.6","2501","3","-23.3","9.1","9.8","1.4",,,,,,,,,,,,,,,,,,,,,,,,,,,,,,,,,,,,,,,,,,,,,,,,
"Kahnle, Tommy",592454,2026,36,11.6,14,51.2,17.4,40.6,18.8,15.6,"R",37,"30.4","93.6","2193","-4.7","-14.6","16.5","17.2","1.3","6.5","84.7","2273","6.3","-35.3","2.5","7.2","1.5","63.1","88.2","1260","-11.5","-32.9","2","11.9","1.3",,,,,,,,,,,,,,,,,,,,,,,,,,,,,,,,,,,,,,,,,,,,,,,,,,,,,,,,,,,,,,,,,,,,,,,,
"Bradish, Kyle",680694,2026,29,22.6,10.1,43.8,24.8,48.7,22.7,7,"R",53,"17.5","94","2401","1.9","-17.6","13.2","13.6","1.4","25.9","87.3","2615","13","-36.1","-0.1","13.3","1.7",,,,,,,,,"22","84.7","2658","6.8","-51.4","-13.1","14.9","1.6","34.7","94.7","2176","-11.2","-17.8","12.8","17.3","1.6",,,,,,,,,,,,,,,,,,,,,,,,,,,,,,,,,,,,,,,,,,,,,,,,,,,,,,,,
"Irvin, Jake",663623,2026,29,23.1,9.8,50.3,23.8,37.8,32.4,8.1,"R",27.2,"28.1","93","2331","-8.7","-17.2","14.4","17","1.8",,,,,,,,,"5.3","84.8","2126","-16","-32.6","5.6","17","2.6","24.2","77.5","2526","16","-48.6","-2.8","16.6","1.9","21.8","92","2278","-15.5","-24.5","7.8","17.5","1.8","11.6","89","2376","2","-24.8","9.5","10.1","2.1",,,,,,,,,,,,,,,,,"8.9","82.1","2527","10.6","-35.2","5.4","12.6","2.2",,,,,,,,,,,,,,,,,,,,,,,,
"Luzardo, Jesús",666200,2026,28,29.7,7.4,46.9,31.8,51.9,20.9,4.9,"L",29.8,"24.7","97","2233","11.8","-15.5","13.8","18.3","1.4",,,,,,,,,"18.5","86","1668","15.4","-35.1","2","15.8","1.5",,,,,,,,,"18.6","95.8","2227","17.8","-23.9","6.1","19","1.7",,,,,,,,,,,,,,,,,,,,,,,,,"38.1","86.1","2431","-8.6","-38.1","-1","9.5","2",,,,,,,,,,,,,,,,,,,,,,,,
"Wicks, Jordan",696136,2026,26,16,4,48.9,23.9,46.2,20.5,5.1,"L",53.8,"38.3","93.1","2294","2.7","-15.8","15.5","15.8","1.1","20","86.2","2442","-4.2","-35.3","1.3","4.7","1.2","28.3","83","1504","12.3","-33","6.6","14.1","1.2","4.4","80.2","2661","-4.2","-50.9","-8.4","9.8","1.4","8.3","93.2","2190","13.4","-21.1","10.3","17","1.3",,,,,,,,,,,,,,,,,,,,,,,,,"0.6","83.3","2665","-15.4","-41","-1.5","15.5",,,,,,,,,,,,,,,,,,,,,,,,,
"Garcia, Julian",670062,2026,31,25,10.9,49.6,29.1,39.7,36.2,5.2,"R",52.1,"30.5","92.2","2675","1.7","-15.7","16.3","16.5","1.1","13","85.1","2956","4.1","-37.3","0","4.5","1.3",,,,,,,,,,,,,,,,,,,,,,,,,,,,,,,,,,,,,,,,,,,,,,,,,"56.5","82.2","2939","12.1","-43.1","-2.6","12.8","1.1",,,,,,,,,,,,,,,,,,,,,,,,
"Ryan, Joe",657746,2026,30,26.4,5.2,51.4,25.5,36.5,29.2,10.5,"R",23.6,"45.6","93.4","2285","-13.3","-18.1","13.4","19","1.5","6.2","86.1","2321","1.3","-32.6","4.2","5","1.6",,,,,,,,,"11.6","79","2764","13.1","-53.3","-9.2","16.1","1.7","9.6","93.1","2176","-17.3","-22.9","8.7","19.5","1.5",,,,,,,,,"12.5","87.9","2136","-16.7","-32.4","3.1","17.2","1.7",,,,,,,,,"14.5","80.5","2765","14.4","-41.3","1.2","14.7","1.7",,,,,,,,,,,,,,,,,,,,,,,,
"Matsui, Yuki",673513,2026,30,25.7,13.9,43.6,35.4,32.4,30.6,19.8,"L",54.3,"37.8","91.9","2437","4.5","-13.2","19.3","20","1","30.3","85.2","2703","-4.3","-33.6","3.8","6.8","1.5",,,,,,,,,,,,,,,,,"2.7","91","2099","12.2","-20.5","12.6","17.7","1.3",,,,,,,,,"25.1","83.3","1140","8.6","-36.4","3.2","10","1.3",,,,,,,,,"4.1","81.1","2878","-14.1","-44.5","-2.7","14.7","1.4",,,,,,,,,,,,,,,,,,,,,,,,
"Domínguez, Seranthony",622554,2026,31,27.2,14.7,44.3,29.1,41.9,27.6,8.6,"R",29.5,"41.6","97.2","2322","-5.2","-14.8","14.1","15.2","1",,,,,,,,,,,,,,,,,"1.9","83.4","2318","6","-49.5","-9.9","11.9","1.5","16.7","97.5","2231","-15.2","-19.1","9.7","18.2","1.1",,,,,,,,,"10.7","85.5","930","-9","-35.7","1.7","10.2","1.3",,,,,,,,,"29.1","85.1","2458","10.5","-33.3","4.4","11.8","1.3",,,,,,,,,,,,,,,,,,,,,,,,
"Springs, Jeffrey",605488,2026,33,18.4,9.2,45.9,23.6,33,34.5,7,"L",47,"44.2","91.4","2147","9.7","-16.1","16.7","19.4","1.2","24.8","84.1","2278","-4.1","-36.8","1.8","5.3","1.7","23.5","79.5","1382","12.7","-36.3","6.9","14.7","1.3",,,,,,,,,,,,,,,,,"1.7","88.4","2190","0.7","-25.3","9.7","10","1.5",,,,,,,,,,,,,,,,,"5.9","77","2299","-13.5","-47","-0.5","13.9","1.9",,,,,,,,,,,,,,,,,,,,,,,,
"Basso, Brady",669620,2026,28,18.8,3.5,49.8,23.6,39.4,27.3,6.1,"L",49.7,"40.1","93","2283","3.2","-17.2","14.3","14.8","1.3","21.4","84.1","2107","-3.4","-34.3","4.3","6.3","1.5","1.3","88.2","1850","15.6","-28","7.2","17.7","1.6","20.1","77.4","2239","-1.9","-56.6","-11.2","11.5","1.3","6.4","92.9","2126","13","-21.5","10.1","16.6","1.4","10.7","89.6","2213","-1","-26","7.8","8","1.5",,,,,,,,,,,,,,,,,,,,,,,,,,,,,,,,,,,,,,,,,,,,,,,,
"Harvey, Hunter",640451,2026,31,22.2,5.6,55.3,20,46.2,46.2,0,"R",43.2,"50","96.7","2099","-6.3","-11.7","17.7","18.8","1.4","13.2","87","2382","3.1","-33.1","2.8","4.5","1.6",,,,,,,,,"3.9","81.1","2092","7.1","-53.6","-11.6","13.8","1.4",,,,,,,,,,,,,,,,,"32.9","89","1135","-10.9","-32","2.6","11.6","1.4",,,,,,,,,,,,,,,,,,,,,,,,,,,,,,,,,,,,,,,,
"Junis, Jakob",596001,2026,33,18.3,4.3,53.9,18.8,39.5,25.8,6.5,"R",30.3,"18.5","92.3","2117","-4.3","-19.3","12.8","13.6","1.4",,,,,,,,,"19.2","86.7","1309","-13.2","-34.4","2.2","13.6","1.4",,,,,,,,,"18.8","91.9","2113","-14.6","-26","6.5","16.2","1.4",,,,,,,,,,,,,,,,,,,,,,,,,"43.5","82","2454","16.3","-41.4","-0.6","16.5","1.8",,,,,,,,,,,,,,,,,,,,,,,,
"Alvarez, Andrew",674841,2026,27,22,10.8,44.5,26.6,51,16.8,4.6,"L",47.8,"28.1","92.4","2317","2.9","-18.2","13.6","14.1","1.3","23.8","84.1","2662","-1.6","-40.7","-2.3","3.5","1.5","3.8","86.2","1797","15","-30.9","5.8","16.2","1.5","30.1","82.8","2718","-10.4","-53.1","-13","16.8","1.8","14.2","91.9","2270","13.4","-25.8","6.5","15.2","1.3",,,,,,,,,,,,,,,,,,,,,,,,,,,,,,,,,,,,,,,,,,,,,,,,,,,,,,,,
"Pop, Zach",647315,2026,29,19.4,9.7,47.7,15.4,52.4,28.6,0,"R",30.5,,,,,,,,,"26.2","86.4","2515","6","-36.8","-0.3","7","1.5",,,,,,,,,,,,,,,,,"62.3","96.2","2168","-18","-22","7.7","19.6","1.2","11.5","95.4","2168","-7.4","-17.4","12.6","14.8","1.4",,,,,,,,,,,,,,,,,,,,,,,,,,,,,,,,,,,,,,,,,,,,,,,,
"Perkins, Jack",678022,2026,26,25,8.5,47.5,26.8,35.1,33.1,6.6,"R",32.7,"33.8","95.8","2237","-10","-15.4","14.5","17.7","1.2","2.5","86.7","2742","4.7","-40","-3.7","7.1","2","19.2","89.5","1185","-12.8","-33.8","0.3","13.3","1.2",,,,,,,,,"3.7","94.5","2278","-16","-22","8.6","18.2","1.3","12","92.2","2500","-0.4","-24.8","7.2","7.6","1.2",,,,,,,,,,,,,,,,,"28.8","86.1","2749","12.1","-35.3","1.6","12.7","1.3",,,,,,,,,,,,,,,,,,,,,,,,
"Kelly, Antwone",699008,2026,22,12.5,12.5,56.1,11.7,58.3,25,4.2,"R",38.2,"55.3","98.9","2207","-6.9","-12.9","15","16.6","1.5","7.3","89.2","2127","4","-32.5","1.6","5.3","1.7","8.9","86.7","1312","-11","-35.7","0.5","11.3","1.6",,,,,,,,,"1.6","98.2","2167","-16.9","-19.7","9","19.1","1.5",,,,,,,,,,,,,,,,,,,,,,,,,"26.8","87.5","2457","7.6","-31.4","4.1","9.3","1.6",,,,,,,,,,,,,,,,,,,,,,,,
"Peralta, Wandy",593974,2026,34,14.8,8.6,43.9,21.6,49.5,16.5,6.7,"L",41.7,"10","96.4","2142","9.8","-15.1","14.4","17.6","1.2","16.5","89.3","2169","-0.4","-28.2","6.1","6.6","1.4","34","89.5","2184","16.3","-30.4","3.8","16.8","1.2",,,,,,,,,"39.5","96.1","2068","15.5","-20.4","9.3","18.2","1.1",,,,,,,,,,,,,,,,,,,,,,,,,,,,,,,,,,,,,,,,,,,,,,,,,,,,,,,,
"Hollowell, Gavin",668970,2026,28,21,12.9,49.8,27.8,20,42.5,12.5,"R",9.7,"36.4","94.4","2713","-9.8","-19.6","11.2","15","1.4",,,,,,,,,"9.1","85.3","1887","-14.2","-40.3","-2.6","14.6","1.4",,,,,,,,,"21.7","95.1","2613","-18.9","-27.1","3.4","19.3","1.3",,,,,,,,,,,,,,,,,,,,,,,,,"32.8","84.4","2586","14.3","-33.9","4.7","15.3","1.4",,,,,,,,,,,,,,,,,,,,,,,,
"Frasso, Nick",693308,2026,27,21.4,0,40,32.1,36.4,36.4,0,"R",48.7,"60","96.1","2288","-10.7","-14.8","14.8","18.4","1.3","12.7","85.6","2445","1.6","-45.5","-8.2","8.5","1.6","21.8","84","2377","-14.2","-35.9","2.9","14.6","1.4",,,,,,,,,,,,,,,,,"5.5","91.4","2480","4.4","-28.5","3.9","6","1.5",,,,,,,,,,,,,,,,,,,,,,,,,,,,,,,,,,,,,,,,,,,,,,,,
"Hoffman, Jeff",656546,2026,33,34.6,9.4,43.1,37.7,44.8,21.6,7.2,"R",32.6,"30.5","96.4","2533","-13.6","-13.3","16.3","21.3","1.2","42.7","86.5","2788","3.6","-37.8","-1.4","5.7","1.6",,,,,,,,,,,,,,,,,"5.1","96.1","2450","-16.1","-16.7","13.2","21","1.3",,,,,,,,,"21.8","89.4","1726","-15.2","-32.2","2.1","15.6","1.3",,,,,,,,,,,,,,,,,,,,,,,,,,,,,,,,,,,,,,,,
"Skenes, Paul",694973,2026,24,30,6.7,46.7,28.4,42.4,23.8,9.1,"R",25.7,"41","96.8","2173","-12.6","-16.2","12.9","18.2","1","7.4","86.7","2312","3.6","-34.9","1.3","4.4","1.4","13.6","88.7","1840","-15.4","-28.3","6.5","16.8","1.1","0.4","81.8","2422","10.9","-48.9","-7.9","13.6","1.5","10.6","96.6","2154","-17","-21.9","7.5","18.7","1",,,,,,,,,"11.2","93.3","1643","-13.3","-29.7","1.7","13.7","1.1",,,,,,,,,"15.8","84.3","2341","10.2","-32.9","5.7","12.4","1.4",,,,,,,,,,,,,,,,,,,,,,,,
"Bido, Osvaldo",674370,2026,30,13.6,12.3,41.6,23.4,32.1,32.1,7.1,"R",32.6,"29","94.4","2386","-8.6","-15.8","14.9","17.3","1.4","24.3","87.1","2343","3.4","-34.9","1.2","5.1","1.8","6.3","89.4","2082","-15.5","-27","7.5","17.4","1.5",,,,,,,,,"20.5","94.9","2333","-15.9","-22.4","8.1","17.9","1.2",,,,,,,,,,,,,,,,,,,,,,,,,"19.9","85.2","2481","10.2","-34.3","3.5","11.5","1.5",,,,,,,,,,,,,,,,,,,,,,,,
"Poulin, PJ",676571,2026,29,16.3,13.7,47.4,16.9,47.2,28.3,7.5,"L",14.7,"29.8","90.1","2179","14.7","-25.1","8.6","17.2","1",,,,,,,,,"11.8","80.4","1554","13.6","-45.3","-2.7","14.2","1.1",,,,,,,,,"23.1","89","2094","17.3","-33.8","0.9","17.4","1",,,,,,,,,,,,,,,,,,,,,,,,,"35.3","79","2369","-7.7","-38.6","5.5","10.2","1.2",,,,,,,,,,,,,,,,,,,,,,,,
"Winn, Keaton",676775,2026,28,19.2,9.3,49.5,23.4,50,20.8,5.8,"R",39,"24.6","96.1","2344","-9.6","-15.2","14.4","17.3","1.3","7","88.4","2293","0.6","-32.2","2.7","3.2","1.3",,,,,,,,,,,,,,,,,"22.5","95.3","2312","-13.2","-23.3","6.6","14.9","1.2",,,,,,,,,"45.8","89.3","1556","-13.5","-33.8","0.5","13.8","1.3",,,,,,,,,,,,,,,,,,,,,,,,,,,,,,,,,,,,,,,,
"Walker, Taijuan",592836,2026,33,14.8,9.6,46.5,16.8,39.5,33.7,4.7,"R",43.6,"9.9","91.9","2083","-8.4","-15.5","17","19.1","1.5","11.8","81.1","2390","7.6","-37.8","3.8","9.3","1.5",,,,,,,,,"12.7","74.4","2324","5.8","-58.7","-9.3","11.4","1.6","22.6","91.8","1948","-15.3","-19.7","12.8","20","1.5","19.8","86.6","2399","3.3","-24.4","11.8","12.5","1.3","23.1","86.8","1403","-11.7","-32.1","4.1","12.7","1.4",,,,,,,,,,,,,,,,,,,,,,,,,,,,,,,,,,,,,,,,
"Halvorsen, Seth",678020,2026,26,17,16,44.6,22.8,40.3,19.4,6,"R",50.6,"63.2","98.9","2297","-8.8","-13.6","14.3","16.9","1.4","29","86.3","2614","5","-39.1","-2.5","6","1.4",,,,,,,,,,,,,,,,,,,,,,,,,,,,,,,,,"7.8","90.2","1610","-11.7","-27.4","6","13.3","1.5",,,,,,,,,,,,,,,,,,,,,,,,,,,,,,,,,,,,,,,,
"Seabold, Connor",657756,2026,30,17.7,8,46.6,20,43.2,28.4,3.7,"R",32.5,"52.9","93.6","2151","-10","-15","16.3","19.2","1.4","16","82.9","2651","6","-41.6","-1.9","6.5","1.4","21","83.1","2251","-17.5","-38.3","1.5","17.6","1.4",,,,,,,,,,,,,,,,,"10.1","86.8","2459","3.1","-30.7","5.5","6.7","1.4",,,,,,,,,,,,,,,,,,,,,,,,,,,,,,,,,,,,,,,,,,,,,,,,
"Heuer, Codi",676051,2026,29,13,10.9,45,25.3,41.2,32.4,2.9,"R",27.3,"42.9","95.4","2417","-13.2","-17.2","13.1","18.7","1.2","32.3","86.5","2332","4.1","-35.9","0.6","4.9","1.4","24.3","87.1","2145","-17.6","-31","5.2","18.4","1.2",,,,,,,,,"0.5","96.5","2323","-16.2","-19.1","10.4","19.3",,,,,,,,,,,,,,,,,,,,,,,,,,,,,,,,,,,,,,,,,,,,,,,,,,,,,,,,,
"Schreiber, John",670167,2026,32,18.1,11.5,47.5,22.2,43.3,23.6,5.5,"R",8.4,"27.5","93.8","2275","-10.7","-21","10","14.8","1.5",,,,,,,,,"8.1","86.5","1170","-9.3","-41","-4.4","11","1.4",,,,,,,,,"23.5","93.2","2238","-15.4","-33.5","-1.9","15.7","1.5","13.1","89.5","2469","-0.2","-28.8","5.2","5.7","1.6",,,,,,,,,,,,,,,,,"27.8","82.3","2682","14.6","-38.5","2","15","1.4",,,,,,,,,,,,,,,,,,,,,,,,
"Loáisiga, Jonathan",642528,2026,31,18.9,5.8,47.3,23.4,52.1,19.7,4.2,"R",42.3,"16.7","97.4","2403","-9","-15.7","13.1","16.1","1.1",,,,,,,,,"29.2","91","1767","-16.6","-28.1","5.1","17.5","1.4","16","89.3","2650","4.2","-33.5","0.8","5.5","1.7","32.2","97.7","2295","-16.9","-21.2","7.5","18.6","1","5.8","95.9","2479","-1","-20.6","9","9.2","1.2",,,,,,,,,,,,,,,,,,,,,,,,,,,,,,,,,,,,,,,,,,,,,,,,
"Bivens, Spencer",702352,2026,32,30,10,53.3,18.2,50,33.3,0,"R",30.9,"2.2","95.8","1565","-16.9","-29.6","0.2","16.9",,,,,,,,,,"4.4","88.3","1605","-7.7","-31.8","3","8.3","1.4",,,,,,,,,"60","95.4","1891","-15.4","-25.9","4.1","16","1.2","8.9","90.9","2138","3.6","-24.7","8.1","9","1.5",,,,,,,,,,,,,,,,,"24.4","82.7","2137","15.6","-33.3","6.5","17","1.4",,,,,,,,,,,,,,,,,,,,,,,,
"Quantrill, Cal",615698,2026,31,16.4,7.4,48.2,19,39.8,28.1,10,"R",43.8,"20.3","93.8","2131","-9.4","-15.2","15.9","18.6","1",,,,,,,,,,,,,,,,,"4.5","79","2387","4","-52.2","-8.5","9.7","1.4","25.8","94","2083","-15","-19.5","11.5","19.1","1.2","26.8","88.5","2271","3","-28.5","6.3","7.4","1.4","22.6","84.9","1048","-9.7","-35.6","2.3","10.6","1.5",,,,,,,,,,,,,,,,,,,,,,,,,,,,,,,,,,,,,,,,
"Funderburk, Kody",681892,2026,29,20,13.8,46.1,23,61.5,18.3,5.8,"L",32.4,,,,,,,,,"5.7","87.7","2472","-0.4","-30.7","5","5.6","1.3","5.3","88.8","1891","15.6","-33.6","1.2","15.9","1.4",,,,,,,,,"35.2","93","2368","15.5","-24.4","7.4","17.3","1.3","33.3","92.4","2319","1","-19.3","12.6","12.8","1.4",,,,,,,,,,,,,,,,,"20.4","81.4","2500","-15.5","-45","-3.5","16","1.4",,,,,,,,,,,,,,,,,,,,,,,,
"Murphy, Chris",669684,2026,28,22,11.4,50.7,30.7,28.6,38.1,10.7,"L",38.5,"33.4","96.3","2398","7.7","-13.4","16.1","18","1.3","30","89.3","2324","-4","-28.6","5.4","7.3","1.5","3.6","85.9","1721","16","-34.3","2.9","16.5","1.6","22","77.7","2571","-15.2","-57.9","-12.2","19.6","1.5","3.2","93.7","2293","13.6","-20.8","10.4","17.3","1.4",,,,,,,,,,,,,,,,,,,,,,,,,"5.7","80.3","2420","-17","-39","3.6","17.5","1.4","2.1","82.8","2423","-8.4","-46.9","-7.2","11.1","1.5",,,,,,,,,,,,,,,,
"Ahlstrom, Robby",695239,2026,27,20,7.3,49.5,26.3,42.9,27.3,6.5,"L",49.5,"34.3","94.5","2196","5.1","-13.3","17.4","18.3","1.3","23.4","85.8","2342","-2.4","-32.9","4.1","5.5","1.4","13.9","86.5","1287","9.6","-28.9","7.6","13","1.4","5.5","81","2599","-5.3","-45.8","-4.1","7.1","1.5","23","94.4","2091","14.1","-18.1","12.7","19.1","1.4",,,,,,,,,,,,,,,,,,,,,,,,,,,,,,,,,,,,,,,,,,,,,,,,,,,,,,,,
"Rodriguez, Carlos",692230,2026,24,19,9.5,46.7,26.4,23.3,36.7,10,"R",35.2,"26.9","94.1","2279","-6.5","-14.4","16.5","17.8","1.3",,,,,,,,,"36.8","87.7","1819","-16.7","-29.9","5.9","17.8","1.1","1.1","78.8","2433","10.6","-52.6","-8.6","13.9","1.5",,,,,,,,,"26.9","90.1","2235","1","-23.8","9.8","10.1","1.5",,,,,,,,,,,,,,,,,"8.2","82.2","2423","14","-37.3","3.6","14.9","1.3",,,,,,,,,,,,,,,,,,,,,,,,
"Klassen, George",691946,2026,24,18.4,19.7,45.1,31.3,56.5,21.7,2.2,"R",41.7,"40.3","96.4","2309","-12.5","-14.4","15.4","20","1.1","23.5","90.6","2309","-0.1","-32.7","1","1.7","1.1","23.5","87.1","1515","-14.7","-30.7","5.5","15.8","1.3","5.7","85.2","2463","6.1","-43.1","-5.2","8.2","1.4","7","96.8","2300","-14.1","-14.5","15","20.7","1.3",,,,,,,,,,,,,,,,,,,,,,,,,,,,,,,,,,,,,,,,,,,,,,,,,,,,,,,,
"Díaz, Edwin",621242,2026,32,27.1,13.6,43.9,19.8,29.4,35.3,2.9,"R",14.8,"56.5","96.2","2328","-11.9","-17.5","12","17.1","1.4","43.5","88.9","2296","2.2","-30.7","3.6","4.7","1.5",,,,,,,,,,,,,,,,,,,,,,,,,,,,,,,,,,,,,,,,,,,,,,,,,,,,,,,,,,,,,,,,,,,,,,,,,,,,,,,,
"Suárez, Albert",544150,2026,36,15.6,9,45.3,22.6,32.1,27.7,9.4,"R",42.4,"53.4","93.6","2306","-5.4","-14.5","16.8","17.8","1.1",,,,,,,,,"16.7","84.9","2034","-16.8","-29.7","8.3","18.9","1.1","8.7","77.8","2266","5.8","-52","-6.8","9.2","1.5",,,,,,,,,"21.1","85.7","2166","2","-28.2","9","9.6","1.5",,,,,,,,,,,,,,,,,,,,,,,,,"0.1","81","2268","1.1","-39.9","2.1","2.4",,,,,,,,,,,,,,,,,
"Cecconi, Slade",677944,2026,27,18,7.6,49.8,20.3,44.2,25.8,5.3,"R",38.6,"26.7","93.4","2372","-11.1","-15.3","16.2","19.7","1.6","5.3","83.6","2540","2.7","-44.2","-5.2","6.1","1.6","2.2","83.1","1425","-12.5","-34.3","5.3","14.2","2.3","14.8","75.9","2415","9","-60.7","-12.6","15.6","2.8","20.8","93.4","2271","-16.6","-22.3","9.1","19","1.5","25.2","88.4","2239","1.3","-28.1","6.9","7.6","1.8","0.1","84.4","1016","-3.7","-30.5","7.8","8.7","1.5",,,,,,,,,"4.8","82.3","2463","11.6","-40.1","0.7","12.1","2.5",,,,,,,,,,,,,,,,,,,,,,,,
"Pagán, Emilio",641941,2026,35,26.4,7.3,46.7,28.9,22.9,40,17.1,"R",40.5,"63.4","94.8","2540","-8.4","-12.5","18.1","20","1.1",,,,,,,,,,,,,,,,,,,,,,,,,,,,,,,,,"18.8","86","2304","4.2","-32.7","4.2","6.5","1.2","17.8","82.7","885","-8.6","-37.2","2.8","10","1.4",,,,,,,,,,,,,,,,,,,,,,,,,,,,,,,,,,,,,,,,
"Kent, Zak",687849,2026,28,15.9,10.1,45.8,20.9,39.2,35.3,3.9,"R",52.4,"41.5","92.7","2679","1.2","-19.7","11.9","12.3","1.7","38.1","87.2","2760","5.7","-36.6","-0.8","6.3","1.4",,,,,,,,,"18.5","82.1","2822","6.3","-54","-13.3","14.8","1.9","1.5","93.8","2614","-10.2","-19.4","11.8","15.8","1.5",,,,,,,,,,,,,,,,,,,,,,,,,"0.4","83.7","2971","10","-48.2","-8.8","13.4",,,,,,,,,,,,,,,,,,,,,,,,,
"Bachar, Lake",669199,2026,31,25.2,8.5,45.5,30.3,38.5,33.9,9.2,"R",39.4,"29.2","94.6","2709","-9.3","-12.1","18.7","20.9","1.1","23.8","90","2696","1","-30.2","3.5","4.1","1.2",,,,,,,,,"15.3","86.3","2903","2.5","-43.8","-7.3","8","1.3","4.7","93.3","2687","-15.8","-22.9","8.7","18.2","1.3",,,,,,,,,"9.5","84.2","1650","-15.6","-33.1","5.7","16.8","1.6",,,,,,,,,"17.5","86.5","3078","8.3","-37.1","-0.4","8.7","1.3",,,,,,,,,,,,,,,,,,,,,,,,
"Holton, Tyler",663947,2026,30,19.2,5.2,49.4,23.5,51.5,17.2,6.5,"L",38.6,"12.6","91.5","2188","5.4","-16.9","15.7","16.8","1.1",,,,,,,,,"16.8","83.5","1443","13.6","-36.2","3","14.4","1.2","4.3","79.1","2788","-11.8","-59","-14.9","19.2","1.6","18.6","90.9","2082","15.3","-24.1","8.9","17.8","1","31.4","87.5","2399","-4.4","-29.5","5.9","7.7","1.3",,,,,,,,,,,,,,,,,"16.3","79.8","2798","-17.7","-45.4","-2.2","18","1.1",,,,,,,,,,,,,,,,,,,,,,,,
"Cosgrove, Tom",676680,2026,30,19.1,6.4,52.6,12.9,32.4,38.2,8.8,"L",10.1,"24.6","88.5","2521","5.8","-24.8","9.8","11.7","1.4",,,,,,,,,,,,,,,,,,,,,,,,,"8.8","88.3","2523","12.1","-28.4","6.6","14","1.4",,,,,,,,,,,,,,,,,,,,,,,,,"66.7","73.2","2796","-18.4","-49.9","1.5","18.6","1.6",,,,,,,,,,,,,,,,,,,,,,,,
"Way, Beck",694360,2026,26,20,9.5,48.6,25.9,52.1,21.9,4.1,"R",29.4,"14.1","97.4","2091","-14","-19.1","9.6","17.1","1.2",,,,,,,,,"3.3","91.1","1820","-14.5","-34.2","-1.3","15.3","1.6",,,,,,,,,"24.7","96.8","2129","-17.4","-24.7","4.4","18.1","1.3","42.2","91.3","2475","2.8","-28.6","4","5.2","1.2",,,,,,,,,,,,,,,,,"15.7","88.2","2652","10.3","-30.4","4.6","11.9","1.4",,,,,,,,,,,,,,,,,,,,,,,,
"Hill, Tim",657612,2026,36,11.2,5.9,54.3,13.1,67.5,15.2,3.3,"L",-21.7,"6.4","89.2","2078","16.8","-32.6","2.1","17","1.2","11.8","76","2273","-6.1","-38.5","9.2","12.1","1.6",,,,,,,,,,,,,,,,,"81.8","88.3","2058","15.7","-41.6","-6.3","17","1.2",,,,,,,,,,,,,,,,,,,,,,,,,,,,,,,,,,,,,,,,,,,,,,,,,,,,,,,,
"Fernandez, Ryan",681676,2026,28,33.9,11.9,42.4,36,40.6,25,9.4,"R",59.8,"40.7","94.5","2156","-6.6","-12.5","18.2","19.5","1.2","45.3","87.3","2561","3.4","-34.8","1.1","4.1","1.5","11.9","86.9","1402","-11.7","-30.5","5.7","13.2","1.4",,,,,,,,,,,,,,,,,"2.1","91.6","2292","1.6","-21","11.6","12","1.4",,,,,,,,,,,,,,,,,,,,,,,,,,,,,,,,,,,,,,,,,,,,,,,,
"Manaea, Sean",640455,2026,34,23.3,7.7,50.5,22.4,39.9,29.2,6,"L",15.3,"38","91","2047","13.4","-22.5","10.7","17.3","1.7",,,,,,,,,"3.7","83.1","1581","15","-37.5","2.1","15.3","2",,,,,,,,,"20.2","90.3","2051","18.2","-29.4","4.3","18.8","1.7","7.3","84.3","2140","-2.4","-31.6","6.9","7.6","1.8",,,,,,,,,,,,,,,,,"30.8","75.8","2280","-12.9","-45.9","2.1","13.6","2.3",,,,,,,,,,,,,,,,,,,,,,,,
"Beck, Brendan",694341,2026,27,12.9,16.1,41,33.9,18.2,50,0,"R",46.2,"48.2","92.4","2180","-7.2","-14.4","17.7","19.2","1.3","33.8","83.8","2298","1.3","-37.9","1.2","2.6","1.3",,,,,,,,,"5.8","76.5","2133","3.7","-57.9","-11.1","11.9","1.4","5","92.6","2058","-12.4","-18.1","13.6","18.5","1.4",,,,,,,,,"7.2","82.8","756","-5.4","-33.9","5.6","8.6","1.3",,,,,,,,,,,,,,,,,,,,,,,,,,,,,,,,,,,,,,,,
"Weathers, Ryan",677960,2026,26,25.9,7,46.4,27.3,48.7,21.8,4.6,"L",32.9,"23.3","95.8","2382","10.9","-14.7","15.4","18.9","1.4","12.3","86.9","2651","-3.8","-34.9","1.2","4.7","1.8","24.9","85.7","1947","12.4","-36.7","0.7","12.7","1.5",,,,,,,,,"19.2","94.1","2283","17.7","-22.5","8.5","19.8","1.5",,,,,,,,,,,,,,,,,,,,,,,,,"20.3","81.2","2627","-13.5","-41.2","0.5","13.8","1.7",,,,,,,,,,,,,,,,,,,,,,,,
"Woodruff, Brandon",605540,2026,33,27,5.7,52.6,23.6,27.6,42.2,9.5,"R",42.4,"44","91.8","2336","-4.5","-14.6","18","18.6","2.2",,,,,,,,,"21.3","82.4","1774","-15.6","-32.2","8.2","17.8","2.5","4.4","76.2","2564","6","-58.6","-11.4","12.9","1.6","19.2","92.4","2283","-14.3","-18","14.1","20.2","1.8","10.3","88.5","2376","2.4","-22.9","12","12.5","2",,,,,,,,,,,,,,,,,"0.8","79.2","2388","12.2","-40","3.8","13.1","1.5",,,,,,,,,,,,,,,,,,,,,,,,
"Beeks, Jalen",656222,2026,32,18.6,7.1,52.3,23.4,44,27.4,6,"L",45.1,"50.9","93.4","2157","6.9","-15.7","15.7","17.3","1.2",,,,,,,,,"40","87.9","2043","15.7","-26","9.6","18.7","1.2",,,,,,,,,,,,,,,,,"9.1","81.3","2385","-2.2","-42.1","-0.8","4","1.9",,,,,,,,,,,,,,,,,,,,,,,,,,,,,,,,,,,,,,,,,,,,,,,,
"Keller, Brad",641745,2026,30,23.7,9.6,45.8,22.5,44.3,28.4,4.5,"R",49,"31.9","97","2401","-0.2","-14.4","14.6","14.8","1.1","22.5","87.1","2695","6.4","-42.1","-6.1","9","1.3","13.3","92.8","1741","-10.8","-24.7","6.8","13","1.2",,,,,,,,,"19.9","96.7","2271","-13.3","-18.3","11.1","17.4","1.1",,,,,,,,,,,,,,,,,,,,,,,,,"12.4","85.7","2742","15.7","-35.9","1.4","16","1.5",,,,,,,,,,,,,,,,,,,,,,,,
"Fulton, Dax",690978,2026,24,21.1,17.5,36.8,28.4,62.9,8.6,8.6,"L",44.7,"32.2","95.1","2371","-1.4","-18.9","11.3","11.6","1.2","16.7","88.4","2450","-5.5","-32.9","2.1","6.6","1.5","6.3","89","1631","13.7","-29.7","5","14.6","1.4",,,,,,,,,"7.1","94.2","2220","8.5","-22.1","8.8","12.8","1.5",,,,,,,,,,,,,,,,,,,,,,,,,"37.7","83.5","2597","-13.5","-40.7","-1.2","14.1","1.5",,,,,,,,,,,,,,,,,,,,,,,,
"Pallette, Peyton",688883,2026,25,22.7,16.5,46.4,28.4,35.7,17.9,14.3,"R",39.4,"52.3","95.4","2278","-12","-14.1","16.3","20.4","0.8","22.4","85.6","2531","4.4","-40.7","-3.3","6.3","1.1","1.4","87","1974","-12.7","-26.7","9.7","16","1.4","24","81.6","2773","9.3","-56.2","-14.6","17.5","1",,,,,,,,,,,,,,,,,,,,,,,,,,,,,,,,,,,,,,,,,,,,,,,,,,,,,,,,,,,,,,,,
"Sewald, Paul",623149,2026,36,27,5.5,52.3,28.1,18.5,45.4,14.8,"R",15.3,"58.6","91.4","2566","-11","-20.5","12.3","16.7","1",,,,,,,,,,,,,,,,,,,,,,,,,,,,,,,,,"0.8","88.8","2511","-4.8","-26.9","7.8","10.2","1.5",,,,,,,,,,,,,,,,,"40.6","83","2478","11.2","-34.3","5.6","13.1","1.1",,,,,,,,,,,,,,,,,,,,,,,,
"Lazar, Max",676661,2026,27,14.3,8.6,53.1,19.4,51.9,29.6,0,"R",55.5,"35.9","94.6","2443","-3.4","-12.8","17.7","18.1","1.5",,,,,,,,,,,,,,,,,"18.8","82.2","2495","5.1","-55.4","-15","16","1.4",,,,,,,,,"20.3","87.7","2309","4.1","-31.5","3.7","5.8","1.4","25","86.5","1202","-10.9","-31.3","4.8","12.2","1.3",,,,,,,,,,,,,,,,,,,,,,,,,,,,,,,,,,,,,,,,
"Pivetta, Nick",601713,2026,33,36.4,9.1,45.2,26.1,33.3,33.3,16.7,"R",57.7,"57.6","94.1","2339","-2.2","-10.8","20.4","20.6","1.2","0.7","86.9","2300","4.5","-34.3","2.1","5.3","1.4",,,,,,,,,"17.7","79.2","2773","7.1","-60.6","-16.4","18","1.4","1.4","93.4","2234","-12.5","-15","16.6","20.9","1.4","10.2","91","2455","5.7","-20.4","12.7","14.2","1.4",,,,,,,,,,,,,,,,,"12.4","81.9","2442","12.5","-36.8","4.5","13.9","1.5",,,,,,,,,,,,,,,,,,,,,,,,
"Black, Mason",696131,2026,26,15.5,13.8,47.7,19.7,30,31.3,8.8,"R",27.1,"23.1","94","2148","-12.6","-16.9","14","18.9","1.4","13.6","87","2371","0","-34.4","1.6","2.6","1.5","4.8","88","1319","-14.7","-34.1","1.3","15.1","1.4","5.4","81.1","2563","3.5","-47.8","-6.3","7.5","1.4","24.4","93.9","2102","-16.5","-22.3","8.7","18.8","1.2","8.2","90.5","2175","-4","-25.5","7.8","9","1.4",,,,,,,,,,,,,,,,,"20.5","83","2631","13","-42.9","-2.9","13.6","1.5",,,,,,,,,,,,,,,,,,,,,,,,
"Vesia, Alex",681911,2026,30,32,16,44.7,35.5,27.5,40.7,9.9,"L",70.3,"53.3","92","2494","4.1","-10.9","21.4","21.9","1.3","32.2","84.1","2383","-5.8","-35.3","3.1","6.8","1.3","14.5","82.6","1877","9.9","-24.3","15.8","18.8","1.3",,,,,,,,,,,,,,,,,,,,,,,,,,,,,,,,,,,,,,,,,,,,,,,,,,,,,,,,,,,,,,,,,,,,,,,,
"McGreevy, Michael",700241,2026,25,16.6,6.2,46.3,18.7,43.7,27.3,4,"R",33.2,"25.3","91.8","2237","-8.4","-19.9","12.5","15.2","1.3","4.7","83.6","2405","3.6","-40.7","-1.8","4.7","1.3","19.7","86.8","1729","-13.5","-34.4","2.1","13.9","1.2","11.9","78.3","2516","12.8","-56.8","-11.8","17.6","1.5","16.6","90.7","2188","-12","-28.4","4.8","13.3","1.3","11.7","87.3","2316","1.3","-29.5","6.3","6.8","1.5",,,,,,,,,,,,,,,,,"10.1","81.6","2453","14","-42.8","-1.7","14.3","1.3",,,,,,,,,,,,,,,,,,,,,,,,
"Brazobán, Huascar",623211,2026,36,23.2,10.7,48.1,25.7,51.7,23.1,8.2,"R",38,"6.2","96.9","2244","-11.1","-15","14.3","18.3","1.2","0.7","85.9","2320","-4.4","-33.3","4.5","6.7","1.5","39.5","90.8","2051","-16.5","-30.4","3","16.9","1.4",,,,,,,,,"50.8","96.1","2283","-17.6","-22.1","7.6","19.3","1.3","2.9","91.2","2292","-3.8","-24","8.8","9.9","1.6",,,,,,,,,,,,,,,,,,,,,,,,,,,,,,,,,,,,,,,,,,,,,,,,
"Marinaccio, Ron",676760,2026,30,18.1,9.5,45.6,25.1,39.4,26.5,8.8,"R",26.9,"42.7","93.8","2176","-14.1","-18.2","13.1","19.4","1.1",,,,,,,,,"28.3","81.8","2218","-18","-40.2","1","18.3","1.5",,,,,,,,,,,,,,,,,"20.5","86.5","2200","2.2","-30.4","6.1","7.2","1.4",,,,,,,,,,,,,,,,,"8.4","81.9","2417","11.2","-35.8","5.1","12.8","1.4",,,,,,,,,,,,,,,,,,,,,,,,
"Soriano, José",667755,2026,27,24.2,11.2,43.7,31.2,52.1,21.5,3.7,"R",34.4,"23.1","97.2","2183","-9.7","-15.7","13.4","16.7","1.4","4.5","90.2","2339","1","-30.5","3.2","3.7","1.6",,,,,,,,,"25.9","85.4","2359","12.2","-44.2","-6.5","14","1.4","27.6","96.4","1927","-15","-26","3.5","15.7","1.3",,,,,,,,,"18.9","92.3","1618","-13.7","-31.3","0.9","14.1","1.4",,,,,,,,,,,,,,,,,,,,,,,,,,,,,,,,,,,,,,,,
"De Los Santos, Enyel",660853,2026,30,22.9,5.6,50.3,28.8,37,29.7,9.7,"R",24.8,"44.5","95.1","2246","-10.9","-16.8","13.6","17.5","1","30.5","86.4","2140","0.8","-30.4","6.2","6.5","1.4","25","85.4","1886","-16.6","-29.7","7.9","18.5","1.7",,,,,,,,,,,,,,,,,,,,,,,,,,,,,,,,,,,,,,,,,,,,,,,,,,,,,,,,,,,,,,,,,,,,,,,,
"Garcia, Robert",676395,2026,30,17.6,20.6,51,30.6,57.1,23.8,4.8,"L",24.3,"44.4","94.2","2257","10.7","-16.8","14.4","18","1.4","23.5","84.9","2432","-5.8","-38.3","-0.3","6.1","1.4","32","88.7","1726","15.3","-37.5","-2.2","15.7","1.1",,,,,,,,,,,,,,,,,,,,,,,,,,,,,,,,,,,,,,,,,,,,,,,,,,,,,,,,,,,,,,,,,,,,,,,,
"Pushard, Matt",690155,2026,28,18.8,12.5,40.8,16,35,30,0,"R",40.9,"45","95.1","2198","-9.6","-13.7","16.7","19.3","1.2","21.7","88.5","2442","4.1","-28.7","6.1","7.6","1.5","7.5","87.2","1109","-12.2","-34.2","2.1","12.8","1.4","12.5","82.8","2571","9.8","-44.2","-4.2","10.8","1.7","0.8","94.6","2837","-10.2","-14.3","16.3","19.2",,,,,,,,,,,,,,,,,,,,,,,,,,"12.5","84.9","2565","11.5","-36.5","1.5","11.9","1.5",,,,,,,,,,,,,,,,,,,,,,,,
"Svanson, Matt",694335,2026,27,19.8,10.1,52.7,18.8,37.8,27.3,8.4,"R",28,"1.1","96.4","2198","-6.7","-17.8","11.4","13.3","1.4",,,,,,,,,,,,,,,,,,,,,,,,,"44.9","96.3","2263","-15.3","-21.8","7.7","17.2","1.1","21.7","92","2289","2.1","-26.2","6","6.7","1.5",,,,,,,,,,,,,,,,,"32.2","86.6","2234","10.7","-34.4","2.1","11.4","1.3",,,,,,,,,,,,,,,,,,,,,,,,
"Freeland, Kyle",607536,2026,33,18.9,5.1,49.4,22.9,39.9,30.7,3.9,"L",28.6,"24.8","91.5","2379","7.1","-18.4","14.1","16","1.5",,,,,,,,,"13.6","86.4","1642","12.5","-31.3","5.2","13.7","1.6","21","82.5","2364","-0.2","-44.9","-5.1","5.4","1.7","7.5","91.5","2311","14","-25.3","7.2","15.9","1.3","21.9","87.7","2373","-1.1","-26.4","8.6","9","1.7",,,,,,,,,,,,,,,,,"11.3","82.7","2322","-8.6","-43.4","-3.3","10","1.8",,,,,,,,,,,,,,,,,,,,,,,,
"Alexander, Jason",669920,2026,33,16.7,9.5,51.5,20.3,44.3,27.9,6.6,"R",23.5,"23.1","91.5","2316","-15.4","-20.5","12.3","19.8","1.4","5","81.8","2413","8.9","-35.3","5.8","11.1","1.4","35.1","80.4","1818","-18.2","-39.9","2.6","18.4","1.4",,,,,,,,,"23.4","91","2058","-17.3","-30.9","2.1","17.5","1.5","7.4","85.4","2276","2.8","-31.7","6.1","7.9","1.5",,,,,,,,,,,,,,,,,"6","78.6","2563","16","-44.7","-0.4","16.3","1.3",,,,,,,,,,,,,,,,,,,,,,,,
"Brown, Ben",676962,2026,26,24.5,7.2,49.6,27.3,44.7,25.1,6.7,"R",40.9,"37","96.3","2208","-8.4","-13.5","16","18.2","1.2",,,,,,,,,"6","90.1","1290","-10.1","-29.2","4.4","11.6","1.2","36.5","86.8","2307","2.9","-39.3","-3.2","4.6","1.5","20.6","96.4","2149","-14.8","-16.9","12.6","19.5","1.1",,,,,,,,,,,,,,,,,,,,,,,,,,,,,,,,,,,,,,,,,,,,,,,,,,,,,,,,
"Santana, Dennis",642701,2026,30,19.9,11.3,44.3,25.9,30.2,34.1,7.9,"R",30.6,"30.3","94.1","2432","-11.9","-15.9","15.2","19.4","1.2","35","85.6","2576","1.7","-34.3","2.9","3.8","1.4","15","88.1","2336","-17.3","-30.3","5.1","18.2","1.3",,,,,,,,,"12","94","2377","-17","-22.2","8.8","19.2","1.2","7.6","90.6","2557","-0.8","-22","11","11.2","1.4",,,,,,,,,,,,,,,,,,,,,,,,,,,,,,,,,,,,,,,,,,,,,,,,
"Trevino, Jose",624431,2026,33,3.4,3.4,36.1,2.8,38.5,19.2,0,"R",56.2,,,,,,,,,,,,,,,,,,,,,,,,,,,,,,,,,,,,,,,,,,,,,,,,,,,,,,,,,"100","55.7","117","1.6","-86","5.5","10.8","2.3",,,,,,,,,,,,,,,,,,,,,,,,,,,,,,,,
"Hicks, Jordan",663855,2026,29,26.3,14.5,47.5,23.9,48.3,23.6,5.6,"R",34.6,"14.5","99.5","2240","-12","-14.2","13.5","18.2","1.4",,,,,,,,,,,,,,,,,,,,,,,,,"49.8","99","1943","-16.6","-19.6","8.4","18.8","1.5",,,,,,,,,"3","90.3","1049","-9.9","-34.7","-0.9","11","1.9",,,,,,,,,"32.7","86.9","2242","6.6","-36.2","0","7.5","1.4",,,,,,,,,,,,,,,,,,,,,,,,
"Vanasco, Ricky",676568,2026,27,10,15,47.6,20.6,43.3,30,6.7,"R",41.4,"51.2","93.7","2188","-12.5","-16.3","14.9","19.5","1.3",,,,,,,,,"25.9","84.6","1382","-13.3","-36.5","1.6","13.8","1.5","22.9","82.6","2290","5.9","-53","-12.7","14.2","1.5",,,,,,,,,,,,,,,,,,,,,,,,,,,,,,,,,,,,,,,,,,,,,,,,,,,,,,,,,,,,,,,,
"Burns, Chase",695505,2026,23,28.5,9.2,43.9,31.7,37,28.9,9.6,"R",52.7,"56.3","97.6","2625","-3.5","-10.2","18.6","19.1","1.4","38.4","90.2","2767","3.2","-33.2","0.3","4","1.8","5.3","90","1857","-15.2","-23.8","10.1","18.3","1.4","0","81.9","2717","0.8","-46.2","-5.5","5.5",,,,,,,,,,,,,,,,,,,,,,,,,,,,,,,,,,,,,,,,,,,,,,,,,,,,,,,,,,,,,,,,,
"Jones, Jared",683003,2026,24,26.1,7.6,48.8,30.2,38.7,26.4,10.4,"R",40.9,"45.3","98.3","2543","-8.8","-12.6","15.6","18.1","1.4","35.9","89.6","2684","3.2","-32.5","1.3","4.1","1.6","11.8","93.1","1646","-11.7","-27.2","4.2","12.7","1.5","7","85.6","2928","5.6","-47.4","-10.3","11.8","1.4",,,,,,,,,,,,,,,,,,,,,,,,,,,,,,,,,,,,,,,,,,,,,,,,,,,,,,,,,,,,,,,,
"Burrows, Mike",681347,2026,26,17.7,8.3,47,21.6,37.9,28.5,8.1,"R",39.6,"28.5","95","2277","-8.7","-14","16.5","18.8","1.1","16.5","89.5","2527","3.7","-26.9","7.2","8.4","1.5","27.1","86.7","1483","-15","-30.6","5.8","16.3","1.5","14.4","79","2910","10.8","-57.6","-13.3","17.2","1.7","13.5","94.5","2166","-14.6","-17.9","12.8","19.6","1.3",,,,,,,,,,,,,,,,,,,,,,,,,,,,,,,,,,,,,,,,,,,,,,,,,,,,,,,,
"Suter, Brent",608718,2026,36,20.6,7,50,22.9,49.3,20,5.9,"L",48,"25.3","87.5","2189","-1","-20.5","15.3","15.6","1.6","14.4","77.9","2231","-11.2","-43.8","1.6","11.9","2.1","28.9","76.3","1546","9.9","-37.2","9.9","14.2","2.3",,,,,,,,,"31.3","88.8","2120","11.5","-22.2","12.6","17.1","1.5",,,,,,,,,,,,,,,,,,,,,,,,,,,,,,,,,,,,,,,,,,,,,,,,,,,,,,,,
"Gage, Matt",657424,2026,33,17.5,13.5,37.6,24.4,41.9,27.9,4.7,"L",49.1,"33.1","92.2","2138","2","-16.3","15.8","16","1","44.9","84.3","2293","-4","-37.2","1.1","4.6","1.2","14.3","85.1","1128","9.4","-33","4.6","11","1.3",,,,,,,,,"7.8","92.9","2206","12.7","-18.5","13.1","18.4","1.1",,,,,,,,,,,,,,,,,,,,,,,,,,,,,,,,,,,,,,,,,,,,,,,,,,,,,,,,
"Edwards Jr., Carl",605218,2026,34,44,16,48.5,51.2,40,40,0,"R",54.2,"53.5","92.5","2540","2.8","-13.4","18.7","19","1.3",,,,,,,,,"16.2","88.7","1789","-14","-23.5","11.6","18.5","1.4","30.3","79.8","2257","6.7","-55.4","-11.7","13.9","1.5",,,,,,,,,,,,,,,,,,,,,,,,,,,,,,,,,,,,,,,,,,,,,,,,,,,,,,,,,,,,,,,,
"Rojas, Kendry",696070,2026,23,26.2,16.9,44.5,28.1,43.8,28.8,11,"L",43.4,"43.4","96","2253","6.4","-13.7","16","17.5","1.2","27.6","89","2401","-4","-28.1","6.2","7.8","1.6","14.6","89","1416","7.8","-29.7","4.7","9.5","1.6",,,,,,,,,"14.4","94.8","2034","15.1","-20.2","10.2","18.3","1.4",,,,,,,,,,,,,,,,,,,,,,,,,,,,,,,,,,,,,,,,,,,,,,,,,,,,,,,,
"Kelly, Kevin",687330,2026,28,21.2,4.4,50.6,19.2,60.1,12.8,0.7,"R",1.1,"6","93.1","2121","-13.1","-21.8","10","16.5","1.3",,,,,,,,,"26.3","86","1871","-12.5","-45.1","-7.8","14.9","1.2",,,,,,,,,"58.3","91.4","2038","-17","-37","-4.1","17.6","1","0.4","89.1","2259","-0.6","-25.4","9.1","9.2","1.5",,,,,,,,,,,,,,,,,"9","78.3","2556","18.8","-39.2","6","19.9","1.3",,,,,,,,,,,,,,,,,,,,,,,,
"Webb, Jacob",657097,2026,32,27.4,7.8,48.9,33.6,42.3,26.1,5.6,"R",32.5,"45","94.2","2464","-9.6","-14.8","16.2","18.9","1","8.6","85.9","2595","1.2","-38.9","-2","2.9","1.1","37","85.6","2271","-17.8","-28.6","8.9","20","1","6.5","81.9","2586","7.1","-52.8","-11.7","13.8","1.2",,,,,,,,,,,,,,,,,,,,,,,,,,,,,,,,,"2.9","82.5","2652","11.2","-41","-0.5","11.4","1.2",,,,,,,,,,,,,,,,,,,,,,,,
"Yates, Kirby",489446,2026,39,29.2,9.5,45.4,30.6,32.5,28.7,8.8,"R",19,"66","90.9","2310","-14.5","-19.9","13.4","19.8","1",,,,,,,,,,,,,,,,,,,,,,,,,,,,,,,,,,,,,,,,,"32.2","84.5","1248","-11.5","-39.4","-1.1","11.8","1.1",,,,,,,,,"1.8","75.3","2433","13.2","-50.5","-1.9","13.4","1.5",,,,,,,,,,,,,,,,,,,,,,,,
"Coulombe, Danny",543056,2026,36,10.4,15.6,46.1,17.1,42.9,24.3,10,"L",55.7,"9.9","89.8","2364","0.4","-17.6","16.2","16.3","1.4",,,,,,,,,,,,,,,,,"6.2","78.4","2751","-5.7","-64.6","-19.2","20.2","1.5","29.6","90","2216","11.9","-20.9","13","17.7","1.4","37.1","85.2","2493","-4.2","-32.1","5.4","7.6","1.2",,,,,,,,,,,,,,,,,"17.1","81","2641","-12.5","-44.2","-2.3","13.1","1.3",,,,,,,,,,,,,,,,,,,,,,,,
"Englert, Mason",669438,2026,26,20.4,5.1,47.6,23.9,31,32.8,9.5,"R",42,"17.3","92.9","2318","-9.1","-14.7","17.3","19.6","1.1","6.4","81.7","2351","3.1","-44.7","-3.6","6","1.8","27.9","86.5","2085","-13.8","-35.8","1","14","1.3","18.2","74.4","2701","12.2","-65.1","-14.9","19.4","2.2","19.8","91.7","2176","-15.4","-20","12.7","20.1","1.2","10.1","86.2","2151","2.5","-33.1","3.8","5.1","1.2",,,,,,,,,,,,,,,,,"0.3","80.6","2219","11.9","-39.1","3.3","12.4","1.5",,,,,,,,,,,,,,,,,,,,,,,,
"Schweitzer, Tyler",805326,2026,25,11.7,9.6,53.6,23.5,37.8,29.7,4.1,"L",45.4,"41.9","94.3","2412","3.6","-15.1","15.6","16.2","1.2","35.6","88.1","2423","-4.1","-31.1","4.1","6.5","1.8","10.8","89","2237","13.2","-29.4","5.3","14.7","1.6",,,,,,,,,"1.4","92.4","2455","13.2","-22","10.1","17","1.5",,,,,,,,,,,,,,,,,,,,,,,,,"10.3","82.3","2664","-9.4","-44.6","-4.1","11.1","1.5",,,,,,,,,,,,,,,,,,,,,,,,
"Richards, Trevor",670950,2026,33,23,8.3,47.2,23.5,31.5,35.6,12.1,"R",52.7,"62.6","92.1","2259","-7.2","-12.8","19.5","20.9","1","8.2","84.9","2170","4","-33.8","4","6.3","1.5","29.1","80.1","2558","-11.1","-43.7","-1.3","11.4","1.1",,,,,,,,,,,,,,,,,,,,,,,,,,,,,,,,,,,,,,,,,,,,,,,,,,,,,,,,,,,,,,,,,,,,,,,,
"Pannone, Thomas",623381,2026,32,14.3,14.3,51.8,10.7,40,20,0,"L",29.8,"7.1","90.5","2358","8.1","-17.3","16","18","1.4",,,,,,,,,"10.7","86.1","1955","14.9","-30.8","5.9","16.1","1.4","12.5","75.4","2544","-10.7","-57.3","-9.2","14.3","1.4","17.9","89.7","2328","13.3","-22","11.7","17.8","1.3","44.6","88","2481","-0.4","-22.7","12.2","12.4","1.3",,,,,,,,,,,,,,,,,"7.1","79.9","2502","-12.4","-36.4","6.1","13.9","1.4",,,,,,,,,,,,,,,,,,,,,,,,
"Santillan, Tony",663574,2026,29,20.9,10.4,47.2,22.4,37,37,3.3,"R",24,"64.5","94.6","2329","-12","-17","13.8","18.4","1.1","2.4","85.7","2233","9.2","-37.1","0.5","9.4","1.4",,,,,,,,,,,,,,,,,,,,,,,,,,,,,,,,,,,,,,,,,,,,,,,,,,,,,,,,,"33.1","84.6","2230","11","-44.3","-5.8","12.7","1.2",,,,,,,,,,,,,,,,
"Gómez, Yoendrys",672782,2026,26,21.6,12.1,47.6,25.1,29.1,31.8,14.6,"R",31.4,"45.4","95.7","2463","-7","-13.7","16.3","17.8","1.5",,,,,,,,,"5.1","91.9","1797","-17.3","-29","3.5","18","1.4",,,,,,,,,"10.3","94.1","2350","-16.6","-19.7","11.4","20.3","1.3","14.6","91.3","2507","2.4","-23.6","9.2","9.9","1.9",,,,,,,,,,,,,,,,,"24.6","84.4","2754","13.2","-33.3","5.3","14.6","1.7",,,,,,,,,,,,,,,,,,,,,,,,
"Petersen, Michael",656848,2026,32,30.2,11.1,47.5,29,37.4,31.3,15.7,"R",51.8,"60.9","97.9","2361","-7.7","-9.2","19.5","21.1","1.2","26.6","87.1","2392","1.1","-38.1","-1.9","3.2","2.1","12.4","89.4","1138","-10","-26.7","7.7","13.6","2.1",,,,,,,,,"0.1","98.3","2371","-11.7","-10.2","18.4","21.8",,,,,,,,,,,,,,,,,,,,,,,,,,,,,,,,,,,,,,,,,,,,,,,,,,,,,,,,,
"Lopez, Jacob",682052,2026,28,20.2,11.8,47.4,24,33.2,31.6,15.6,"L",19.4,"34.2","90.5","2196","13.7","-21","12.5","18.7","1.3","32.5","76.7","2399","-9.8","-44.2","2.4","10.5","1.7","8.8","83.1","2134","18.1","-36.1","3.9","18.7","1.5",,,,,,,,,"4.1","89.7","2064","18","-27.6","6.6","19.3","1.4","20.4","86.4","2216","1","-28.5","8.2","8.9","1.5",,,,,,,,,,,,,,,,,,,,,,,,,,,,,,,,,,,,,,,,,,,,,,,,
"McGee, Easton",668834,2026,28,20,11.4,55.5,22.5,41.7,37.5,0,"R",25.3,"23.5","92.5","2546","-6","-17.4","14.2","15.4","1.1",,,,,,,,,"4.2","85.5","1825","-15","-31.3","5.9","16.2","1.4","21","80.8","2239","8.8","-50.3","-8.4","12.3","1.4","18.5","93.5","2339","-16.1","-23.9","7.2","17.7","1.1","14.3","87.6","2438","2.3","-27.8","7.4","8.1","1.4",,,,,,,,,,,,,,,,,"18.5","82.8","2260","8.2","-34.7","4.8","10.1","1.3",,,,,,,,,,,,,,,,,,,,,,,,
"O'Brien, Riley",676617,2026,31,23.9,9.8,44.6,27.5,51.6,19.8,0.8,"R",30.8,,,,,,,,,"8.1","91","2451","2.2","-28.7","4.2","5.3","1.8","0.9","90.9","1861","-15.7","-27.9","5.3","16.7","1.6",,,,,,,,,"60.8","98","2198","-16.2","-23.8","4.7","17","1.4",,,,,,,,,,,,,,,,,,,,,,,,,"30.2","83.3","2342","15.1","-43.8","-4.1","15.9","1.5",,,,,,,,,,,,,,,,,,,,,,,,
"Natera Jr., Samy",696519,2026,26,40.4,9.6,50.4,37.3,21.6,41.2,11.8,"L",48.7,"81","94.8","2324","5.1","-11.1","19.6","20.4","1.2","18","85","2581","-7.3","-30.2","7.6","10.8","1.6",,,,,,,,,,,,,,,,,,,,,,,,,,,,,,,,,"1.1","88.6","1581","10.1","-24.7","10","14.5","1.6",,,,,,,,,,,,,,,,,,,,,,,,,,,,,,,,,,,,,,,,
"Lord, Brad",695418,2026,26,21.4,8,52.1,20.7,56.7,19.7,5.1,"R",17.2,"36.2","94.5","2421","-16","-20.5","10.3","19.1","1.3","21.6","85.2","2562","1.8","-39.3","-1.8","3.2","1.5","5.1","86","1961","-16.4","-34.4","2.7","16.7","1.2",,,,,,,,,"22.8","94.3","2312","-18.7","-27.4","3.5","19.1","1.1",,,,,,,,,,,,,,,,,,,,,,,,,"14.2","83.2","2680","11","-39.3","0.3","11.3","1.5",,,,,,,,,,,,,,,,,,,,,,,,
"Rashi, Taylor",688497,2026,30,26.7,6.7,51.1,43.3,50,30,0,"R",73.3,"31.1","90.8","2159","2.6","-15.5","17.7","18.1","1.4","31.1","84.4","2209","5.7","-37.1","1.2","6.5","1.5",,,,,,,,,"17.8","77.5","2210","1","-59","-13.3","13.5","1.7",,,,,,,,,,,,,,,,,"17.8","85.6","1329","-9.5","-29.2","8.1","12.7","1.5",,,,,,,,,,,,,,,,,"2.2","75","1940","3.4","-60.4","-11.6","12.1",,,,,,,,,,,,,,,,,
"Peralta, Freddy",642547,2026,30,21.8,9,43.1,26.1,40.9,26.6,7.9,"R",33.1,"53","94.2","2422","-7","-14.5","16.5","18.1","1.7","5.3","83.1","2348","2.8","-36","3.6","5.6","1.6","21.8","87.2","1951","-17.4","-33.1","3","17.8","1.2","14.3","78.9","2294","5","-47.9","-3.9","6.7","2.3",,,,,,,,,,,,,,,,,,,,,,,,,,,,,,,,,"5.6","81.8","2499","11.2","-35.7","5.2","12.6","1.7",,,,,,,,,,,,,,,,,,,,,,,,
"Thompson, Ryan",657044,2026,34,15.6,7,47.6,19.2,51.8,14.9,8.5,"R",-12.2,"4.3","91.3","2149","-10.3","-27.4","5.5","12","1.4","33.2","77.9","2296","14.7","-37.4","8.2","16.9","1.2",,,,,,,,,,,,,,,,,"62.5","89.3","1984","-11.8","-42.9","-8.2","14.7","1.2",,,,,,,,,,,,,,,,,,,,,,,,,,,,,,,,,,,,,,,,,,,,,,,,,,,,,,,,
"Littell, Zack",641793,2026,30,14.5,7.5,49.3,16.9,36.7,32,8.1,"R",39.4,"25.8","91.7","2019","-6.5","-16","16.4","17.8","1.2","28.9","88.2","2116","1.5","-24.6","10.2","10.5","1.4",,,,,,,,,,,,,,,,,"14.7","91.4","1960","-14.3","-21.4","11.2","18.3","1.2",,,,,,,,,"21.8","84","1127","-11","-38.3","0.5","11.6","1.2",,,,,,,,,"8.9","79.3","2182","12.3","-47.8","-4.4","13.3","1.2",,,,,,,,,,,,,,,,,,,,,,,,
"Griffin, Foster",656492,2026,30,22.1,5.8,48,23.7,44.8,26.3,6,"L",44.9,"16.4","91.5","2091","4.5","-16.5","16.1","16.9","1.3",,,,,,,,,"10.6","82.3","1873","14.3","-32.6","7.8","16.5","1.2","9.9","77.8","2356","-8.6","-59.3","-13.9","16.4","1.4","10.3","91.3","2039","14.5","-22.5","10.3","17.9","1.1","32.4","88.3","2256","-4.7","-27.4","7.4","9.1","1.3","6","81.3","1319","0.5","-41.1","0.9","3.5","1",,,,,,,,,"14.4","79.9","2533","-17","-44.2","-1.2","17.2","1.3",,,,,,,,,,,,,,,,,,,,,,,,
"Stallings, Garrett",668831,2026,28,30,10,43.4,33.9,38.9,38.9,11.1,"R",39.9,"1.6","92.4","1907","-3.4","-16.6","15.3","15.7","1.4",,,,,,,,,"40.2","80.8","1622","-15.5","-37","5","16.5","1.6","1.6","81.1","2397","-0.1","-48.2","-6.9","6.9","1.4","24.6","91.7","1832","-12.4","-21.8","10.6","16.5","1.3","28.7","88.1","2156","2.2","-27","7.9","8.5","1.4",,,,,,,,,,,,,,,,,"3.3","82.3","2359","6.7","-41.1","-0.5","6.8","1.4",,,,,,,,,,,,,,,,,,,,,,,,
"Shuster, Jared",694363,2026,27,9.1,13.6,44.6,13.6,50,29.4,5.9,"L",38.7,"29.5","93.4","2145","9.6","-17.5","14","17","1.3","20.5","84.5","2285","-1.9","-38.5","-0.4","2.4","1.2","20.5","84.9","1792","13.7","-34.8","3","14.1","1.2",,,,,,,,,"12.7","92","2091","13.7","-22.6","9.8","16.9","1.3","16.9","88.6","2320","0.4","-25","9.5","9.8","1.3",,,,,,,,,,,,,,,,,,,,,,,,,,,,,,,,,,,,,,,,,,,,,,,,
"Bradley, Taj",671737,2026,25,26.6,9.9,48.1,26.3,35.1,29.7,8.3,"R",56.1,"46.4","97.1","2311","-5.5","-10.7","18.4","19.3","1.6",,,,,,,,,,,,,,,,,"9.3","82.4","2406","3.9","-53.6","-13.2","13.9","1.9",,,,,,,,,"24.4","89.8","2187","4.7","-29.6","4.2","6.9","1.5","20","91.5","1740","-10.7","-26.3","6.2","12.5","1.7",,,,,,,,,,,,,,,,,,,,,,,,,,,,,,,,,,,,,,,,
"Woo, Bryan",693433,2026,26,24.4,5.2,51.3,24.7,38.4,29.1,8.8,"R",24.1,"47.4","96","2277","-10.7","-15.2","14.6","18.2","1.1","15.3","87","2215","2.5","-34.3","1.6","3.5","1.6","6.4","89.5","1952","-15.8","-31.3","2.8","16.2","1.3","1.6","82.7","2306","5.8","-45.7","-6","8.5","1.5","18.4","95.7","2277","-16.4","-24.5","5.4","17.4","1.2",,,,,,,,,,,,,,,,,,,,,,,,,"11","84.4","2482","10.4","-34.7","3.6","11.8","1.7",,,,,,,,,,,,,,,,,,,,,,,,
"Krook, Matt",640454,2026,31,19.6,21.7,39.1,25.7,48,12,8,"L",29.1,,,,,,,,,,,,,,,,,"0.6","83.4","1503","12.6","-39.9","-0.1","12.6",,,,,,,,,,"43.6","89.6","2007","15.8","-30.8","3.3","16.3","1.2","3.9","87.1","2439","0.2","-31.8","4.1","4.4","1.4",,,,,,,,,,,,,,,,,"52","82.1","2715","-14.1","-40.5","0.3","14.5","1.3",,,,,,,,,,,,,,,,,,,,,,,,
"Weiman, Blake",676620,2026,30,22.2,0,56.3,23.5,42.9,7.1,14.3,"L",32.2,"5.6","90.9","2382","3.2","-17.3","15.9","16.3","1.4","32.4","83.4","2605","-8.2","-40.8","-1.4","8.8","1.4","5.6","86.4","1900","10.5","-38.3","-1.3","10.9","1.4",,,,,,,,,"14.1","91","2243","13","-23.2","10.2","16.8","1.3",,,,,,,,,,,,,,,,,,,,,,,,,"42.3","79.5","2652","-16.7","-41.2","2.7","17","1.3",,,,,,,,,,,,,,,,,,,,,,,,
"Rolison, Ryan",669020,2026,28,25.1,10.7,48.3,22.5,45.8,29.2,5,"L",48.4,"41.9","94.7","2284","2.4","-15.9","14.4","14.7","1.1","15.8","86.8","2537","-4.6","-38","-1.9","5.5","1.5","1.3","88.9","1678","6.8","-28.6","5.9","9.5","1.4","17.9","79.7","2668","-9.7","-57.1","-13.8","17","1.3","9.2","95","2231","11.6","-21.2","9.1","15","1.3",,,,,,,,,,,,,,,,,,,,,,,,,"13.9","85.2","2592","-13.1","-37.7","-0.1","13.5","1.3",,,,,,,,,,,,,,,,,,,,,,,,
"Leiter Jr., Mark",643410,2026,35,26.4,7.6,45.2,30.3,42.9,24.2,5.5,"R",46.4,"11.6","92.2","1968","-7.4","-15.9","16.3","18","1.1","0.9","82.5","2238","2.1","-41.7","-1.7","3.3","1.4",,,,,,,,,"19.2","73.9","2316","10.1","-67.1","-16.3","19.3","1.1","26.1","92.1","2016","-14.7","-20.8","11.5","18.7","1.2","9.3","89.6","2121","1.2","-24.9","8.9","9.3","1.4","32.8","84.3","741","-5.2","-35.8","2.9","6.9","1.1",,,,,,,,,,,,,,,,,,,,,,,,,,,,,,,,,,,,,,,,
"Soto, Gregory",642397,2026,31,28.7,10,44.6,28.2,45.5,22,13,"L",33.5,"17.8","97.1","2336","11.2","-15","14.1","18.2","1.3","28","83.5","2583","-5.4","-36.6","2.9","6.7","1.6",,,,,,,,,,,,,,,,,"36.6","96.4","2310","17.2","-21.4","8.1","19.1","1.6",,,,,,,,,"0.1","87.6","2038","17","-26.9","8.7","19.1",,,,,,,,,,"17.5","82.6","2584","-12.5","-39.4","1","12.8","1.7",,,,,,,,,,,,,,,,,,,,,,,,
"Aleman, Franco",680916,2026,26,29.3,9.3,48.2,26.3,31.8,31.8,15.9,"R",19.8,"67.2","96.2","2516","-14.9","-17.4","12.3","19.4","1.6","24.4","86","2530","3.2","-35.2","2","4.7","1.6","8.4","88.3","1802","-16.1","-29.1","6.2","17.4","1.7",,,,,,,,,,,,,,,,,,,,,,,,,,,,,,,,,,,,,,,,,,,,,,,,,,,,,,,,,,,,,,,,,,,,,,,,
"Voth, Austin",608723,2026,34,5.4,10.7,40.9,15.6,25.5,36.2,6.4,"R",37.9,"24.8","92.1","2334","-6","-15","17.3","18.4","1.3",,,,,,,,,,,,,,,,,"15.9","74.5","2842","16.2","-62.8","-13","20.8","1.3","13.1","91.2","2263","-13.1","-20.9","11.9","17.8","1.2","23.8","87.4","2401","3","-29.2","6.4","7.4","1.3","3.7","85.1","1510","-7.6","-31.3","6.5","10.4","1.4",,,,,,,,,"18.7","80.1","2795","17.7","-42.8","0.1","18","1.5",,,,,,,,,,,,,,,,,,,,,,,,
"Johnson, Pierce",572955,2026,35,20.9,8.8,49.1,24.3,38.5,32.7,3.8,"R",41.3,"36.2","95.4","2325","-10","-14.4","15.8","18.9","1.2",,,,,,,,,,,,,,,,,"63.5","86.4","2834","6.5","-41.3","-4.7","8.5","1.4",,,,,,,,,"0.3","92","2471","-0.3","-21.1","10.8","10.8","1.5",,,,,,,,,,,,,,,,,,,,,,,,,,,,,,,,,,,,,,,,,,,,,,,,
"Little, Luke",681432,2026,25,20,0,63.2,30,75,25,0,"L",26.3,"73.7","95.7","2289","5.3","-21.1","8.8","10.6","1.3",,,,,,,,,,,,,,,,,,,,,,,,,"5.3","96.7","2323","15.6","-25.4","4.2","16.1",,,,,,,,,,,,,,,,,,,,,,,,,,"21.1","86.3","2495","-10.1","-34.4","2.7","10.5","1.4",,,,,,,,,,,,,,,,,,,,,,,,
"Gusto, Ryan",687473,2026,27,19.9,6.5,52,20.9,41.4,25.5,5.1,"R",47.2,"28.2","94.3","2406","-4.5","-13.8","16.9","17.6","1.5","9.5","85.3","2408","4.4","-38.5","-1","5.9","1.5","16","87.2","1308","-13","-32.7","3.2","13.6","1.3","6.9","79","2546","7.4","-60.7","-16.5","18.2","1.4","12.8","92.9","2204","-14.8","-23.6","8","16.9","1.2","13.8","89.2","2373","4.8","-25.8","8.2","9.8","1.3",,,,,,,,,,,,,,,,,"12.8","81.9","2537","15.4","-42.2","-1.3","15.6","1.4",,,,,,,,,,,,,,,,,,,,,,,,
"Go, Woo-Suk",808970,2026,27,22.7,9.1,54.7,25,46.7,26.7,0,"R",38.5,"39.5","94.5","2233","-6.9","-15.6","14.9","16.6","1.2","33.7","90.5","2345","1","-28.2","4.9","5.2","1.3",,,,,,,,,"15.1","81.4","2674","10.4","-54.8","-13.4","17.2","1.3",,,,,,,,,,,,,,,,,"11.6","88.8","1267","-9","-28.5","6.2","11.3","1.4",,,,,,,,,,,,,,,,,,,,,,,,,,,,,,,,,,,,,,,,
"Criswell, Jeff",676105,2026,27,16.7,16.7,44.3,27,33.3,25,16.7,"R",33.7,"41.8","95.4","2367","-8.4","-18.7","10.9","13.8","1.4","46.8","87.8","2495","2.2","-32.6","2.2","4.7","1.7","11.4","87.1","2156","-12.7","-31.8","3.8","13.2","1.4",,,,,,,,,,,,,,,,,,,,,,,,,,,,,,,,,,,,,,,,,,,,,,,,,,,,,,,,,,,,,,,,,,,,,,,,
"Bernardino, Brennan",657514,2026,34,17.7,6.7,48.5,22.3,45.5,26,5.2,"L",12.4,"5.7","90.5","2144","8.8","-23.9","9.4","13.2","1.3",,,,,,,,,"7.3","80.5","1469","12.2","-41.7","0.3","12.3","1.8","33.4","77.9","2665","-12.6","-45","0.1","13.1","1.6","40.6","90.2","2193","13.7","-29.9","3.6","14.3","1.2","12","85.9","2330","-0.4","-31.6","5.3","5.7","1.6",,,,,,,,,,,,,,,,,"1.1","79.2","2429","-7.6","-34.2","9.8","12.6","1.5",,,,,,,,,,,,,,,,,,,,,,,,
"Montgomery, Jordan",656756,2026,33,10.5,5.3,45.6,14.7,50,25,6.3,"L",46.6,"13.9","90.4","2279","1.9","-19.5","13.8","14.1","1.4","11.4","84","2365","-5.3","-35.9","2.8","6.1","1.3","16.5","81.9","1532","8.4","-29.6","11.2","14.4","1.3","24.1","78.6","2297","-5.7","-50.6","-6.1","9.6","2.1","34.2","89.5","2140","14.6","-25.3","9","17.3","1.4",,,,,,,,,,,,,,,,,,,,,,,,,,,,,,,,,,,,,,,,,,,,,,,,,,,,,,,,
"Curry, Xzavion",675540,2026,27,14.9,10.4,46.5,20.2,28,36,18,"R",55.8,"33.2","91","2116","-5.5","-14.5","18.5","19.4","1.4","31.1","84.4","2365","5.6","-33.5","4.6","7.5","1.4",,,,,,,,,"11.6","73.4","2542","11.7","-61","-10","15.6","1.3","7.9","90.2","2180","-10.5","-19.1","14.4","17.9","1.5",,,,,,,,,"16.2","84.3","1723","-11.1","-29.1","9.2","14.6","1.4",,,,,,,,,,,,,,,,,,,,,,,,,,,,,,,,,,,,,,,,
"Ureña, Walbert",700712,2026,22,22.2,12.6,45.5,28.2,54.3,22.1,4.3,"R",43.7,"21.7","97.7","2253","-9","-16.1","12.6","15.6","1.7",,,,,,,,,"32.3","90.5","1695","-16.7","-28.3","5.3","17.7","2",,,,,,,,,"30.7","97.7","2166","-15.7","-21.9","6.9","17.2","1.6",,,,,,,,,,,,,,,,,,,,,,,,,"15.3","86.6","2475","8.1","-37.7","-1.1","8.9","2",,,,,,,,,,,,,,,,,,,,,,,,
"Quintana, Jose",500779,2026,37,11,9.4,41.3,21.1,35.7,30.8,10.5,"L",42.1,"29.7","89.7","2142","3.8","-19.3","14.6","15.2","1.2",,,,,,,,,"21","85.1","1353","13.3","-33","4.7","14.4","1.2","15.7","78.9","2208","-4.2","-48.8","-5.2","6.8","1.1","19.4","89.9","2128","13.2","-22.3","11.6","17.7","1.1",,,,,,,,,,,,,,,,,,,,,,,,,,,,,,,,,"14.3","80.3","2281","-6","-42","0.3","6.5","1.3",,,,,,,,,,,,,,,,
"Kittredge, Andrew",552640,2026,36,19.1,7,49.8,23.3,48.3,24.1,3.4,"R",40.9,"11.4","94.4","2480","-1.9","-14.7","16","16.2","1.1","49.6","89.1","2612","5.7","-31.8","2.4","6.5","1.2",,,,,,,,,,,,,,,,,"39","95","2297","-15.6","-20.3","10.1","18.7","0.9",,,,,,,,,,,,,,,,,,,,,,,,,,,,,,,,,,,,,,,,,,,,,,,,,,,,,,,,
"McFarlane, Alex",686934,2026,25,11.1,11.1,42.1,25,57.1,14.3,0,"R",25,"39.5","100.3","2589","-9.3","-13.3","13.8","16.7","1.4","15.8","87.7","2792","5.2","-36.8","-1.6","6.1","1.4",,,,,,,,,,,,,,,,,"26.3","99.9","2492","-16.9","-18.7","8.7","19.1","1.3",,,,,,,,,,,,,,,,,,,,,,,,,"18.4","86.9","2960","13.6","-35","1.1","13.8","1.3",,,,,,,,,,,,,,,,,,,,,,,,
"Detmers, Reid",672282,2026,26,28.2,7.8,49.5,29.3,36.9,30.6,8.9,"L",41.4,"45.3","94.1","2147","9.3","-14.1","17","19.5","1.2","32.4","86.1","2447","-3.5","-40.7","-3.7","5.7","1.5","10","83.7","1635","12.2","-28.4","10.8","16.7","1.9","11","72.3","2517","-11.7","-67.9","-14.7","18.9","1.5","1.3","93.5","2095","14.9","-17.7","13.7","20.3","1.4",,,,,,,,,,,,,,,,,,,,,,,,,,,,,,,,,,,,,,,,,,,,,,,,,,,,,,,,
"Paddack, Chris",663978,2026,30,15,7.1,46.1,21.4,39.3,29.1,5.8,"R",46.3,"34.5","92.9","2209","-7.2","-13.1","18.9","20.3","1.4","0.1","82.3","2078","0.5","-47.3","-7.2","7.2",,"27.2","84.8","1687","-15.2","-32.5","5.7","16.5","1.2","11.3","76.9","2143","7.1","-62.1","-15.3","17","1.5","6.1","92.9","2089","-13.7","-17.3","14.4","20","1.2","13.1","86.4","2017","2.9","-29.5","7","8","1.8",,,,,,,,,,,,,,,,,"7.7","79.3","2321","11.2","-48.1","-4.2","12.2","1.5",,,,,,,,,,,,,,,,,,,,,,,,
"Ross, Joe",605452,2026,33,12.3,10.5,44.9,30,43.2,20.5,15.9,"R",35.1,"20","95.2","2154","-6.5","-16.3","13.9","15.4","1.2","28.8","89.4","1935","2.1","-28.6","5.4","6","1.2",,,,,,,,,"6.3","83.9","2100","1.7","-43.1","-4","4.5","1.4","24.4","95.5","2141","-14.3","-20.2","9.8","17.5","1.3",,,,,,,,,"20.5","90.4","1479","-13.6","-27.6","5.9","15.3","1.3",,,,,,,,,,,,,,,,,,,,,,,,,,,,,,,,,,,,,,,,
"Vásquez, Randy",681190,2026,27,14.6,6.9,51.3,19.1,38.6,29.4,6,"R",33.3,"32","95","2432","-9.5","-14.3","16.1","18.8","1.1","5.8","86.1","2954","6.5","-32.4","4.3","8.5","1.4","7.8","88.5","2031","-18.4","-30.9","4.2","19.1","1.4","10.1","84","3105","10","-41.8","-3.1","10.6","1.2","13.8","95","2388","-16.5","-19.5","11","19.9","1.1","23.8","90.7","2712","2.4","-24.1","9","9.6","1.5",,,,,,,,,,,,,,,,,"6.7","84.4","3099","10.3","-36.8","1.5","10.8","1.3",,,,,,,,,,,,,,,,,,,,,,,,
"Granillo, Andre",701552,2026,26,6,16,44.9,9.5,34.2,36.8,5.3,"R",43.3,"24.7","94.2","2242","-3.1","-14.1","16.8","17.2","1.3","59.6","82.3","2324","4.1","-37.7","2.6","5.9","1.6","2.5","87.7","1962","-15.6","-28.5","7.2","17.3","1.5",,,,,,,,,"13.1","94.4","2274","-12.7","-17.9","12.7","18","1.5",,,,,,,,,,,,,,,,,,,,,,,,,,,,,,,,,,,,,,,,,,,,,,,,,,,,,,,,
"Gamboa, Alec",687941,2026,29,21.1,8.8,54.3,19.8,45,20,10,"L",61.4,"52.3","95.7","2156","3.4","-13","16.8","17.2","1.3","32.2","88.9","2167","-3.5","-32.9","1.5","4.3","1.4","2.5","86.1","1040","7.9","-32.1","4.6","9.2","1.5","1.5","82.5","2094","-7.5","-50.6","-10.2","12.7","1.5","11.6","95.1","1960","12.3","-20.8","9.3","15.5","1.3",,,,,,,,,,,,,,,,,,,,,,,,,,,,,,,,,,,,,,,,,,,,,,,,,,,,,,,,
"Schultz, Paxton",687606,2026,28,20.9,7.8,45.1,18.7,34.6,36.4,6.5,"R",33.6,"33.9","93.6","2249","-8.2","-15.2","16","18.1","0.9","7.2","84.8","2252","5.3","-35.1","2.7","6.3","1.3","14.3","86.7","1693","-7.1","-32.9","3.5","8.2","1.1",,,,,,,,,,,,,,,,,"44.6","88.8","2269","2.3","-25.4","9","9.5","1.3",,,,,,,,,,,,,,,,,,,,,,,,,,,,,,,,,,,,,,,,,,,,,,,,
"May, Dustin",669160,2026,28,23.1,7.9,48.9,23,43.4,23.5,7.3,"R",33.8,"25.9","96.9","2327","-9.8","-14.3","15","18","1.2",,,,,,,,,"7","90.3","1625","-15.9","-29.7","4","16.8","1.4","6.6","83.4","3109","9.3","-55.4","-15.6","18.3","1.5","18","96.6","2370","-17.5","-23.6","5.8","18.6","1.2","23.3","93.3","2454","1.1","-21.9","9.4","9.7","1.2",,,,,,,,,,,,,,,,,"19.1","86","3154","16.1","-41.2","-3.8","16.7","1.2",,,,,,,,,,,,,,,,,,,,,,,,
"Borucki, Ryan",621366,2026,32,14.4,8.7,47.1,28.2,44.9,29.5,6.4,"L",27.6,,,,,,,,,"37.6","86.1","2290","-1.1","-34.2","2.6","3.5","1.2",,,,,,,,,,,,,,,,,"35","93.5","2270","18.3","-23.9","7.4","19.8","1.3","4.7","90.6","2336","5.9","-23.1","9.8","11.6","1.4","13.2","83","1403","13.1","-39","0.6","13.3","1.4",,,,,,,,,"9.5","80.8","2542","-13.5","-43.3","-1.3","13.7","1.4",,,,,,,,,,,,,,,,,,,,,,,,